index,t,x,y,z,yaw_deg,gear,vx,vy,wz
0,121.74,-0.0113,-0.1357,-1.0808,68.95,disable,0.0,0.0,0.0
1,121.958,-0.0113,-0.1356,-1.0807,68.949,disable,0.0,0.0,0.0
2,122.172,-0.0113,-0.1356,-1.0807,68.947,disable,0.0,0.0,0.0
3,122.384,-0.0112,-0.1359,-1.0809,68.949,disable,0.0,0.0,0.0
4,122.594,-0.0112,-0.1359,-1.0808,68.948,disable,0.0,0.0,0.0
5,122.809,-0.0112,-0.1358,-1.0808,68.948,disable,0.0,0.0,0.0
6,123.028,-0.0113,-0.1357,-1.0809,68.95,disable,0.0,0.0,0.0
7,123.239,-0.0113,-0.1357,-1.0808,68.948,disable,0.0,0.0,0.0
8,123.46,-0.0113,-0.1357,-1.0808,68.944,disable,0.0,0.0,0.0
9,123.671,-0.0114,-0.1357,-1.0808,68.941,disable,0.0,0.0,0.0
10,123.881,-0.0113,-0.1356,-1.0807,68.941,disable,0.0,0.0,0.0
11,124.098,-0.0114,-0.1357,-1.0808,68.941,disable,0.0,0.0,0.0
12,124.309,-0.0115,-0.1357,-1.0808,68.941,disable,0.0,0.0,0.0
13,124.519,-0.0114,-0.1357,-1.0807,68.942,disable,0.0,0.0,0.0
14,124.731,-0.0113,-0.1357,-1.0807,68.944,disable,0.0,0.0,0.0
15,124.943,-0.0113,-0.1357,-1.0808,68.945,disable,0.0,0.0,0.0
16,125.154,-0.0113,-0.1357,-1.0808,68.943,disable,0.0,0.0,0.0
17,125.369,-0.0113,-0.1357,-1.0808,68.943,disable,0.0,0.0,0.0
18,125.592,-0.0113,-0.1358,-1.0809,68.943,disable,0.0,0.0,0.0
19,125.802,-0.0102,-0.1328,-1.0808,68.948,disable,0.0,0.0,0.0
20,126.028,-0.0079,-0.1255,-1.0813,68.94,disable,0.0,0.0,0.0
21,126.245,-0.0056,-0.1183,-1.0814,68.932,disable,0.0,0.0,0.0
22,126.458,0.009,-0.0776,-1.0813,68.893,4t4d,0.0,0.0,0.0
23,126.67,0.0141,-0.0638,-1.0813,68.873,4t4d,0.0,0.0,0.0
24,126.881,0.0327,-0.014,-1.0812,68.77,4t4d,0.003,0.0,0.0
25,127.099,0.0459,0.0216,-1.0813,68.69,4t4d,0.029,0.0,0.0
26,127.324,0.0589,0.0566,-1.0814,68.645,4t4d,0.087,0.0,0.0
27,127.536,0.0784,0.1084,-1.0817,68.547,4t4d,0.12,0.0,0.0
28,127.751,0.0849,0.1255,-1.0816,68.527,4t4d,0.121,0.0,0.0
29,127.962,0.1038,0.1751,-1.0813,68.46,4t4d,0.157,0.0,0.0
30,128.172,0.1102,0.1922,-1.0813,68.434,4t4d,0.209,0.0,0.0
31,128.382,0.1294,0.2436,-1.0814,68.334,4t4d,0.185,0.0,0.0
32,128.59,0.1428,0.2786,-1.0822,68.274,4t4d,0.201,0.0,0.0
33,128.8,0.1567,0.3155,-1.0824,68.222,4t4d,0.196,0.0,0.0
34,129.011,0.1709,0.3528,-1.0829,68.177,4t4d,0.194,0.0,0.0
35,129.221,0.1931,0.4107,-1.0851,67.992,4t4d,0.192,0.0,0.0
36,129.43,0.2,0.4275,-1.088,67.587,4t4d,0.191,0.0,0.0
37,129.641,0.2238,0.4788,-1.09,64.944,4t4d,0.189,0.0,0.0
38,129.851,0.2386,0.5073,-1.0933,62.615,4t4d,0.22,0.0,0.0
39,130.067,0.2461,0.5243,-1.0985,61.513,4t4d,0.214,0.0,0.0
40,130.284,0.2683,0.5681,-1.1014,60.545,4t4d,0.23,0.0,0.0
41,130.497,0.2941,0.6134,-1.1052,58.015,4t4d,0.222,0.0,-4.31
42,130.72,0.313,0.6445,-1.1103,57.344,4t4d,0.208,0.0,-9.32
43,130.94,0.3464,0.6986,-1.1178,56.917,4t4d,0.198,0.0,-12.26
44,131.151,0.3562,0.7143,-1.1199,56.884,4t4d,0.202,0.0,-7.56
45,131.372,0.3794,0.7506,-1.1255,56.816,4t4d,0.179,0.0,-3.11
46,131.595,0.4247,0.827,-1.1408,57.096,4t4d,0.223,0.0,-8.17
47,131.813,0.4453,0.8617,-1.1455,58.008,4t4d,0.198,0.0,-3.8
48,132.024,0.4707,0.9058,-1.1523,59.324,4t4d,0.225,0.0,0.0
49,132.231,0.504,0.9698,-1.1631,62.107,4t4d,0.224,0.0,0.0
50,132.443,0.5241,1.0141,-1.1715,64.516,4t4d,0.23,0.0,0.0
51,132.652,0.5336,1.0364,-1.1744,65.625,4t4d,0.205,0.0,0.0
52,132.871,0.5603,1.1044,-1.1798,67.044,4t4d,0.253,0.0,6.27
53,133.085,0.5774,1.1476,-1.1833,67.086,4t4d,0.223,0.0,5.58
54,133.3,0.6027,1.2101,-1.1881,67.118,4t4d,0.224,0.0,9.39
55,133.531,0.6124,1.2337,-1.1891,67.124,4t4d,0.242,0.0,13.96
56,133.76,0.6375,1.2969,-1.1943,67.09,4t4d,0.201,0.0,7.42
57,133.979,0.6539,1.3377,-1.1973,67.082,4t4d,0.244,0.0,4.45
58,134.205,0.6787,1.3995,-1.2007,67.068,4t4d,0.228,0.0,0.0
59,134.42,0.6917,1.4327,-1.2027,67.06,4t4d,0.218,0.0,0.0
60,134.636,0.7115,1.4822,-1.2041,67.069,4t4d,0.222,0.0,0.0
61,134.848,0.7183,1.499,-1.2044,67.085,4t4d,0.186,0.0,0.0
62,135.07,0.739,1.5493,-1.2051,67.081,4t4d,0.208,0.0,0.0
63,135.292,0.7518,1.5815,-1.205,67.104,4t4d,0.228,0.0,0.0
64,135.502,0.7636,1.6113,-1.2033,67.194,4t4d,0.179,0.0,0.0
65,135.717,0.78,1.6515,-1.203,67.071,4t4d,0.167,0.0,0.0
66,135.928,0.7899,1.6769,-1.204,67.031,4t4d,0.168,0.0,0.0
67,136.138,0.8073,1.7208,-1.205,67.008,4t4d,0.183,0.0,0.0
68,136.352,0.8184,1.7485,-1.2064,67.059,4t4d,0.191,0.0,0.0
69,136.563,0.8292,1.7748,-1.2068,67.031,4t4d,0.193,0.0,0.0
70,136.792,0.835,1.7892,-1.2073,66.965,4t4d,0.207,0.0,0.0
71,137.001,0.8575,1.8462,-1.2075,66.979,4t4d,0.141,0.0,0.0
72,137.218,0.8681,1.8725,-1.208,66.932,4t4d,0.143,0.0,0.0
73,137.428,0.8783,1.8975,-1.2073,66.925,4t4d,0.158,0.0,0.0
74,137.637,0.8887,1.9225,-1.2077,67.043,4t4d,0.146,0.0,0.0
75,137.847,0.8996,1.9495,-1.2076,67.033,4t4d,0.152,0.0,0.0
76,138.062,0.9096,1.9729,-1.2067,67.09,4t4d,0.16,0.0,0.0
77,138.277,0.9299,2.0216,-1.2058,67.102,4t4d,0.147,0.0,0.0
78,138.491,0.9361,2.0365,-1.2053,67.012,4t4d,0.147,0.0,0.0
79,138.725,0.95,2.0708,-1.2059,67.014,4t4d,0.141,0.0,0.0
80,138.937,0.9717,2.1224,-1.2067,66.938,4t4d,0.173,0.0,0.0
81,139.146,0.9844,2.1539,-1.2073,66.893,4t4d,0.124,0.0,0.0
82,139.363,0.9978,2.1866,-1.2092,66.863,4t4d,0.174,0.0,0.0
83,139.574,1.0251,2.263,-1.219,66.834,4t4d,0.153,0.0,0.0
84,139.798,1.0453,2.3127,-1.2198,66.841,4t4d,0.187,0.0,0.0
85,140.01,1.0542,2.3393,-1.2175,67.028,4t4d,0.201,0.0,0.0
86,140.225,1.077,2.3954,-1.2188,66.993,4t4d,0.188,0.0,0.0
87,140.436,1.0884,2.4266,-1.2182,67.099,4t4d,0.209,0.0,0.0
88,140.645,1.1028,2.4607,-1.2185,67.064,4t4d,0.189,0.0,0.0
89,140.855,1.1165,2.4937,-1.2182,67.043,4t4d,0.199,0.0,0.0
90,141.066,1.1305,2.5279,-1.2189,66.994,4t4d,0.202,0.0,0.0
91,141.275,1.1429,2.5594,-1.2189,66.916,4t4d,0.198,0.0,0.0
92,141.496,1.1637,2.611,-1.2175,66.917,4t4d,0.133,0.0,0.0
93,141.72,1.1773,2.646,-1.2173,67.194,4t4d,0.188,0.0,0.0
94,141.938,1.1901,2.6803,-1.2172,67.665,4t4d,0.177,0.0,0.0
95,142.153,1.2051,2.7187,-1.2185,67.773,4t4d,0.189,0.0,0.0
96,142.37,1.2235,2.7665,-1.2179,67.833,4t4d,0.159,0.0,0.0
97,142.586,1.2374,2.8026,-1.2179,67.831,4t4d,0.161,0.0,0.0
98,142.815,1.2505,2.8363,-1.2184,67.837,4t4d,0.194,0.0,0.0
99,143.037,1.2648,2.8731,-1.2197,67.998,4t4d,0.183,0.0,3.3
100,143.252,1.2777,2.907,-1.2197,68.438,4t4d,0.188,0.0,0.0
101,143.465,1.2976,2.9596,-1.2197,68.543,4t4d,0.183,0.0,0.0
102,143.678,1.311,2.9962,-1.2199,68.612,4t4d,0.179,0.0,0.0
103,143.888,1.3239,3.0315,-1.2194,68.65,4t4d,0.181,0.0,0.0
104,144.099,1.337,3.067,-1.2194,68.724,4t4d,0.204,0.0,0.0
105,144.314,1.3562,3.1193,-1.2191,68.631,4t4d,0.186,0.0,0.0
106,144.528,1.3686,3.1524,-1.2208,68.566,4t4d,0.191,0.0,0.0
107,144.738,1.3828,3.1905,-1.2208,68.577,4t4d,0.198,0.0,0.0
108,144.954,1.3955,3.2251,-1.221,68.549,4t4d,0.167,0.0,0.0
109,145.165,1.4088,3.2613,-1.221,68.544,4t4d,0.187,0.0,0.0
110,145.374,1.421,3.2958,-1.2203,68.542,4t4d,0.174,0.0,0.0
111,145.583,1.4404,3.3488,-1.2212,68.536,4t4d,0.186,0.0,0.0
112,145.798,1.4536,3.3839,-1.221,68.544,4t4d,0.197,0.0,0.0
113,146.025,1.4664,3.4183,-1.2208,68.556,4t4d,0.195,0.0,0.0
114,146.238,1.4732,3.4357,-1.2208,68.557,4t4d,0.198,0.0,0.0
115,146.451,1.4994,3.5043,-1.2208,68.637,4t4d,0.17,0.0,0.0
116,146.668,1.5116,3.5377,-1.22,68.599,4t4d,0.185,0.0,0.0
117,146.881,1.5238,3.5706,-1.2198,68.581,4t4d,0.188,0.0,0.0
118,147.091,1.5361,3.6049,-1.2193,68.587,4t4d,0.185,0.0,0.0
119,147.302,1.5481,3.6377,-1.2193,68.602,4t4d,0.19,0.0,0.0
120,147.515,1.5607,3.671,-1.2191,68.532,4t4d,0.184,0.0,0.0
121,147.725,1.5742,3.707,-1.2192,68.593,4t4d,0.213,0.0,0.0
122,147.938,1.5856,3.7377,-1.2195,68.497,4t4d,0.208,0.0,0.0
123,148.152,1.5985,3.7721,-1.2199,68.466,4t4d,0.174,0.0,0.0
124,148.37,1.6188,3.8255,-1.2206,68.426,4t4d,0.171,0.0,0.0
125,148.588,1.6312,3.8586,-1.2204,68.396,4t4d,0.158,0.0,0.0
126,148.802,1.6492,3.9074,-1.2209,68.409,4t4d,0.177,0.0,0.0
127,149.019,1.6617,3.9402,-1.2217,68.323,4t4d,0.18,0.0,0.0
128,149.231,1.6676,3.9556,-1.2215,68.273,4t4d,0.181,0.0,0.0
129,149.445,1.6855,4.0029,-1.2218,68.201,4t4d,0.195,0.0,0.0
130,149.658,1.6979,4.0349,-1.2229,68.305,4t4d,0.186,0.0,0.0
131,149.868,1.7092,4.0647,-1.2244,68.334,4t4d,0.18,0.0,0.0
132,150.083,1.7267,4.1105,-1.2247,68.3,4t4d,0.183,0.0,0.0
133,150.294,1.7331,4.1268,-1.2248,68.297,4t4d,0.168,0.0,0.0
134,150.523,1.7519,4.175,-1.2254,68.269,4t4d,0.169,0.0,0.0
135,150.728,1.7581,4.1906,-1.2259,68.26,4t4d,0.15,0.0,0.0
136,150.944,1.7763,4.2371,-1.2268,68.153,4t4d,0.182,0.0,0.0
137,151.154,1.7953,4.2858,-1.2263,68.121,4t4d,0.145,0.0,0.0
138,151.364,1.8082,4.3186,-1.2257,68.107,4t4d,0.175,0.0,0.0
139,151.576,1.821,4.3513,-1.2252,68.078,4t4d,0.176,0.0,0.0
140,151.789,1.8347,4.386,-1.2246,68.04,4t4d,0.155,0.0,0.0
141,151.999,1.8476,4.4202,-1.2238,68.085,4t4d,0.191,0.0,0.0
142,152.211,1.8603,4.4528,-1.2237,68.015,4t4d,0.176,0.0,0.0
143,152.429,1.8733,4.4855,-1.2238,67.986,4t4d,0.178,0.0,0.0
144,152.641,1.8865,4.5208,-1.2234,68.133,4t4d,0.174,0.0,0.0
145,152.859,1.9064,4.5729,-1.2241,68.24,4t4d,0.181,0.0,0.0
146,153.069,1.9185,4.6052,-1.2238,68.456,4t4d,0.191,0.0,0.0
147,153.284,1.9368,4.6543,-1.2235,68.724,4t4d,0.177,0.0,0.0
148,153.494,1.9495,4.6867,-1.2236,68.724,4t4d,0.175,0.0,0.0
149,153.714,1.955,4.7013,-1.2233,68.738,4t4d,0.178,0.0,0.0
150,153.939,1.9696,4.7423,-1.2225,68.745,4t4d,0.19,0.0,0.0
151,154.156,1.9791,4.7686,-1.2215,68.67,4t4d,0.168,0.0,0.0
152,154.367,1.9947,4.8113,-1.2202,68.763,4t4d,0.192,0.0,0.0
153,154.583,2.0066,4.8426,-1.2205,68.603,4t4d,0.192,0.0,0.0
154,154.799,2.0172,4.8699,-1.221,68.558,4t4d,0.159,0.0,0.0
155,155.01,2.0297,4.9024,-1.2213,68.539,4t4d,0.141,0.0,0.0
156,155.219,2.0416,4.9337,-1.221,68.566,4t4d,0.15,0.0,0.0
157,155.434,2.0538,4.966,-1.2211,68.619,4t4d,0.158,0.0,0.0
158,155.644,2.0641,4.9941,-1.2229,68.562,4t4d,0.151,0.0,0.0
159,155.856,2.0774,5.0292,-1.2225,68.717,4t4d,0.148,0.0,0.0
160,156.067,2.0942,5.0763,-1.2226,68.722,4t4d,0.191,0.0,0.0
161,156.277,2.1064,5.1089,-1.2225,68.739,4t4d,0.169,0.0,0.0
162,156.485,2.1171,5.1376,-1.222,68.488,4t4d,0.165,0.0,0.0
163,156.694,2.1293,5.1687,-1.2225,68.31,4t4d,0.174,0.0,0.0
164,156.905,2.1481,5.2164,-1.2225,68.255,4t4d,0.128,0.0,0.0
165,157.117,2.1543,5.2318,-1.2226,68.2,4t4d,0.163,0.0,0.0
166,157.331,2.1663,5.2621,-1.2231,68.145,4t4d,0.182,0.0,0.0
167,157.559,2.1839,5.3066,-1.2234,68.1,4t4d,0.165,0.0,0.0
168,157.77,2.1962,5.3373,-1.224,68.01,4t4d,0.161,0.0,0.0
169,157.981,2.2127,5.38,-1.2238,67.903,4t4d,0.162,0.0,0.0
170,158.19,2.2245,5.4095,-1.2235,67.864,4t4d,0.164,0.0,0.0
171,158.401,2.2341,5.4339,-1.2233,67.807,4t4d,0.165,0.0,0.0
172,158.617,2.2433,5.4564,-1.2228,67.754,4t4d,0.166,0.0,0.0
173,158.83,2.2565,5.4897,-1.2227,67.686,4t4d,0.142,0.0,0.0
174,159.049,2.2608,5.5008,-1.2228,67.74,4t4d,0.174,0.0,0.0
175,159.253,2.2753,5.5379,-1.2226,67.792,4t4d,0.158,0.0,0.0
176,159.461,2.2857,5.5637,-1.222,67.694,4t4d,0.118,0.0,0.0
177,159.678,2.2967,5.5914,-1.2221,67.633,4t4d,0.115,0.0,0.0
178,159.894,2.308,5.6211,-1.2222,67.585,4t4d,0.111,0.0,0.0
179,160.115,2.3187,5.6493,-1.2215,67.568,4t4d,0.109,0.0,0.0
180,160.319,2.3372,5.6963,-1.2215,67.498,4t4d,0.119,0.0,0.0
181,160.536,2.3492,5.7262,-1.2218,67.464,4t4d,0.138,0.0,0.0
182,160.752,2.361,5.7555,-1.2217,67.464,4t4d,0.177,0.0,0.0
183,160.971,2.3738,5.7874,-1.2215,67.461,4t4d,0.176,0.0,0.0
184,161.187,2.3871,5.8188,-1.2216,67.451,4t4d,0.176,0.0,0.0
185,161.402,2.4062,5.8657,-1.2213,67.5,4t4d,0.2,0.0,0.0
186,161.627,2.4181,5.8966,-1.221,67.511,4t4d,0.173,0.0,0.0
187,161.842,2.4316,5.9306,-1.2209,67.489,4t4d,0.16,0.0,0.0
188,162.053,2.446,5.9667,-1.2221,67.491,4t4d,0.178,0.0,0.0
189,162.267,2.4668,6.0195,-1.2229,67.456,4t4d,0.181,0.0,0.0
190,162.481,2.4808,6.054,-1.2232,67.351,4t4d,0.167,0.0,0.0
191,162.695,2.4872,6.07,-1.2232,67.343,4t4d,0.173,0.0,0.0
192,162.91,2.5084,6.1214,-1.2226,67.207,4t4d,0.19,0.0,0.0
193,163.123,2.5228,6.1573,-1.2229,67.204,4t4d,0.184,0.0,0.0
194,163.336,2.5441,6.2095,-1.2232,67.044,4t4d,0.189,0.0,0.0
195,163.547,2.5572,6.241,-1.2238,66.666,4t4d,0.205,0.0,0.0
196,163.757,2.5717,6.2768,-1.2244,66.518,4t4d,0.168,0.0,0.0
197,163.972,2.5865,6.311,-1.2246,66.456,4t4d,0.171,0.0,0.0
198,164.181,2.6095,6.3624,-1.2256,66.394,4t4d,0.199,0.0,0.0
199,164.391,2.6248,6.3972,-1.2257,66.331,4t4d,0.182,0.0,0.0
200,164.607,2.6329,6.4158,-1.2259,66.351,4t4d,0.189,0.0,0.0
201,164.819,2.6559,6.4699,-1.2268,66.325,4t4d,0.182,0.0,0.0
202,165.025,2.6717,6.5075,-1.2268,66.36,4t4d,0.189,0.0,0.0
203,165.238,2.6871,6.5443,-1.2266,66.4,4t4d,0.185,0.0,0.0
204,165.45,2.702,6.5786,-1.2268,66.417,4t4d,0.203,0.0,0.0
205,165.663,2.7241,6.6317,-1.2265,66.733,4t4d,0.201,0.0,0.0
206,165.873,2.7378,6.6654,-1.226,66.908,4t4d,0.205,0.0,0.0
207,166.084,2.7524,6.7002,-1.2257,67.052,4t4d,0.185,0.0,0.0
208,166.297,2.7674,6.7384,-1.2246,67.591,4t4d,0.204,0.0,0.0
209,166.513,2.7812,6.7726,-1.2241,67.716,4t4d,0.189,0.0,0.0
210,166.726,2.8015,6.824,-1.2236,67.654,4t4d,0.195,0.0,0.0
211,166.941,2.8086,6.8426,-1.2233,67.68,4t4d,0.205,0.0,0.0
212,167.164,2.8301,6.8958,-1.2227,67.638,4t4d,0.188,0.0,0.0
213,167.387,2.8376,6.9147,-1.2221,67.569,4t4d,0.179,0.0,3.11
214,167.604,2.859,6.9675,-1.2225,67.596,4t4d,0.194,0.0,0.0
215,167.829,2.8822,7.0247,-1.2239,67.624,4t4d,0.217,0.0,0.0
216,168.036,2.8955,7.0592,-1.2239,67.766,4t4d,0.193,0.0,0.0
217,168.268,2.9093,7.0957,-1.224,67.668,4t4d,0.2,0.0,0.0
218,168.478,2.9231,7.1326,-1.2255,67.643,4t4d,0.2,0.0,0.0
219,168.691,2.9429,7.1835,-1.2264,67.679,4t4d,0.199,0.0,0.0
220,168.903,2.958,7.2211,-1.2257,67.717,4t4d,0.208,0.0,0.0
221,169.12,2.9717,7.2554,-1.2259,67.702,4t4d,0.203,0.0,0.0
222,169.334,2.9781,7.271,-1.2263,67.682,4t4d,0.188,0.0,0.0
223,169.548,2.9986,7.3211,-1.2273,67.714,4t4d,0.198,0.0,0.0
224,169.759,3.0138,7.3577,-1.228,67.745,4t4d,0.181,0.0,0.0
225,169.986,3.0332,7.4069,-1.2281,67.777,4t4d,0.204,0.0,0.0
226,170.199,3.0382,7.42,-1.2277,67.717,4t4d,0.196,0.0,0.0
227,170.411,3.0582,7.4731,-1.2267,67.756,4t4d,0.196,0.0,0.0
228,170.621,3.0717,7.509,-1.2271,67.791,4t4d,0.179,0.0,0.0
229,170.833,3.093,7.5637,-1.2268,68.111,4t4d,0.193,0.0,0.0
230,171.044,3.1056,7.5957,-1.2268,68.155,4t4d,0.196,0.0,0.0
231,171.26,3.1186,7.6309,-1.2262,68.315,4t4d,0.16,0.0,0.0
232,171.474,3.1316,7.6642,-1.226,68.346,4t4d,0.178,0.0,0.0
233,171.698,3.144,7.6984,-1.2258,68.341,4t4d,0.194,0.0,0.0
234,171.921,3.1634,7.7515,-1.226,68.883,4t4d,0.18,0.0,0.0
235,172.136,3.1769,7.7879,-1.227,68.927,4t4d,0.191,0.0,0.0
236,172.35,3.1895,7.8216,-1.2272,68.887,4t4d,0.193,0.0,0.0
237,172.564,3.203,7.8582,-1.2275,68.895,4t4d,0.187,0.0,0.0
238,172.773,3.2163,7.8938,-1.2282,68.829,4t4d,0.184,0.0,0.0
239,172.995,3.2354,7.9486,-1.2287,68.918,4t4d,0.202,0.0,3.2
240,173.213,3.2472,7.9816,-1.2299,68.92,4t4d,0.193,0.0,0.0
241,173.434,3.2599,8.0168,-1.2307,68.956,4t4d,0.187,0.0,0.0
242,173.65,3.2787,8.0675,-1.2306,68.978,4t4d,0.198,0.0,0.0
243,173.859,3.2906,8.1003,-1.2313,68.982,4t4d,0.19,0.0,0.0
244,174.07,3.2972,8.1178,-1.2313,68.98,4t4d,0.187,0.0,0.0
245,174.283,3.3167,8.1683,-1.2316,68.965,4t4d,0.194,0.0,0.0
246,174.513,3.3238,8.1871,-1.2315,68.933,4t4d,0.19,0.0,0.0
247,174.727,3.3446,8.2431,-1.2323,69.01,4t4d,0.175,0.0,0.0
248,174.937,3.3653,8.3027,-1.2321,68.978,4t4d,0.176,0.0,0.0
249,175.146,3.3778,8.3361,-1.2325,69.028,4t4d,0.209,0.0,0.0
250,175.353,3.3906,8.3711,-1.2321,69.003,4t4d,0.177,0.0,0.0
251,175.57,3.4046,8.4082,-1.2315,69.026,4t4d,0.198,0.0,0.0
252,175.785,3.4257,8.4636,-1.2307,69.049,4t4d,0.19,0.0,0.0
253,175.992,3.4323,8.4816,-1.2305,69.057,4t4d,0.201,0.0,0.0
254,176.202,3.4512,8.5328,-1.2298,68.995,4t4d,0.181,0.0,0.0
255,176.415,3.4645,8.5691,-1.2301,69.005,4t4d,0.201,0.0,0.0
256,176.626,3.476,8.601,-1.2308,68.982,4t4d,0.183,0.0,0.0
257,176.839,3.482,8.617,-1.2311,68.958,4t4d,0.204,0.0,0.0
258,177.05,3.5009,8.6673,-1.2323,68.867,4t4d,0.177,0.0,0.0
259,177.26,3.5132,8.7006,-1.2326,68.778,4t4d,0.196,0.0,0.0
260,177.469,3.5261,8.7343,-1.234,68.754,4t4d,0.177,0.0,0.0
261,177.7,3.5446,8.7848,-1.2338,68.687,4t4d,0.181,0.0,0.0
262,177.91,3.5582,8.8191,-1.2337,68.664,4t4d,0.184,0.0,0.0
263,178.129,3.5703,8.8522,-1.2333,68.652,4t4d,0.174,0.0,0.0
264,178.339,3.5833,8.8864,-1.2328,68.691,4t4d,0.2,0.0,0.0
265,178.552,3.6029,8.9379,-1.233,68.644,4t4d,0.177,0.0,0.0
266,178.762,3.61,8.9561,-1.2333,68.63,4t4d,0.196,0.0,0.0
267,178.973,3.6298,9.0066,-1.2347,68.632,4t4d,0.169,0.0,0.0
268,179.188,3.636,9.0229,-1.2349,68.617,4t4d,0.174,0.0,0.0
269,179.403,3.6551,9.0744,-1.2364,68.554,4t4d,0.186,0.0,0.0
270,179.626,3.6682,9.1091,-1.2375,68.456,4t4d,0.164,0.0,0.0
271,179.838,3.6879,9.1595,-1.2377,68.334,4t4d,0.152,0.0,0.0
272,180.051,3.7008,9.1934,-1.2375,68.38,4t4d,0.199,0.0,0.0
273,180.258,3.7191,9.2419,-1.238,68.437,4t4d,0.176,0.0,0.0
274,180.463,3.7258,9.2603,-1.2381,68.451,4t4d,0.17,0.0,0.0
275,180.672,3.7404,9.2969,-1.2382,68.445,4t4d,0.183,0.0,0.0
276,180.881,3.7592,9.3483,-1.2382,68.38,4t4d,0.193,0.0,0.0
277,181.117,3.7722,9.3837,-1.2382,68.284,4t4d,0.176,0.0,0.0
278,181.328,3.7853,9.4177,-1.2385,68.084,4t4d,0.181,0.0,0.0
279,181.54,3.7984,9.4503,-1.2385,67.935,4t4d,0.161,0.0,0.0
280,181.749,3.8194,9.5018,-1.2381,67.818,4t4d,0.159,0.0,0.0
281,181.965,3.8321,9.5359,-1.2389,67.786,4t4d,0.191,0.0,0.0
282,182.178,3.8447,9.5684,-1.2395,67.634,4t4d,0.181,0.0,0.0
283,182.405,3.8574,9.6003,-1.2405,67.359,4t4d,0.189,0.0,0.0
284,182.616,3.8709,9.6329,-1.2411,67.29,4t4d,0.171,0.0,0.0
285,182.827,3.8887,9.679,-1.2426,67.228,4t4d,0.169,0.0,0.0
286,183.039,3.9031,9.7153,-1.2427,67.057,4t4d,0.185,0.0,0.0
287,183.249,3.917,9.7493,-1.2426,66.677,4t4d,0.185,0.0,0.0
288,183.461,3.9301,9.7819,-1.2428,66.634,4t4d,0.185,0.0,0.0
289,183.672,3.9433,9.8133,-1.242,66.69,4t4d,0.166,0.0,0.0
290,183.884,3.958,9.8473,-1.2407,66.454,4t4d,0.178,0.0,0.0
291,184.114,3.9799,9.8991,-1.2402,66.515,4t4d,0.198,0.0,0.0
292,184.333,3.9952,9.9351,-1.2408,66.478,4t4d,0.19,0.0,0.0
293,184.543,4.0095,9.969,-1.2413,66.439,4t4d,0.169,0.0,0.0
294,184.754,4.0234,10.0012,-1.2424,66.248,4t4d,0.186,0.0,0.0
295,184.964,4.0455,10.0534,-1.2428,66.167,4t4d,0.199,0.0,0.0
296,185.176,4.0599,10.0861,-1.2429,66.096,4t4d,0.184,0.0,0.0
297,185.389,4.0741,10.119,-1.2429,66.055,4t4d,0.176,0.0,0.0
298,185.596,4.0883,10.1523,-1.2428,66.021,4t4d,0.169,0.0,0.0
299,185.812,4.1013,10.1834,-1.2425,66.036,4t4d,0.182,0.0,0.0
300,186.026,4.1154,10.2177,-1.2429,66.346,4t4d,0.208,0.0,0.0
301,186.235,4.1358,10.2674,-1.2423,66.461,4t4d,0.161,0.0,0.0
302,186.444,4.1426,10.2847,-1.2422,66.488,4t4d,0.161,0.0,0.0
303,186.654,4.1639,10.3357,-1.2422,66.486,4t4d,0.182,0.0,0.0
304,186.867,4.1776,10.3688,-1.2422,66.449,4t4d,0.167,0.0,0.0
305,187.075,4.1917,10.403,-1.2416,66.839,4t4d,0.192,0.0,0.0
306,187.286,4.2059,10.438,-1.2414,67.214,4t4d,0.167,0.0,0.0
307,187.497,4.2188,10.47,-1.242,67.178,4t4d,0.175,0.0,0.0
308,187.717,4.2389,10.5207,-1.2422,67.447,4t4d,0.192,0.0,0.0
309,187.927,4.2521,10.5534,-1.2426,67.478,4t4d,0.191,0.0,0.0
310,188.138,4.2592,10.5708,-1.2421,67.436,4t4d,0.204,0.0,0.0
311,188.349,4.2796,10.6221,-1.2406,67.463,4t4d,0.193,0.0,0.0
312,188.557,4.2927,10.6538,-1.2412,67.422,4t4d,0.181,0.0,0.0
313,188.772,4.3132,10.7065,-1.2414,67.401,4t4d,0.189,0.0,0.0
314,188.986,4.3272,10.7429,-1.2423,67.594,4t4d,0.182,0.0,0.0
315,189.198,4.3415,10.78,-1.2414,67.646,4t4d,0.186,0.0,0.0
316,189.433,4.3546,10.8139,-1.2417,67.715,4t4d,0.201,0.0,0.0
317,189.644,4.3749,10.8663,-1.2422,68.286,4t4d,0.179,0.0,0.0
318,189.856,4.3873,10.8988,-1.2423,68.322,4t4d,0.191,0.0,0.0
319,190.063,4.393,10.9135,-1.242,68.358,4t4d,0.2,0.0,0.0
320,190.271,4.4117,10.9651,-1.2421,68.378,4t4d,0.185,0.0,0.0
321,190.484,4.4243,10.9986,-1.2426,68.371,4t4d,0.197,0.0,0.0
322,190.694,4.4368,11.0321,-1.2425,68.369,4t4d,0.202,0.0,0.0
323,190.931,4.4555,11.0801,-1.2428,68.351,4t4d,0.167,0.0,0.0
324,191.142,4.4666,11.1101,-1.2422,68.28,4t4d,0.169,0.0,0.0
325,191.351,4.4789,11.1421,-1.2426,68.252,4t4d,0.202,0.0,0.0
326,191.559,4.4918,11.1765,-1.2421,68.212,4t4d,0.19,0.0,0.0
327,191.766,4.5035,11.2086,-1.2424,68.189,4t4d,0.16,0.0,0.0
328,191.974,4.5159,11.2423,-1.2429,68.169,4t4d,0.176,0.0,0.0
329,192.187,4.5339,11.2917,-1.2434,68.212,4t4d,0.181,0.0,0.0
330,192.398,4.5434,11.3177,-1.2433,68.198,4t4d,0.203,0.0,0.0
331,192.608,4.5521,11.3415,-1.2424,68.268,4t4d,0.173,0.0,0.0
332,192.827,4.5611,11.3652,-1.2427,68.252,4t4d,0.18,0.0,0.0
333,193.038,4.5697,11.3883,-1.2432,68.238,4t4d,0.184,0.0,0.0
334,193.248,4.5776,11.4088,-1.2432,68.269,4t4d,0.2,0.0,0.0
335,193.459,4.5871,11.4329,-1.243,68.299,4t4d,0.155,0.0,0.0
336,193.669,4.6003,11.4665,-1.2436,68.377,4t4d,0.11,0.0,0.0
337,193.88,4.6095,11.491,-1.2433,68.385,4t4d,0.143,0.0,0.0
338,194.094,4.6194,11.5172,-1.2436,68.383,4t4d,0.128,0.0,0.0
339,194.305,4.6288,11.5419,-1.2432,68.44,4t4d,0.115,0.0,0.0
340,194.516,4.6433,11.58,-1.243,68.425,4t4d,0.136,0.0,0.0
341,194.732,4.6522,11.6031,-1.243,68.453,4t4d,0.116,0.0,0.0
342,194.944,4.6606,11.6249,-1.243,68.447,4t4d,0.143,0.0,0.0
343,195.151,4.6693,11.6478,-1.2433,68.322,4t4d,0.141,0.0,0.0
344,195.359,4.6732,11.6586,-1.2437,68.292,4t4d,0.142,0.0,0.0
345,195.568,4.6837,11.688,-1.2436,68.267,4t4d,0.144,0.0,0.0
346,195.778,4.6915,11.7096,-1.2424,68.234,4t4d,0.126,0.0,0.0
347,195.989,4.7047,11.7423,-1.2427,67.396,4t4d,0.12,0.0,0.0
348,196.201,4.7094,11.7534,-1.2429,67.06,4t4d,0.124,0.0,0.0
349,196.414,4.7234,11.7869,-1.2429,66.8,4t4d,0.093,0.0,0.0
350,196.629,4.7332,11.8106,-1.2429,66.742,4t4d,0.126,0.0,0.0
351,196.845,4.7426,11.8338,-1.2431,66.793,4t4d,0.086,0.0,0.0
352,197.061,4.757,11.871,-1.2427,67.249,4t4d,0.105,0.0,0.0
353,197.273,4.7663,11.8956,-1.2439,67.278,4t4d,0.138,0.0,-3.72
354,197.488,4.7753,11.9198,-1.2433,67.269,4t4d,0.132,0.0,0.0
355,197.701,4.7805,11.9332,-1.2434,67.281,4t4d,0.116,0.0,0.0
356,197.911,4.8013,11.983,-1.2432,67.292,4t4d,0.128,0.0,0.0
357,198.121,4.8121,12.0085,-1.2432,67.287,4t4d,0.137,0.0,0.0
358,198.337,4.8168,12.0204,-1.2428,67.287,4t4d,0.123,0.0,0.0
359,198.548,4.8327,12.0603,-1.2429,67.302,4t4d,0.096,0.0,0.0
360,198.757,4.8383,12.075,-1.2429,67.327,4t4d,0.131,0.0,0.0
361,198.972,4.8534,12.1166,-1.2433,67.818,4t4d,0.154,0.0,0.0
362,199.181,4.8707,12.1597,-1.2435,67.823,4t4d,0.148,0.0,0.0
363,199.392,4.8817,12.1876,-1.244,67.822,4t4d,0.142,0.0,0.0
364,199.604,4.8934,12.2166,-1.2452,67.813,4t4d,0.154,0.0,0.0
365,199.813,4.9046,12.2453,-1.246,67.819,4t4d,0.162,0.0,0.0
366,200.026,4.914,12.2715,-1.2451,67.781,4t4d,0.156,0.0,0.0
367,200.238,4.9247,12.2995,-1.2457,67.834,4t4d,0.153,0.0,0.0
368,200.451,4.9352,12.3278,-1.2448,67.759,4t4d,0.154,0.0,0.0
369,200.661,4.9519,12.3693,-1.2439,67.81,4t4d,0.153,0.0,0.0
370,200.871,4.9637,12.3994,-1.2443,67.842,4t4d,0.126,0.0,0.0
371,201.085,4.969,12.4134,-1.2443,67.876,4t4d,0.153,0.0,0.0
372,201.3,4.9847,12.456,-1.245,68.239,4t4d,0.156,0.0,0.0
373,201.52,4.9957,12.4857,-1.2458,68.309,4t4d,0.143,0.0,0.0
374,201.742,5.0125,12.5299,-1.2463,68.303,4t4d,0.155,0.0,0.0
375,201.952,5.0241,12.5608,-1.2467,68.297,4t4d,0.163,0.0,0.0
376,202.165,5.0345,12.5884,-1.2468,68.363,4t4d,0.153,0.0,0.0
377,202.383,5.0455,12.6183,-1.2466,68.325,4t4d,0.163,0.0,0.0
378,202.593,5.0567,12.6484,-1.2457,68.33,4t4d,0.173,0.0,0.0
379,202.807,5.0743,12.693,-1.2452,68.328,4t4d,0.174,0.0,0.0
380,203.029,5.0868,12.7247,-1.2445,68.332,4t4d,0.165,0.0,0.0
381,203.251,5.1002,12.7598,-1.2443,68.341,4t4d,0.186,0.0,0.0
382,203.471,5.1131,12.7937,-1.2447,68.34,4t4d,0.183,0.0,0.0
383,203.684,5.1266,12.8292,-1.2451,68.351,4t4d,0.179,0.0,0.0
384,203.9,5.1456,12.8782,-1.2455,67.47,4t4d,0.14,0.0,0.0
385,204.118,5.1593,12.9095,-1.2464,66.611,4t4d,0.179,0.0,0.0
386,204.334,5.174,12.9443,-1.2468,66.471,4t4d,0.184,0.0,0.0
387,204.549,5.1949,12.9921,-1.2475,66.396,4t4d,0.168,0.0,0.0
388,204.761,5.2103,13.0267,-1.2471,66.379,4t4d,0.185,0.0,0.0
389,204.974,5.225,13.0598,-1.2472,66.378,4t4d,0.163,0.0,-4.01
390,205.184,5.2391,13.093,-1.2473,66.367,4t4d,0.202,0.0,-5.8
391,205.397,5.2535,13.1269,-1.2473,66.39,4t4d,0.186,0.0,0.0
392,205.607,5.2677,13.1613,-1.2479,66.357,4t4d,0.17,0.0,0.0
393,205.821,5.2819,13.1948,-1.2485,66.377,4t4d,0.186,0.0,0.0
394,206.046,5.3043,13.2471,-1.2488,66.35,4t4d,0.178,0.0,0.0
395,206.27,5.3189,13.2813,-1.2493,66.381,4t4d,0.201,0.0,0.0
396,206.474,5.3334,13.3153,-1.25,66.282,4t4d,0.195,0.0,0.0
397,206.683,5.3556,13.368,-1.25,66.319,4t4d,0.188,0.0,0.0
398,206.893,5.3699,13.4046,-1.2497,66.929,4t4d,0.19,0.0,0.0
399,207.106,5.3838,13.4407,-1.2492,67.157,4t4d,0.191,0.0,0.0
400,207.317,5.3973,13.4761,-1.2489,67.148,4t4d,0.181,0.0,0.0
401,207.529,5.412,13.5124,-1.2483,67.098,4t4d,0.192,0.0,0.0
402,207.758,5.4261,13.5451,-1.2477,66.885,4t4d,0.203,0.0,0.0
403,207.966,5.4409,13.581,-1.2473,66.735,4t4d,0.194,0.0,0.0
404,208.175,5.4624,13.6317,-1.2466,66.608,4t4d,0.189,0.0,0.0
405,208.386,5.4697,13.6489,-1.2467,66.529,4t4d,0.193,0.0,0.0
406,208.598,5.4844,13.6833,-1.2478,66.508,4t4d,0.159,0.0,0.0
407,208.809,5.5071,13.7365,-1.2479,66.952,4t4d,0.195,0.0,0.0
408,209.02,5.5227,13.7758,-1.2473,67.013,4t4d,0.2,0.0,0.0
409,209.231,5.5377,13.8124,-1.2472,67.037,4t4d,0.178,0.0,0.0
410,209.447,5.559,13.866,-1.2468,67.181,4t4d,0.192,0.0,0.0
411,209.671,5.5736,13.9018,-1.2478,67.206,4t4d,0.199,0.0,0.0
412,209.876,5.5899,13.94,-1.2476,67.266,4t4d,0.191,0.0,0.0
413,210.083,5.6056,13.9783,-1.2477,67.305,4t4d,0.218,0.0,0.0
414,210.295,5.6209,14.016,-1.2481,67.327,4t4d,0.194,0.0,0.0
415,210.506,5.6436,14.0715,-1.2494,67.443,4t4d,0.195,0.0,0.0
416,210.718,5.6594,14.1092,-1.2499,67.607,4t4d,0.201,0.0,0.0
417,210.93,5.668,14.1297,-1.2499,67.547,4t4d,0.196,0.0,0.0
418,211.144,5.6905,14.1874,-1.2493,67.785,4t4d,0.207,0.0,0.0
419,211.367,5.7053,14.2251,-1.2494,67.795,4t4d,0.203,0.0,0.0
420,211.583,5.729,14.2853,-1.2508,67.679,4t4d,0.207,0.0,0.0
421,211.794,5.7433,14.3219,-1.2509,67.782,4t4d,0.208,0.0,0.0
422,212.006,5.7583,14.3612,-1.2506,67.746,4t4d,0.213,0.0,0.0
423,212.217,5.7737,14.3989,-1.2508,67.741,4t4d,0.208,0.0,0.0
424,212.424,5.7891,14.4388,-1.2508,67.939,4t4d,0.201,0.0,0.0
425,212.632,5.8027,14.4732,-1.2515,67.816,4t4d,0.199,0.0,0.0
426,212.841,5.8256,14.5314,-1.252,67.907,4t4d,0.223,0.0,0.0
427,213.053,5.8397,14.5681,-1.2528,67.928,4t4d,0.208,0.0,0.0
428,213.261,5.8468,14.5867,-1.2533,67.938,4t4d,0.209,0.0,0.0
429,213.474,5.8673,14.6415,-1.2553,67.904,4t4d,0.197,0.0,0.0
430,213.694,5.8807,14.6783,-1.2542,67.876,4t4d,0.202,0.0,0.0
431,213.903,5.9009,14.7309,-1.2547,67.85,4t4d,0.208,0.0,0.0
432,214.12,5.915,14.768,-1.2554,67.873,4t4d,0.207,0.0,0.0
433,214.337,5.9285,14.8024,-1.2558,67.889,4t4d,0.2,0.0,0.0
434,214.545,5.943,14.8405,-1.2559,67.927,4t4d,0.176,0.0,0.0
435,214.754,5.9574,14.8775,-1.2553,68.177,4t4d,0.218,0.0,0.0
436,214.963,5.9718,14.9149,-1.2546,68.253,4t4d,0.22,0.0,0.0
437,215.183,5.9873,14.9529,-1.2533,68.321,4t4d,0.212,0.0,0.0
438,215.406,6.01,15.0086,-1.2526,68.576,4t4d,0.184,0.0,0.0
439,215.622,6.0175,15.028,-1.2529,68.615,4t4d,0.188,0.0,0.0
440,215.834,6.0372,15.0825,-1.2533,68.597,4t4d,0.188,0.0,0.0
441,216.039,6.0517,15.1201,-1.2534,68.729,4t4d,0.195,0.0,0.0
442,216.256,6.066,15.1582,-1.2541,68.81,4t4d,0.204,0.0,0.0
443,216.473,6.0861,15.213,-1.2545,68.666,4t4d,0.2,0.0,0.0
444,216.683,6.1001,15.2492,-1.2533,68.064,4t4d,0.208,0.0,0.0
445,216.9,6.1146,15.2832,-1.2532,67.129,4t4d,0.219,0.0,0.0
446,217.116,6.1226,15.3021,-1.2532,66.774,4t4d,0.207,0.0,0.0
447,217.332,6.1524,15.376,-1.2536,66.768,4t4d,0.209,0.0,0.0
448,217.548,6.1671,15.4116,-1.254,66.783,4t4d,0.197,0.0,0.0
449,217.758,6.1806,15.4449,-1.2539,66.851,4t4d,0.193,0.0,-3.05
450,217.972,6.1954,15.4816,-1.2535,66.852,4t4d,0.208,0.0,-4.77
451,218.182,6.2101,15.5173,-1.2537,66.854,4t4d,0.213,0.0,0.0
452,218.393,6.223,15.5497,-1.2531,66.875,4t4d,0.185,0.0,0.0
453,218.617,6.2444,15.6016,-1.2525,66.934,4t4d,0.204,0.0,0.0
454,218.83,6.2588,15.6382,-1.2529,66.941,4t4d,0.19,0.0,0.0
455,219.043,6.274,15.6764,-1.2525,66.93,4t4d,0.202,0.0,0.0
456,219.253,6.2883,15.7122,-1.2522,66.915,4t4d,0.195,0.0,0.0
457,219.473,6.303,15.7493,-1.2526,66.842,4t4d,0.171,0.0,0.0
458,219.685,6.3235,15.8007,-1.255,67.016,4t4d,0.196,0.0,0.0
459,219.899,6.3379,15.8365,-1.2549,66.94,4t4d,0.192,0.0,0.0
460,220.106,6.3528,15.8738,-1.254,67.258,4t4d,0.198,0.0,0.0
461,220.321,6.3675,15.9113,-1.2522,68.238,4t4d,0.21,0.0,0.0
462,220.533,6.3827,15.9521,-1.2521,68.401,4t4d,0.169,0.0,0.0
463,220.745,6.3953,15.9872,-1.2517,68.878,4t4d,0.221,0.0,0.0
464,220.956,6.4169,16.0461,-1.2513,68.923,4t4d,0.216,0.0,0.0
465,221.166,6.4247,16.0669,-1.2519,69.076,4t4d,0.203,0.0,0.0
466,221.382,6.4485,16.1325,-1.2556,69.275,4t4d,0.205,0.0,3.47
467,221.595,6.4619,16.1679,-1.2555,69.344,4t4d,0.215,0.0,0.0
468,221.804,6.4756,16.2068,-1.2557,69.463,4t4d,0.19,0.0,2.71
469,222.02,6.4933,16.2567,-1.2555,69.512,4t4d,0.213,0.0,0.0
470,222.231,6.5032,16.2842,-1.2556,69.558,4t4d,0.211,0.0,0.0
471,222.443,6.5106,16.305,-1.256,69.564,4t4d,0.223,0.0,0.0
472,222.657,6.5206,16.3328,-1.2554,69.66,4t4d,0.219,0.0,0.0
473,222.87,6.529,16.3576,-1.2554,69.98,4t4d,0.179,0.0,0.0
474,223.078,6.5444,16.4056,-1.2555,70.823,4t4d,0.186,0.0,0.0
475,223.288,6.5547,16.4374,-1.2548,71.002,4t4d,0.151,0.0,0.0
476,223.497,6.5597,16.4532,-1.2544,71.059,4t4d,0.122,0.0,0.0
477,223.722,6.575,16.5016,-1.2557,71.013,4t4d,0.142,0.0,0.0
478,223.939,6.5839,16.5302,-1.256,70.947,4t4d,0.148,0.0,2.35
479,224.153,6.5935,16.5594,-1.2556,70.995,4t4d,0.174,0.0,3.77
480,224.365,6.6078,16.6034,-1.2553,70.735,4t4d,0.154,0.0,0.0
481,224.58,6.6163,16.6293,-1.2554,70.592,4t4d,0.167,0.0,0.0
482,224.795,6.6205,16.642,-1.2552,70.507,4t4d,0.159,0.0,0.0
483,225.008,6.6223,16.6473,-1.255,70.478,4t4d,0.125,0.0,0.0
484,225.223,6.6246,16.6541,-1.255,70.43,4t4d,0.153,0.0,0.0
485,225.433,6.6275,16.6628,-1.255,70.303,4t4d,0.165,0.0,0.0
486,225.642,6.6274,16.6633,-1.2549,70.295,4t4d,0.142,0.0,0.0
487,225.852,6.6254,16.6581,-1.2548,70.314,4t4d,0.072,0.0,0.0
488,226.065,6.6209,16.6448,-1.2548,70.361,4t4d,0.014,0.0,0.0
489,226.28,6.6152,16.6277,-1.2547,70.395,4t4d,0.035,0.0,0.0
490,226.491,6.6027,16.5904,-1.2549,70.269,4t4d,0.041,0.0,-0.85
491,226.71,6.5941,16.5634,-1.2551,69.511,4t4d,0.018,0.0,0.0
492,226.931,6.5846,16.5369,-1.2554,69.398,4t4d,-0.038,0.0,0.0
493,227.145,6.5761,16.513,-1.2557,69.362,4t4d,-0.073,0.0,0.0
494,227.358,6.5685,16.4917,-1.2553,69.352,4t4d,-0.085,0.0,0.0
495,227.581,6.5578,16.4605,-1.2546,69.407,4t4d,-0.135,0.0,0.0
496,227.798,6.5558,16.4544,-1.2542,69.408,4t4d,-0.147,0.0,-3.96
497,228.017,6.5449,16.4235,-1.2545,69.38,4t4d,-0.14,0.0,0.0
498,228.229,6.5326,16.3883,-1.2542,69.352,4t4d,-0.138,0.0,0.0
499,228.438,6.5284,16.376,-1.2539,69.341,4t4d,-0.088,0.0,0.0
500,228.649,6.5128,16.332,-1.2542,69.278,4t4d,-0.131,0.0,0.0
501,228.86,6.5016,16.3009,-1.2545,69.234,4t4d,-0.093,0.0,0.0
502,229.074,6.4903,16.2684,-1.2547,69.0,4t4d,-0.114,0.0,0.0
503,229.291,6.4796,16.2381,-1.2546,68.943,4t4d,-0.133,0.0,0.0
504,229.506,6.4641,16.1938,-1.255,68.918,4t4d,-0.134,0.0,0.0
505,229.719,6.4592,16.1804,-1.2552,68.9,4t4d,-0.176,0.0,0.0
506,229.931,6.4491,16.1504,-1.2555,68.767,4t4d,-0.164,0.0,0.0
507,230.142,6.4395,16.1218,-1.2563,68.26,4t4d,-0.167,0.0,0.0
508,230.354,6.4222,16.077,-1.2554,68.084,4t4d,-0.175,0.0,0.0
509,230.567,6.4122,16.0509,-1.2552,67.84,4t4d,-0.156,0.0,0.0
510,230.778,6.396,16.0081,-1.2553,67.77,4t4d,-0.152,0.0,0.0
511,230.992,6.3908,15.9944,-1.2554,67.754,4t4d,-0.159,0.0,0.0
512,231.229,6.3736,15.9502,-1.2551,67.704,4t4d,-0.143,0.0,-3.39
513,231.436,6.3599,15.9144,-1.2548,67.736,4t4d,-0.161,0.0,0.0
514,231.644,6.3465,15.8801,-1.2544,67.649,4t4d,-0.155,0.0,-1.85
515,231.855,6.3322,15.8437,-1.2539,67.666,4t4d,-0.145,0.0,0.0
516,232.069,6.3114,15.7911,-1.2541,67.68,4t4d,-0.153,0.0,0.0
517,232.274,6.2984,15.7573,-1.253,67.398,4t4d,-0.154,0.0,0.0
518,232.486,6.2923,15.7414,-1.2531,67.509,4t4d,-0.192,0.0,0.0
519,232.701,6.2708,15.6864,-1.2529,67.577,4t4d,-0.211,0.0,0.0
520,232.912,6.257,15.6501,-1.2529,67.594,4t4d,-0.192,0.0,0.0
521,233.125,6.2348,15.593,-1.2533,67.578,4t4d,-0.204,0.0,0.0
522,233.335,6.2289,15.5779,-1.253,67.544,4t4d,-0.172,0.0,0.0
523,233.546,6.2064,15.5196,-1.2535,67.543,4t4d,-0.162,0.0,0.0
524,233.759,6.1902,15.479,-1.2536,67.542,4t4d,-0.222,0.0,0.0
525,233.969,6.1752,15.4412,-1.2541,67.532,4t4d,-0.198,0.0,0.0
526,234.181,6.1533,15.3863,-1.2531,67.492,4t4d,-0.198,0.0,0.0
527,234.401,6.1472,15.371,-1.2526,67.503,4t4d,-0.165,0.0,0.0
528,234.614,6.1257,15.3172,-1.252,67.529,4t4d,-0.228,0.0,0.0
529,234.826,6.112,15.2822,-1.252,67.539,4t4d,-0.218,0.0,0.0
530,235.041,6.0984,15.2476,-1.2519,67.547,4t4d,-0.205,0.0,0.0
531,235.249,6.0846,15.2125,-1.253,67.526,4t4d,-0.219,0.0,0.0
532,235.46,6.0649,15.1631,-1.2525,67.501,4t4d,-0.194,0.0,0.0
533,235.674,6.0514,15.1288,-1.2522,67.472,4t4d,-0.206,0.0,0.0
534,235.883,6.038,15.0947,-1.252,67.477,4t4d,-0.178,0.0,0.0
535,236.091,6.0246,15.0605,-1.2521,67.487,4t4d,-0.19,0.0,0.0
536,236.3,6.0127,15.0302,-1.2518,67.471,4t4d,-0.212,0.0,0.0
537,236.52,5.9943,14.9831,-1.2522,67.492,4t4d,-0.183,0.0,0.0
538,236.732,5.9878,14.9668,-1.2522,67.501,4t4d,-0.169,0.0,0.0
539,236.944,5.9751,14.9345,-1.2521,67.471,4t4d,-0.187,0.0,0.0
540,237.15,5.9553,14.8842,-1.2521,67.478,4t4d,-0.182,0.0,0.0
541,237.361,5.9476,14.8647,-1.2522,67.478,4t4d,-0.169,0.0,0.0
542,237.576,5.9262,14.8103,-1.2526,67.479,4t4d,-0.151,0.0,0.0
543,237.787,5.9136,14.7783,-1.2521,67.471,4t4d,-0.17,0.0,0.0
544,238.015,5.9001,14.7439,-1.2516,67.463,4t4d,-0.175,0.0,0.0
545,238.241,5.8809,14.6956,-1.2513,67.448,4t4d,-0.176,0.0,0.0
546,238.454,5.8664,14.6597,-1.252,67.425,4t4d,-0.203,0.0,0.0
547,238.665,5.8476,14.6113,-1.2512,67.482,4t4d,-0.181,0.0,0.0
548,238.876,5.843,14.5995,-1.2511,67.487,4t4d,-0.167,0.0,0.0
549,239.085,5.8308,14.5673,-1.2508,67.514,4t4d,-0.193,0.0,0.0
550,239.296,5.8192,14.5381,-1.2503,67.514,4t4d,-0.177,0.0,0.0
551,239.509,5.8012,14.4936,-1.2494,67.503,4t4d,-0.168,0.0,0.0
552,239.736,5.7844,14.4512,-1.2494,67.514,4t4d,-0.145,0.0,0.0
553,239.954,5.7759,14.4304,-1.2492,67.47,4t4d,-0.175,0.0,0.0
554,240.172,5.7707,14.4174,-1.2491,67.45,4t4d,-0.162,0.0,0.0
555,240.382,5.7586,14.3864,-1.2493,67.469,4t4d,-0.184,0.0,0.0
556,240.597,5.75,14.3646,-1.2493,67.443,4t4d,-0.166,0.0,0.0
557,240.808,5.7384,14.3347,-1.2496,67.413,4t4d,-0.154,0.0,0.0
558,241.043,5.7348,14.3257,-1.2496,67.444,4t4d,-0.161,0.0,0.0
559,241.27,5.7249,14.3013,-1.2493,67.34,4t4d,-0.151,0.0,0.0
560,241.481,5.7184,14.2839,-1.2477,67.404,4t4d,-0.11,0.0,0.0
561,241.693,5.7081,14.2584,-1.2468,67.345,4t4d,-0.112,0.0,0.0
562,241.905,5.6944,14.2232,-1.2476,67.397,4t4d,-0.115,0.0,0.0
563,242.118,5.6849,14.1989,-1.2474,67.405,4t4d,-0.094,0.0,0.0
564,242.335,5.6807,14.1876,-1.2476,67.367,4t4d,-0.087,0.0,0.0
565,242.548,5.6716,14.1638,-1.2478,67.362,4t4d,-0.087,0.0,0.0
566,242.758,5.6584,14.1297,-1.2471,67.361,4t4d,-0.15,0.0,0.0
567,242.978,5.6449,14.0964,-1.2469,67.372,4t4d,-0.14,0.0,0.0
568,243.185,5.6356,14.0739,-1.2467,67.401,4t4d,-0.141,0.0,0.0
569,243.395,5.6311,14.062,-1.2465,67.351,4t4d,-0.124,0.0,0.0
570,243.608,5.6159,14.0246,-1.2464,67.399,4t4d,-0.141,0.0,0.0
571,243.819,5.6128,14.0163,-1.2462,67.398,4t4d,-0.117,0.0,0.0
572,244.032,5.5983,13.9803,-1.2461,67.392,4t4d,-0.131,0.0,0.0
573,244.246,5.5846,13.9483,-1.2463,67.387,4t4d,-0.124,0.0,0.0
574,244.457,5.5745,13.9232,-1.2471,67.323,4t4d,-0.13,0.0,0.0
575,244.672,5.5669,13.9032,-1.2471,67.362,4t4d,-0.142,0.0,0.0
576,244.883,5.5578,13.8792,-1.247,67.379,4t4d,-0.127,0.0,0.0
577,245.093,5.5494,13.8571,-1.2466,67.29,4t4d,-0.128,0.0,0.0
578,245.303,5.5407,13.8339,-1.2466,67.298,4t4d,-0.132,0.0,0.0
579,245.522,5.5277,13.7993,-1.2465,67.327,4t4d,-0.135,0.0,0.0
580,245.734,5.5234,13.788,-1.2465,67.337,4t4d,-0.119,0.0,0.0
581,245.946,5.5096,13.7534,-1.2468,67.342,4t4d,-0.127,0.0,0.0
582,246.159,5.5012,13.732,-1.247,67.271,4t4d,-0.104,0.0,0.0
583,246.368,5.492,13.709,-1.2467,67.302,4t4d,-0.114,0.0,0.0
584,246.578,5.484,13.6895,-1.2461,67.346,4t4d,-0.13,0.0,0.0
585,246.789,5.4742,13.6644,-1.2455,67.467,4t4d,-0.122,0.0,0.0
586,247.001,5.4609,13.631,-1.2446,67.256,4t4d,-0.125,0.0,0.0
587,247.215,5.4517,13.6091,-1.2445,67.278,4t4d,-0.13,0.0,0.0
588,247.427,5.4423,13.5847,-1.2442,67.404,4t4d,-0.125,0.0,0.0
589,247.638,5.4326,13.5614,-1.2436,67.286,4t4d,-0.121,0.0,0.0
590,247.865,5.424,13.54,-1.2442,67.391,4t4d,-0.149,0.0,0.0
591,248.072,5.4154,13.5185,-1.2444,67.273,4t4d,-0.123,0.0,0.0
592,248.283,5.4014,13.4835,-1.244,67.275,4t4d,-0.117,0.0,0.0
593,248.494,5.3926,13.4613,-1.2438,67.274,4t4d,-0.117,0.0,0.0
594,248.706,5.3835,13.4381,-1.2435,67.265,4t4d,-0.134,0.0,0.0
595,248.918,5.3699,13.4031,-1.243,67.274,4t4d,-0.123,0.0,0.0
596,249.131,5.3607,13.3794,-1.2426,67.284,4t4d,-0.113,0.0,0.0
597,249.346,5.352,13.3577,-1.2424,67.34,4t4d,-0.099,0.0,0.0
598,249.569,5.3428,13.3344,-1.2417,67.349,4t4d,-0.105,0.0,0.0
599,249.781,5.3342,13.3126,-1.2414,67.309,4t4d,-0.136,0.0,0.0
600,249.999,5.3202,13.2774,-1.2406,67.352,4t4d,-0.126,0.0,0.0
601,250.223,5.3159,13.2667,-1.2405,67.332,4t4d,-0.12,0.0,0.0
602,250.435,5.3029,13.2347,-1.2405,67.342,4t4d,-0.124,0.0,0.0
603,250.645,5.2942,13.2131,-1.241,67.322,4t4d,-0.131,0.0,0.0
604,250.856,5.2859,13.192,-1.241,67.324,4t4d,-0.118,0.0,0.0
605,251.069,5.2736,13.1601,-1.2408,67.324,4t4d,-0.131,0.0,0.0
606,251.28,5.2654,13.1394,-1.2408,67.32,4t4d,-0.106,0.0,0.0
607,251.486,5.2568,13.1185,-1.2407,67.294,4t4d,-0.121,0.0,0.0
608,251.697,5.2479,13.0967,-1.2405,67.306,4t4d,-0.113,0.0,0.0
609,251.914,5.2438,13.0868,-1.2402,67.288,4t4d,-0.112,0.0,0.0
610,252.123,5.2309,13.0547,-1.2397,67.273,4t4d,-0.11,0.0,0.0
611,252.33,5.2183,13.0223,-1.2393,67.271,4t4d,-0.12,0.0,0.0
612,252.541,5.2096,12.9998,-1.2393,67.257,4t4d,-0.131,0.0,0.0
613,252.752,5.2018,12.9791,-1.2385,67.262,4t4d,-0.116,0.0,0.0
614,252.96,5.1936,12.9586,-1.2386,67.257,4t4d,-0.109,0.0,0.0
615,253.171,5.1851,12.9375,-1.2386,67.288,4t4d,-0.109,0.0,0.0
616,253.384,5.1764,12.915,-1.2382,67.293,4t4d,-0.126,0.0,0.0
617,253.595,5.1634,12.8825,-1.238,67.295,4t4d,-0.121,0.0,0.0
618,253.815,5.1549,12.8616,-1.2381,67.277,4t4d,-0.096,0.0,0.0
619,254.04,5.1465,12.84,-1.2379,67.277,4t4d,-0.093,0.0,0.0
620,254.255,5.1376,12.818,-1.2376,67.241,4t4d,-0.146,0.0,0.0
621,254.467,5.1299,12.7988,-1.2373,67.204,4t4d,-0.136,0.0,0.0
622,254.68,5.1187,12.77,-1.2374,67.195,4t4d,-0.107,0.0,0.0
623,254.89,5.1119,12.7524,-1.2372,67.174,4t4d,-0.112,0.0,0.0
624,255.103,5.1045,12.7325,-1.2368,67.173,4t4d,-0.123,0.0,0.0
625,255.316,5.0964,12.7128,-1.2371,67.166,4t4d,-0.124,0.0,0.0
626,255.528,5.0887,12.6941,-1.2372,67.142,4t4d,-0.092,0.0,0.0
627,255.738,5.0798,12.6729,-1.2376,67.122,4t4d,-0.111,0.0,0.0
628,255.949,5.0703,12.6497,-1.2377,67.106,4t4d,-0.078,0.0,0.0
629,256.16,5.0619,12.6273,-1.2376,67.086,4t4d,-0.109,0.0,0.0
630,256.375,5.0498,12.5965,-1.2374,67.067,4t4d,-0.098,0.0,0.0
631,256.585,5.0464,12.5878,-1.2374,67.061,4t4d,-0.123,0.0,0.0
632,256.795,5.0358,12.5596,-1.2374,67.081,4t4d,-0.122,0.0,0.0
633,257.007,5.0277,12.5392,-1.2372,67.048,4t4d,-0.118,0.0,0.0
634,257.219,5.0149,12.5092,-1.2368,67.671,4t4d,-0.124,0.0,0.0
635,257.43,5.0068,12.4899,-1.2363,67.878,4t4d,-0.088,0.0,0.0
636,257.642,4.9983,12.4686,-1.2363,67.92,4t4d,-0.103,0.0,0.0
637,257.852,4.9896,12.4459,-1.2362,67.957,4t4d,-0.11,0.0,0.0
638,258.062,4.9815,12.4243,-1.2354,67.994,4t4d,-0.13,0.0,0.0
639,258.271,4.9737,12.4033,-1.2353,68.029,4t4d,-0.123,0.0,2.58
640,258.486,4.958,12.3634,-1.2348,68.151,4t4d,-0.121,0.0,0.0
641,258.708,4.9489,12.3403,-1.2347,68.153,4t4d,-0.116,0.0,0.0
642,258.931,4.9392,12.3155,-1.2351,68.2,4t4d,-0.121,0.0,0.0
643,259.145,4.9261,12.2813,-1.2356,68.255,4t4d,-0.1,0.0,0.0
644,259.364,4.9217,12.2695,-1.2356,68.28,4t4d,-0.123,0.0,0.0
645,259.574,4.9084,12.2344,-1.2358,68.342,4t4d,-0.132,0.0,0.0
646,259.785,4.8999,12.2123,-1.2354,68.407,4t4d,-0.133,0.0,0.0
647,259.997,4.8845,12.1729,-1.2346,68.427,4t4d,-0.139,0.0,0.0
648,260.207,4.8797,12.1609,-1.2343,68.467,4t4d,-0.124,0.0,0.0
649,260.425,4.8698,12.1343,-1.2344,68.479,4t4d,-0.135,0.0,0.0
650,260.635,4.8535,12.0916,-1.234,68.531,4t4d,-0.108,0.0,0.0
651,260.843,4.8425,12.0636,-1.2343,68.588,4t4d,-0.113,0.0,0.0
652,261.057,4.8375,12.0507,-1.234,68.629,4t4d,-0.124,0.0,0.0
653,261.269,4.8218,12.0084,-1.2347,68.661,4t4d,-0.144,0.0,0.0
654,261.478,4.8056,11.9641,-1.2348,68.693,4t4d,-0.14,0.0,0.0
655,261.701,4.7949,11.9349,-1.2346,68.551,4t4d,-0.154,0.0,0.0
656,261.932,4.7892,11.9196,-1.2348,68.358,4t4d,-0.149,0.0,0.0
657,262.144,4.7726,11.8776,-1.2346,68.282,4t4d,-0.151,0.0,0.0
658,262.356,4.7607,11.8473,-1.2344,68.256,4t4d,-0.141,0.0,0.0
659,262.582,4.745,11.8073,-1.2343,68.176,4t4d,-0.171,0.0,0.0
660,262.795,4.7345,11.7797,-1.234,68.173,4t4d,-0.148,0.0,0.0
661,263.015,4.7302,11.768,-1.2339,68.168,4t4d,-0.166,0.0,-2.28
662,263.227,4.7175,11.7347,-1.2341,68.173,4t4d,-0.164,0.0,0.0
663,263.439,4.711,11.7176,-1.2339,68.163,4t4d,-0.151,0.0,0.0
664,263.651,4.7066,11.7056,-1.234,68.167,4t4d,-0.167,0.0,0.0
665,263.86,4.6987,11.6852,-1.2348,68.163,4t4d,-0.156,0.0,0.0
666,264.076,4.6965,11.6794,-1.2348,68.157,4t4d,-0.106,0.0,0.0
667,264.289,4.6871,11.6543,-1.2343,68.131,4t4d,-0.099,0.0,0.0
668,264.5,4.6804,11.6354,-1.234,68.002,4t4d,-0.101,0.0,0.0
669,264.716,4.6698,11.6059,-1.2333,67.265,4t4d,-0.072,0.0,0.0
670,264.929,4.6636,11.5897,-1.233,67.164,4t4d,-0.064,0.0,0.0
671,265.142,4.6567,11.5721,-1.2327,67.127,4t4d,-0.049,0.0,0.0
672,265.354,4.6496,11.5537,-1.2326,67.09,4t4d,-0.073,0.0,0.0
673,265.564,4.6415,11.5342,-1.2328,67.03,4t4d,-0.08,0.0,-1.62
674,265.774,4.6334,11.5137,-1.2327,67.056,4t4d,-0.102,0.0,0.0
675,265.984,4.6208,11.4829,-1.2323,67.002,4t4d,-0.09,0.0,0.0
676,266.195,4.612,11.461,-1.2318,67.004,4t4d,-0.095,0.0,0.0
677,266.408,4.6074,11.4493,-1.2315,67.032,4t4d,-0.093,0.0,0.0
678,266.638,4.5989,11.4286,-1.231,67.154,4t4d,-0.102,0.0,0.0
679,266.849,4.5807,11.3831,-1.2301,67.51,4t4d,-0.111,0.0,0.0
680,267.063,4.5763,11.3724,-1.2304,67.531,4t4d,-0.098,0.0,0.0
681,267.281,4.5631,11.3395,-1.2307,67.547,4t4d,-0.115,0.0,0.0
682,267.494,4.5579,11.3264,-1.2302,67.578,4t4d,-0.135,0.0,0.0
683,267.718,4.544,11.2909,-1.2304,67.57,4t4d,-0.12,0.0,1.86
684,267.928,4.5351,11.2684,-1.2307,67.597,4t4d,-0.124,0.0,0.0
685,268.138,4.526,11.246,-1.2305,67.593,4t4d,-0.117,0.0,0.0
686,268.349,4.5123,11.2112,-1.2301,67.628,4t4d,-0.125,0.0,0.0
687,268.562,4.5034,11.1888,-1.2299,67.666,4t4d,-0.133,0.0,0.0
688,268.776,4.4942,11.1664,-1.2295,67.71,4t4d,-0.089,0.0,0.0
689,268.991,4.4798,11.1298,-1.2297,67.797,4t4d,-0.115,0.0,0.0
690,269.205,4.4715,11.1084,-1.2293,67.807,4t4d,-0.129,0.0,0.0
691,269.439,4.4624,11.0854,-1.2295,67.828,4t4d,-0.12,0.0,0.0
692,269.649,4.4494,11.0528,-1.2303,67.848,4t4d,-0.125,0.0,0.0
693,269.859,4.4443,11.0401,-1.2302,67.865,4t4d,-0.127,0.0,0.0
694,270.071,4.4351,11.0168,-1.2303,67.874,4t4d,-0.121,0.0,0.0
695,270.281,4.4255,10.9923,-1.2304,67.875,4t4d,-0.104,0.0,0.0
696,270.493,4.4113,10.9553,-1.2301,67.909,4t4d,-0.134,0.0,0.0
697,270.727,4.402,10.9315,-1.2304,67.96,4t4d,-0.142,0.0,0.0
698,270.938,4.3924,10.9067,-1.2305,67.983,4t4d,-0.143,0.0,0.0
699,271.149,4.3826,10.882,-1.2305,68.008,4t4d,-0.14,0.0,0.0
700,271.36,4.3668,10.8411,-1.2302,68.023,4t4d,-0.128,0.0,0.0
701,271.57,4.3616,10.8279,-1.23,68.02,4t4d,-0.129,0.0,0.0
702,271.779,4.3461,10.7877,-1.2296,68.039,4t4d,-0.113,0.0,0.0
703,271.985,4.3348,10.7588,-1.2294,68.079,4t4d,-0.149,0.0,0.0
704,272.194,4.3247,10.7325,-1.2296,68.083,4t4d,-0.163,0.0,0.0
705,272.409,4.3145,10.7061,-1.2293,68.07,4t4d,-0.146,0.0,0.0
706,272.616,4.3034,10.6762,-1.2292,68.052,4t4d,-0.132,0.0,0.0
707,272.828,4.2893,10.6395,-1.2294,67.933,4t4d,-0.136,0.0,0.0
708,273.042,4.2845,10.6266,-1.2295,67.928,4t4d,-0.153,0.0,0.0
709,273.254,4.2698,10.5861,-1.2303,67.934,4t4d,-0.118,0.0,0.0
710,273.464,4.2595,10.559,-1.2311,67.925,4t4d,-0.151,0.0,0.0
711,273.672,4.246,10.5238,-1.2311,67.974,4t4d,-0.14,0.0,0.0
712,273.881,4.2386,10.5037,-1.2309,67.902,4t4d,-0.147,0.0,0.0
713,274.091,4.2294,10.4795,-1.2305,67.698,4t4d,-0.141,0.0,0.0
714,274.311,4.225,10.4683,-1.2302,67.683,4t4d,-0.125,0.0,0.0
715,274.529,4.212,10.434,-1.2303,67.64,4t4d,-0.162,0.0,0.0
716,274.74,4.1989,10.4007,-1.2294,67.529,4t4d,-0.141,0.0,0.0
717,274.952,4.1935,10.3867,-1.23,67.444,4t4d,-0.109,0.0,0.0
718,275.162,4.1803,10.3532,-1.2301,67.44,4t4d,-0.132,0.0,0.0
719,275.373,4.1758,10.3417,-1.2303,67.445,4t4d,-0.119,0.0,0.0
720,275.597,4.1634,10.3106,-1.2302,67.453,4t4d,-0.125,0.0,0.0
721,275.809,4.1553,10.2902,-1.2298,67.447,4t4d,-0.125,0.0,0.0
722,276.019,4.1466,10.2684,-1.2295,67.427,4t4d,-0.138,0.0,0.0
723,276.233,4.1315,10.2302,-1.2291,67.404,4t4d,-0.11,0.0,0.0
724,276.441,4.1212,10.2042,-1.2292,67.37,4t4d,-0.11,0.0,0.0
725,276.663,4.1122,10.1807,-1.2292,67.365,4t4d,-0.123,0.0,0.0
726,276.871,4.102,10.1544,-1.2293,67.378,4t4d,-0.096,0.0,0.0
727,277.076,4.0931,10.1318,-1.2297,67.261,4t4d,-0.112,0.0,0.0
728,277.285,4.0793,10.0966,-1.2299,67.266,4t4d,-0.146,0.0,0.0
729,277.494,4.0695,10.0726,-1.2298,67.258,4t4d,-0.135,0.0,0.0
730,277.705,4.0603,10.0499,-1.2299,67.258,4t4d,-0.126,0.0,0.0
731,277.926,4.0522,10.0293,-1.2297,67.25,4t4d,-0.151,0.0,0.0
732,278.137,4.0429,10.005,-1.2301,67.199,4t4d,-0.137,0.0,0.0
733,278.347,4.0299,9.9712,-1.2297,67.23,4t4d,-0.156,0.0,0.0
734,278.558,4.021,9.9485,-1.2292,67.223,4t4d,-0.134,0.0,0.0
735,278.767,4.0125,9.9266,-1.2288,67.215,4t4d,-0.133,0.0,0.0
736,278.976,4.0078,9.9149,-1.2286,67.218,4t4d,-0.107,0.0,0.0
737,279.182,3.9996,9.8941,-1.2283,67.21,4t4d,-0.143,0.0,0.0
738,279.396,3.9869,9.863,-1.2273,67.214,4t4d,-0.126,0.0,0.0
739,279.607,3.9785,9.8422,-1.227,67.21,4t4d,-0.096,0.0,0.0
740,279.825,3.9658,9.8101,-1.228,67.217,4t4d,-0.132,0.0,0.0
741,280.04,3.9578,9.7906,-1.228,67.211,4t4d,-0.111,0.0,0.0
742,280.251,3.9525,9.777,-1.2276,67.209,4t4d,-0.105,0.0,0.0
743,280.463,3.9398,9.7449,-1.2277,67.107,4t4d,-0.104,0.0,0.0
744,280.673,3.9355,9.7335,-1.2276,67.115,4t4d,-0.112,0.0,0.0
745,280.887,3.9187,9.6922,-1.2272,67.098,4t4d,-0.113,0.0,0.0
746,281.101,3.911,9.6735,-1.2272,67.094,4t4d,-0.087,0.0,0.0
747,281.313,3.9067,9.6626,-1.2272,67.1,4t4d,-0.142,0.0,0.0
748,281.539,3.895,9.6328,-1.2269,67.06,4t4d,-0.125,0.0,0.0
749,281.748,3.8856,9.6087,-1.2255,67.039,4t4d,-0.113,0.0,0.0
750,281.959,3.8723,9.5752,-1.2246,67.003,4t4d,-0.11,0.0,0.0
751,282.17,3.8631,9.552,-1.2243,67.001,4t4d,-0.092,0.0,0.0
752,282.38,3.8535,9.5275,-1.2237,66.978,4t4d,-0.119,0.0,0.0
753,282.59,3.8486,9.5148,-1.2234,66.993,4t4d,-0.113,0.0,0.0
754,282.809,3.8342,9.4779,-1.2229,66.995,4t4d,-0.127,0.0,0.0
755,283.029,3.8206,9.4438,-1.2228,67.064,4t4d,-0.123,0.0,0.0
756,283.249,3.8112,9.4204,-1.2227,67.034,4t4d,-0.117,0.0,0.0
757,283.46,3.8064,9.4085,-1.2226,67.051,4t4d,-0.139,0.0,0.0
758,283.673,3.7976,9.3865,-1.2222,67.067,4t4d,-0.135,0.0,0.0
759,283.884,3.7839,9.3521,-1.2221,67.055,4t4d,-0.133,0.0,0.0
760,284.097,3.7747,9.3286,-1.2222,67.033,4t4d,-0.121,0.0,0.0
761,284.314,3.7654,9.3049,-1.222,67.024,4t4d,-0.112,0.0,0.0
762,284.536,3.7516,9.2707,-1.2218,67.014,4t4d,-0.134,0.0,0.0
763,284.752,3.742,9.2474,-1.2224,67.041,4t4d,-0.121,0.0,0.0
764,284.961,3.7325,9.2241,-1.2222,67.061,4t4d,-0.111,0.0,0.0
765,285.172,3.7232,9.2009,-1.2228,67.018,4t4d,-0.128,0.0,0.0
766,285.388,3.7134,9.1765,-1.2225,67.0,4t4d,-0.131,0.0,0.0
767,285.6,3.6969,9.1351,-1.222,67.009,4t4d,-0.122,0.0,0.0
768,285.814,3.6855,9.107,-1.2211,66.993,4t4d,-0.111,0.0,0.0
769,286.04,3.6741,9.079,-1.2207,67.046,4t4d,-0.138,0.0,0.0
770,286.248,3.6632,9.0525,-1.22,67.081,4t4d,-0.129,0.0,0.0
771,286.455,3.6469,9.0126,-1.2191,67.161,4t4d,-0.149,0.0,0.0
772,286.664,3.6408,8.9979,-1.2188,67.182,4t4d,-0.156,0.0,0.0
773,286.873,3.6248,8.9581,-1.2182,67.212,4t4d,-0.15,0.0,0.0
774,287.085,3.6146,8.9316,-1.2177,67.226,4t4d,-0.151,0.0,0.0
775,287.301,3.6038,8.9045,-1.2174,67.25,4t4d,-0.158,0.0,0.0
776,287.511,3.5874,8.8641,-1.2176,67.278,4t4d,-0.136,0.0,0.0
777,287.724,3.5767,8.8376,-1.2175,67.318,4t4d,-0.156,0.0,0.0
778,287.936,3.5717,8.8256,-1.2176,67.274,4t4d,-0.134,0.0,0.0
779,288.142,3.5619,8.8016,-1.2176,67.312,4t4d,-0.137,0.0,0.0
780,288.36,3.5518,8.777,-1.2175,67.335,4t4d,-0.146,0.0,0.0
781,288.569,3.5368,8.7391,-1.2177,67.358,4t4d,-0.151,0.0,0.0
782,288.778,3.5265,8.7137,-1.2179,67.369,4t4d,-0.147,0.0,0.0
783,288.989,3.5173,8.6906,-1.2179,67.345,4t4d,-0.137,0.0,0.0
784,289.2,3.5066,8.6637,-1.2177,67.375,4t4d,-0.137,0.0,0.0
785,289.417,3.4916,8.6263,-1.2165,67.401,4t4d,-0.127,0.0,0.0
786,289.625,3.4813,8.6004,-1.2162,67.429,4t4d,-0.132,0.0,0.0
787,289.836,3.4712,8.575,-1.216,67.45,4t4d,-0.137,0.0,0.0
788,290.053,3.457,8.5392,-1.2155,67.47,4t4d,-0.115,0.0,0.0
789,290.275,3.4468,8.5137,-1.2159,67.509,4t4d,-0.138,0.0,0.0
790,290.485,3.4418,8.5008,-1.216,67.53,4t4d,-0.122,0.0,0.0
791,290.699,3.4283,8.4684,-1.2158,68.23,4t4d,-0.141,0.0,0.0
792,290.91,3.419,8.4447,-1.2155,68.697,4t4d,-0.139,0.0,0.0
793,291.121,3.4044,8.406,-1.2148,68.634,4t4d,-0.121,0.0,0.0
794,291.334,3.3953,8.3809,-1.2144,68.216,4t4d,-0.127,0.0,0.0
795,291.549,3.3902,8.3675,-1.2141,68.171,4t4d,-0.111,0.0,0.0
796,291.775,3.3814,8.3433,-1.2138,68.13,4t4d,-0.133,0.0,3.4
797,291.986,3.3685,8.3085,-1.2135,68.096,4t4d,-0.154,0.0,0.0
798,292.205,3.3593,8.2841,-1.2131,68.066,4t4d,-0.129,0.0,0.0
799,292.415,3.3496,8.2589,-1.2123,68.046,4t4d,-0.141,0.0,-2.73
800,292.626,3.3356,8.2216,-1.2119,68.044,4t4d,-0.133,0.0,0.0
801,292.838,3.3308,8.2087,-1.2119,68.045,4t4d,-0.137,0.0,0.0
802,293.048,3.3162,8.1707,-1.2119,68.024,4t4d,-0.108,0.0,0.0
803,293.257,3.3054,8.1429,-1.2119,68.004,4t4d,-0.138,0.0,0.0
804,293.472,3.2923,8.1082,-1.2118,67.983,4t4d,-0.14,0.0,0.0
805,293.679,3.2839,8.0856,-1.2118,67.935,4t4d,-0.123,0.0,0.0
806,293.893,3.2789,8.0693,-1.2114,67.971,4t4d,-0.136,0.0,0.0
807,294.106,3.2694,8.0446,-1.2111,67.945,4t4d,-0.132,0.0,0.0
808,294.318,3.2598,8.0193,-1.2106,67.948,4t4d,-0.148,0.0,0.0
809,294.528,3.2503,7.9944,-1.2105,67.93,4t4d,-0.115,0.0,0.0
810,294.738,3.2414,7.971,-1.2104,67.898,4t4d,-0.134,0.0,0.0
811,294.949,3.2283,7.9358,-1.2098,67.881,4t4d,-0.13,0.0,0.0
812,295.171,3.2206,7.916,-1.2099,67.87,4t4d,-0.126,0.0,0.0
813,295.388,3.2112,7.8925,-1.2098,67.87,4t4d,-0.135,0.0,0.0
814,295.599,3.2023,7.8692,-1.209,67.805,4t4d,-0.131,0.0,0.0
815,295.816,3.193,7.8449,-1.2089,67.833,4t4d,-0.116,0.0,0.0
816,296.028,3.1831,7.8199,-1.2084,67.831,4t4d,-0.134,0.0,0.0
817,296.239,3.1733,7.795,-1.2079,67.842,4t4d,-0.145,0.0,0.0
818,296.448,3.166,7.774,-1.2077,67.847,4t4d,-0.139,0.0,0.0
819,296.666,3.1544,7.7427,-1.2071,67.85,4t4d,-0.104,0.0,0.0
820,296.893,3.1431,7.7117,-1.2067,67.85,4t4d,-0.117,0.0,0.0
821,297.104,3.1395,7.7014,-1.2063,67.843,4t4d,-0.135,0.0,0.0
822,297.322,3.1313,7.6798,-1.2057,67.822,4t4d,-0.128,0.0,0.0
823,297.532,3.1185,7.6458,-1.2051,67.821,4t4d,-0.129,0.0,0.0
824,297.743,3.114,7.6325,-1.2055,67.828,4t4d,-0.099,0.0,0.0
825,297.956,3.1052,7.6095,-1.2056,67.834,4t4d,-0.104,0.0,0.0
826,298.172,3.091,7.5739,-1.2064,67.912,4t4d,-0.1,0.0,0.0
827,298.383,3.0826,7.5527,-1.2062,67.877,4t4d,-0.117,0.0,0.0
828,298.6,3.0785,7.5421,-1.2065,67.864,4t4d,-0.102,0.0,0.0
829,298.813,3.0653,7.5076,-1.2066,67.839,4t4d,-0.121,0.0,0.0
830,299.025,3.0509,7.47,-1.2062,67.821,4t4d,-0.119,0.0,0.0
831,299.237,3.0423,7.4468,-1.206,67.809,4t4d,-0.15,0.0,0.0
832,299.448,3.0334,7.4236,-1.2059,67.788,4t4d,-0.096,0.0,0.0
833,299.669,3.0286,7.411,-1.2056,67.78,4t4d,-0.105,0.0,0.0
834,299.881,3.0107,7.364,-1.2049,67.75,4t4d,-0.123,0.0,0.0
835,300.091,3.002,7.3425,-1.2046,67.752,4t4d,-0.145,0.0,0.0
836,300.303,2.9943,7.3229,-1.2042,67.735,4t4d,-0.131,0.0,0.0
837,300.518,2.9906,7.3132,-1.2041,67.737,4t4d,-0.112,0.0,0.0
838,300.732,2.9817,7.29,-1.2039,67.729,4t4d,-0.126,0.0,0.0
839,300.946,2.9697,7.2589,-1.204,67.716,4t4d,-0.119,0.0,0.0
840,301.156,2.9572,7.2264,-1.2034,67.708,4t4d,-0.108,0.0,0.0
841,301.37,2.9488,7.2051,-1.2028,67.711,4t4d,-0.085,0.0,0.0
842,301.583,2.9447,7.1949,-1.203,67.697,4t4d,-0.107,0.0,0.0
843,301.8,2.9363,7.1732,-1.2025,67.701,4t4d,-0.131,0.0,0.0
844,302.013,2.9248,7.1437,-1.2032,67.703,4t4d,-0.14,0.0,0.0
845,302.222,2.9184,7.1272,-1.2038,67.669,4t4d,-0.115,0.0,0.0
846,302.433,2.9077,7.0985,-1.2042,67.633,4t4d,-0.091,0.0,0.0
847,302.643,2.904,7.0882,-1.2042,67.664,4t4d,-0.075,0.0,0.0
848,302.852,2.8918,7.056,-1.2042,67.638,4t4d,-0.146,0.0,0.0
849,303.063,2.883,7.0329,-1.2044,67.63,4t4d,-0.133,0.0,0.0
850,303.273,2.879,7.0228,-1.2047,67.655,4t4d,-0.112,0.0,0.0
851,303.493,2.8617,6.9786,-1.2047,67.607,4t4d,-0.105,0.0,0.0
852,303.706,2.8579,6.9686,-1.2049,67.68,4t4d,-0.103,0.0,0.0
853,303.927,2.846,6.9384,-1.2044,67.662,4t4d,-0.115,0.0,0.0
854,304.137,2.8424,6.9292,-1.2042,67.638,4t4d,-0.125,0.0,0.0
855,304.347,2.8291,6.8937,-1.2043,67.618,4t4d,-0.115,0.0,0.0
856,304.558,2.8196,6.8699,-1.204,67.601,4t4d,-0.147,0.0,0.0
857,304.768,2.8111,6.8464,-1.2051,67.634,4t4d,-0.111,0.0,0.0
858,304.977,2.7949,6.8038,-1.206,67.692,4t4d,-0.098,0.0,0.0
859,305.185,2.7833,6.7738,-1.2063,67.731,4t4d,-0.128,0.0,0.0
860,305.401,2.772,6.7443,-1.2067,67.408,4t4d,-0.115,0.0,0.0
861,305.614,2.7613,6.7183,-1.2071,67.341,4t4d,-0.123,0.0,0.0
862,305.822,2.7503,6.691,-1.2072,67.314,4t4d,-0.153,0.0,0.0
863,306.033,2.7408,6.6663,-1.2073,67.301,4t4d,-0.158,0.0,0.0
864,306.244,2.7308,6.6404,-1.2079,67.309,4t4d,-0.169,0.0,0.0
865,306.457,2.7209,6.6147,-1.2078,67.266,4t4d,-0.157,0.0,0.0
866,306.667,2.707,6.579,-1.2085,67.244,4t4d,-0.13,0.0,0.0
867,306.88,2.6971,6.5541,-1.2084,67.236,4t4d,-0.146,0.0,0.0
868,307.09,2.6874,6.53,-1.2081,67.221,4t4d,-0.143,0.0,0.0
869,307.303,2.6775,6.5055,-1.2082,67.199,4t4d,-0.151,0.0,0.0
870,307.514,2.6673,6.4803,-1.2085,67.19,4t4d,-0.138,0.0,0.0
871,307.723,2.6521,6.4425,-1.2085,67.163,4t4d,-0.127,0.0,0.0
872,307.934,2.6418,6.4182,-1.2084,67.432,4t4d,-0.134,0.0,0.0
873,308.148,2.6316,6.393,-1.2083,67.518,4t4d,-0.128,0.0,0.0
874,308.36,2.621,6.3667,-1.208,67.555,4t4d,-0.128,0.0,0.0
875,308.57,2.611,6.3415,-1.2077,67.624,4t4d,-0.143,0.0,0.0
876,308.784,2.5953,6.3017,-1.2072,67.682,4t4d,-0.123,0.0,0.0
877,308.998,2.5844,6.2734,-1.2071,67.742,4t4d,-0.15,0.0,0.0
878,309.212,2.5796,6.2608,-1.2067,67.742,4t4d,-0.152,0.0,0.0
879,309.43,2.5631,6.2183,-1.2049,67.8,4t4d,-0.141,0.0,0.0
880,309.642,2.5532,6.1917,-1.2041,67.828,4t4d,-0.132,0.0,0.0
881,309.855,2.5414,6.1622,-1.2034,67.904,4t4d,-0.143,0.0,0.0
882,310.069,2.5311,6.134,-1.2032,67.972,4t4d,-0.144,0.0,0.0
883,310.284,2.5113,6.0845,-1.2032,68.063,4t4d,-0.124,0.0,0.0
884,310.499,2.5008,6.0584,-1.2025,68.08,4t4d,-0.162,0.0,0.0
885,310.722,2.4888,6.027,-1.2022,68.054,4t4d,-0.173,0.0,0.0
886,310.93,2.4711,5.9809,-1.2021,68.131,4t4d,-0.147,0.0,0.0
887,311.137,2.4593,5.9509,-1.2026,68.178,4t4d,-0.178,0.0,0.0
888,311.342,2.448,5.9216,-1.2022,68.204,4t4d,-0.16,0.0,0.0
889,311.555,2.4418,5.9063,-1.2025,68.186,4t4d,-0.146,0.0,0.0
890,311.768,2.4249,5.863,-1.2021,68.256,4t4d,-0.179,0.0,0.0
891,311.983,2.4131,5.832,-1.2019,68.235,4t4d,-0.169,0.0,0.0
892,312.193,2.3936,5.7815,-1.2019,68.268,4t4d,-0.176,0.0,0.0
893,312.404,2.3799,5.7465,-1.2016,68.32,4t4d,-0.167,0.0,0.0
894,312.634,2.3652,5.7082,-1.2015,68.313,4t4d,-0.154,0.0,0.0
895,312.841,2.3518,5.674,-1.2014,68.388,4t4d,-0.173,0.0,0.0
896,313.05,2.3304,5.617,-1.2007,68.39,4t4d,-0.161,0.0,0.0
897,313.264,2.3174,5.5824,-1.2004,68.414,4t4d,-0.165,0.0,0.0
898,313.477,2.3036,5.5463,-1.2002,68.446,4t4d,-0.17,0.0,0.0
899,313.7,2.2898,5.5104,-1.2004,68.511,4t4d,-0.219,0.0,0.0
900,313.914,2.2759,5.474,-1.2014,68.449,4t4d,-0.201,0.0,0.0
901,314.133,2.2536,5.4155,-1.2013,68.535,4t4d,-0.187,0.0,0.0
902,314.343,2.2464,5.3962,-1.2013,68.555,4t4d,-0.177,0.0,0.0
903,314.551,2.23,5.353,-1.2015,68.616,4t4d,-0.203,0.0,0.0
904,314.763,2.2062,5.289,-1.2015,68.802,4t4d,-0.233,0.0,0.0
905,314.973,2.192,5.2488,-1.2008,68.284,4t4d,-0.193,0.0,0.0
906,315.183,2.1766,5.2077,-1.2007,68.169,4t4d,-0.217,0.0,0.0
907,315.394,2.1612,5.1659,-1.2003,68.161,4t4d,-0.208,0.0,0.0
908,315.62,2.1464,5.1275,-1.2003,68.215,4t4d,-0.237,0.0,0.0
909,315.834,2.1233,5.0676,-1.2011,68.138,4t4d,-0.212,0.0,0.0
910,316.049,2.1076,5.0264,-1.2011,68.113,4t4d,-0.217,0.0,-2.98
911,316.259,2.0859,4.9694,-1.2002,67.953,4t4d,-0.206,0.0,0.0
912,316.472,2.0807,4.9556,-1.1995,68.006,4t4d,-0.215,0.0,0.0
913,316.684,2.0571,4.8951,-1.1985,67.86,4t4d,-0.211,0.0,0.0
914,316.896,2.0501,4.8758,-1.1982,67.752,4t4d,-0.223,0.0,0.0
915,317.119,2.0281,4.8183,-1.1977,67.67,4t4d,-0.208,0.0,0.0
916,317.326,2.0108,4.7739,-1.1991,67.717,4t4d,-0.221,0.0,0.0
917,317.541,1.9977,4.739,-1.1992,67.769,4t4d,-0.172,0.0,0.0
918,317.752,1.9748,4.6795,-1.1996,67.721,4t4d,-0.18,0.0,0.0
919,317.965,1.959,4.6388,-1.1999,67.713,4t4d,-0.228,0.0,0.0
920,318.181,1.9516,4.6195,-1.1999,67.713,4t4d,-0.208,0.0,0.0
921,318.39,1.9291,4.5615,-1.1992,67.746,4t4d,-0.235,0.0,0.0
922,318.599,1.9063,4.5023,-1.1992,67.713,4t4d,-0.212,0.0,0.0
923,318.81,1.8904,4.4624,-1.1988,67.666,4t4d,-0.22,0.0,0.0
924,319.033,1.8835,4.4445,-1.1987,67.679,4t4d,-0.207,0.0,0.0
925,319.238,1.8594,4.3822,-1.1987,67.623,4t4d,-0.208,0.0,0.0
926,319.445,1.8464,4.3486,-1.1993,67.602,4t4d,-0.212,0.0,0.0
927,319.656,1.8303,4.3077,-1.1992,67.207,4t4d,-0.221,0.0,0.0
928,319.864,1.8148,4.2702,-1.1993,67.492,4t4d,-0.197,0.0,0.0
929,320.075,1.7996,4.2327,-1.1997,67.873,4t4d,-0.196,0.0,0.0
930,320.284,1.7783,4.176,-1.1999,67.944,4t4d,-0.198,0.0,0.0
931,320.514,1.7656,4.1425,-1.1992,67.978,4t4d,-0.2,0.0,0.0
932,320.739,1.7515,4.1067,-1.1983,68.025,4t4d,-0.214,0.0,-2.72
933,320.95,1.7385,4.0722,-1.1981,68.047,4t4d,-0.198,0.0,0.0
934,321.164,1.721,4.0264,-1.1977,68.098,4t4d,-0.198,0.0,0.0
935,321.375,1.7082,3.9938,-1.1971,68.168,4t4d,-0.185,0.0,0.0
936,321.585,1.7026,3.9793,-1.1966,68.139,4t4d,-0.196,0.0,0.0
937,321.796,1.6844,3.9316,-1.1954,68.184,4t4d,-0.193,0.0,0.0
938,322.022,1.6725,3.9008,-1.1951,68.21,4t4d,-0.159,0.0,0.0
939,322.237,1.6612,3.8714,-1.1955,68.257,4t4d,-0.202,0.0,0.0
940,322.448,1.6437,3.8253,-1.1948,68.306,4t4d,-0.165,0.0,0.0
941,322.659,1.6321,3.7948,-1.1946,68.413,4t4d,-0.143,0.0,0.0
942,322.865,1.6269,3.7815,-1.1944,68.384,4t4d,-0.173,0.0,0.0
943,323.073,1.6129,3.7427,-1.1942,68.42,4t4d,-0.156,0.0,0.0
944,323.282,1.6027,3.7154,-1.1942,68.5,4t4d,-0.172,0.0,0.0
945,323.489,1.593,3.6902,-1.1938,68.556,4t4d,-0.167,0.0,0.0
946,323.7,1.5801,3.6559,-1.1929,68.566,4t4d,-0.157,0.0,0.0
947,323.918,1.5752,3.6425,-1.1928,68.605,4t4d,-0.141,0.0,0.0
948,324.136,1.5617,3.6058,-1.1933,68.227,4t4d,-0.145,0.0,0.0
949,324.348,1.5521,3.578,-1.1933,67.285,4t4d,-0.14,0.0,0.0
950,324.559,1.5366,3.5402,-1.1935,67.144,4t4d,-0.137,0.0,0.0
951,324.768,1.5254,3.5122,-1.1935,67.103,4t4d,-0.121,0.0,0.0
952,324.979,1.5198,3.4977,-1.1935,67.044,4t4d,-0.149,0.0,0.0
953,325.191,1.5025,3.453,-1.1942,65.728,4t4d,-0.15,0.0,0.0
954,325.404,1.4961,3.4383,-1.194,65.639,4t4d,-0.151,0.0,-5.39
955,325.614,1.4785,3.3975,-1.1939,65.649,4t4d,-0.138,0.0,0.0
956,325.825,1.466,3.3687,-1.1939,65.631,4t4d,-0.115,0.0,0.0
957,326.037,1.454,3.3405,-1.1941,65.61,4t4d,-0.149,0.0,0.0
958,326.249,1.4399,3.3074,-1.1942,65.601,4t4d,-0.173,0.0,-6.56
959,326.456,1.4166,3.252,-1.195,65.701,4t4d,-0.161,0.0,0.0
960,326.667,1.4086,3.2332,-1.1951,65.638,4t4d,-0.177,0.0,0.0
961,326.877,1.3843,3.176,-1.1951,65.632,4t4d,-0.164,0.0,0.0
962,327.092,1.3612,3.1213,-1.1946,65.698,4t4d,-0.149,0.0,0.0
963,327.303,1.3535,3.1033,-1.1934,65.621,4t4d,-0.173,0.0,0.0
964,327.517,1.3298,3.0471,-1.1934,65.682,4t4d,-0.227,0.0,0.0
965,327.73,1.3154,3.0132,-1.1927,65.634,4t4d,-0.21,0.0,0.0
966,327.943,1.3014,2.9808,-1.1923,65.519,4t4d,-0.196,0.0,0.0
967,328.15,1.2838,2.9391,-1.1923,65.571,4t4d,-0.212,0.0,0.0
968,328.357,1.2695,2.9056,-1.1924,65.458,4t4d,-0.197,0.0,0.0
969,328.586,1.2489,2.8577,-1.1921,65.48,4t4d,-0.214,0.0,0.0
970,328.8,1.2355,2.8255,-1.1911,65.426,4t4d,-0.198,0.0,0.0
971,329.014,1.2233,2.7963,-1.1902,65.431,4t4d,-0.168,0.0,0.0
972,329.224,1.2105,2.7664,-1.1896,65.535,4t4d,-0.216,0.0,0.0
973,329.435,1.1971,2.7348,-1.1914,65.642,4t4d,-0.175,0.0,0.0
974,329.675,1.1786,2.6918,-1.1908,65.691,4t4d,-0.199,0.0,0.0
975,329.887,1.1648,2.6604,-1.1905,65.887,4t4d,-0.177,0.0,0.0
976,330.097,1.1518,2.6302,-1.1901,66.009,4t4d,-0.156,0.0,0.0
977,330.309,1.1399,2.6027,-1.1909,66.19,4t4d,-0.167,0.0,0.0
978,330.527,1.1206,2.5585,-1.1917,67.295,4t4d,-0.188,0.0,0.0
979,330.752,1.1156,2.5466,-1.1917,67.484,4t4d,-0.186,0.0,0.0
980,330.969,1.098,2.501,-1.1908,67.605,4t4d,-0.175,0.0,0.0
981,331.179,1.0868,2.4725,-1.1901,67.639,4t4d,-0.166,0.0,0.0
982,331.39,1.0752,2.4419,-1.1899,67.308,4t4d,-0.162,0.0,0.0
983,331.601,1.0576,2.3979,-1.1895,67.235,4t4d,-0.158,0.0,3.51
984,331.814,1.0448,2.3663,-1.1895,67.198,4t4d,-0.172,0.0,0.0
985,332.022,1.031,2.3308,-1.1918,67.218,4t4d,-0.19,0.0,0.0
986,332.233,1.024,2.3133,-1.1917,67.161,4t4d,-0.145,0.0,0.0
987,332.448,1.0003,2.2544,-1.1905,66.761,4t4d,-0.166,0.0,0.0
988,332.665,0.9843,2.2156,-1.1898,66.559,4t4d,-0.153,0.0,0.0
989,332.881,0.9615,2.1604,-1.1885,66.431,4t4d,-0.18,0.0,0.0
990,333.105,0.9475,2.1253,-1.1882,66.075,4t4d,-0.201,0.0,0.0
991,333.327,0.931,2.0848,-1.1875,65.602,4t4d,-0.167,0.0,0.0
992,333.541,0.9152,2.0471,-1.1875,65.401,4t4d,-0.234,0.0,0.0
993,333.762,0.8984,2.008,-1.188,65.453,4t4d,-0.226,0.0,0.0
994,333.993,0.8746,1.9524,-1.1898,65.427,4t4d,-0.182,0.0,0.0
995,334.204,0.8587,1.9158,-1.19,65.412,4t4d,-0.194,0.0,-2.5
996,334.419,0.8336,1.8572,-1.1888,65.418,4t4d,-0.212,0.0,0.0
997,334.632,0.8168,1.8186,-1.1884,65.341,4t4d,-0.194,0.0,0.0
998,334.847,0.7985,1.7762,-1.1881,65.402,4t4d,-0.203,0.0,0.0
999,335.066,0.7815,1.7367,-1.1869,65.392,4t4d,-0.173,0.0,0.0
1000,335.279,0.7644,1.6976,-1.1859,65.386,4t4d,-0.206,0.0,0.0
1001,335.49,0.7458,1.6549,-1.1852,65.503,4t4d,-0.236,0.0,0.0
1002,335.704,0.7283,1.6162,-1.1879,65.697,4t4d,-0.223,0.0,0.0
1003,335.934,0.7094,1.5736,-1.1885,65.729,4t4d,-0.233,0.0,0.0
1004,336.144,0.6835,1.5136,-1.1879,65.66,4t4d,-0.223,0.0,0.0
1005,336.353,0.6667,1.474,-1.187,65.632,4t4d,-0.214,0.0,0.0
1006,336.576,0.6406,1.4136,-1.1865,65.681,4t4d,-0.225,0.0,0.0
1007,336.79,0.625,1.3775,-1.1834,65.733,4t4d,-0.193,0.0,0.0
1008,337.002,0.6074,1.3368,-1.1804,65.694,4t4d,-0.214,0.0,0.0
1009,337.213,0.591,1.2985,-1.1787,65.674,4t4d,-0.232,0.0,0.0
1010,337.424,0.5729,1.257,-1.1761,65.717,4t4d,-0.211,0.0,0.0
1011,337.635,0.5561,1.2172,-1.1731,65.844,4t4d,-0.2,0.0,0.0
1012,337.845,0.5303,1.1579,-1.1684,65.811,4t4d,-0.231,0.0,0.0
1013,338.072,0.5221,1.1386,-1.1666,65.838,4t4d,-0.185,0.0,0.0
1014,338.285,0.4967,1.0784,-1.1611,65.847,4t4d,-0.202,0.0,0.0
1015,338.505,0.4841,1.0471,-1.1573,66.228,4t4d,-0.206,0.0,0.0
1016,338.719,0.4628,0.9961,-1.1473,67.941,4t4d,-0.191,0.0,0.0
1017,338.937,0.4549,0.9772,-1.1446,68.352,4t4d,-0.191,0.0,0.0
1018,339.151,0.4349,0.925,-1.1369,68.514,4t4d,-0.204,0.0,0.0
1019,339.364,0.4212,0.8891,-1.1314,68.557,4t4d,-0.206,0.0,0.0
1020,339.577,0.4031,0.8384,-1.1214,68.467,4t4d,-0.185,0.0,0.0
1021,339.787,0.3888,0.8041,-1.1155,68.382,4t4d,-0.17,0.0,5.78
1022,340.005,0.3825,0.7886,-1.1138,68.451,4t4d,-0.229,0.0,4.15
1023,340.219,0.364,0.7366,-1.1076,68.503,4t4d,-0.206,0.0,0.0
1024,340.435,0.3513,0.7033,-1.1026,68.547,4t4d,-0.18,0.0,0.0
1025,340.652,0.3301,0.6471,-1.0965,68.229,4t4d,-0.22,0.0,0.0
1026,340.861,0.3162,0.6101,-1.0935,67.898,4t4d,-0.192,0.0,0.0
1027,341.082,0.3022,0.5727,-1.0904,67.12,4t4d,-0.196,0.0,0.0
1028,341.296,0.292,0.5479,-1.0863,67.017,4t4d,-0.208,0.0,0.0
1029,341.512,0.2817,0.517,-1.0784,67.396,4t4d,-0.21,0.0,0.0
1030,341.725,0.2588,0.4581,-1.0769,67.227,4t4d,-0.196,0.0,0.0
1031,341.938,0.2451,0.4229,-1.0752,67.333,4t4d,-0.212,0.0,0.0
1032,342.164,0.2375,0.4034,-1.0738,67.414,4t4d,-0.208,0.0,-4.18
1033,342.376,0.2154,0.3474,-1.0711,67.534,4t4d,-0.199,0.0,0.0
1034,342.588,0.2011,0.3098,-1.0707,67.567,4t4d,-0.225,0.0,0.0
1035,342.799,0.1781,0.2499,-1.0696,67.686,4t4d,-0.163,0.0,0.0
1036,343.015,0.1701,0.2294,-1.0696,67.701,4t4d,-0.228,0.0,0.0
1037,343.242,0.1545,0.1901,-1.0698,67.731,4t4d,-0.208,0.0,0.0
1038,343.451,0.1303,0.1277,-1.07,67.79,4t4d,-0.195,0.0,0.0
1039,343.662,0.1145,0.0866,-1.0703,67.825,4t4d,-0.221,0.0,0.0
1040,343.872,0.0988,0.0455,-1.071,67.887,4t4d,-0.218,0.0,0.0
1041,344.078,0.0749,-0.0163,-1.0712,67.961,4t4d,-0.225,0.0,0.0
1042,344.289,0.0595,-0.0569,-1.0712,67.988,4t4d,-0.216,0.0,0.0
1043,344.502,0.0519,-0.0766,-1.0713,67.983,4t4d,-0.225,0.0,0.0
1044,344.72,0.0281,-0.138,-1.072,67.97,4t4d,-0.223,0.0,0.0
1045,344.932,0.0287,-0.1366,-1.0722,67.838,4t4d,-0.229,0.0,0.0
1046,345.145,0.0264,-0.1416,-1.072,67.771,4t4d,-0.218,0.0,0.0
1047,345.355,0.0264,-0.1417,-1.072,67.767,4t4d,-0.221,0.0,0.0
1048,345.566,0.0263,-0.1421,-1.0721,67.764,4t4d,-0.227,0.0,0.0
1049,345.778,0.0255,-0.1424,-1.0722,67.602,4t4d,-0.205,0.0,0.0
1050,345.991,0.0254,-0.143,-1.0722,67.346,4t4d,0.055,0.0,0.0
1051,346.205,0.0252,-0.1428,-1.0725,67.199,4t4d,-0.049,0.0,0.0
1052,346.421,0.0263,-0.1434,-1.0724,67.055,crab,0.006,0.0,0.0
1053,346.632,0.0265,-0.1434,-1.0724,67.052,crab,0.002,0.0,0.0
1054,346.844,0.0266,-0.1435,-1.0724,67.051,crab,-0.001,0.0,0.0
1055,347.056,0.0175,-0.1395,-1.0724,67.042,crab,0.0,0.178,-0.009
1056,347.267,-0.0153,-0.1256,-1.0731,67.04,crab,0.0,0.1295,-0.177
1057,347.486,-0.039,-0.115,-1.0738,67.004,crab,0.0,0.1449,0.09
1058,347.702,-0.0659,-0.1044,-1.0736,67.022,crab,0.0,0.0708,-0.1
1059,347.919,-0.079,-0.0989,-1.0738,67.002,crab,0.0,0.2572,-0.283
1060,348.128,-0.1266,-0.0795,-1.0743,66.946,crab,0.0,0.2896,-0.235
1061,348.337,-0.1784,-0.0533,-1.0759,66.899,crab,0.0,0.0983,0.045
1062,348.549,-0.1966,-0.0459,-1.0764,66.908,crab,0.0,0.3503,-0.265
1063,348.762,-0.2617,-0.0198,-1.0771,66.855,crab,0.0,0.2427,-0.491
1064,348.978,-0.3068,-0.0019,-1.0771,66.757,crab,0.0,0.2491,-0.317
1065,349.188,-0.3531,0.0166,-1.0772,66.693,crab,0.0,0.2679,-0.432
1066,349.401,-0.4027,0.0369,-1.0772,66.607,crab,0.0,0.3843,0.026
1067,349.613,-0.4733,0.0673,-1.0784,66.612,crab,0.0,0.1275,-0.068
1068,349.825,-0.4968,0.0772,-1.0786,66.598,crab,0.0,0.403,-0.442
1069,350.038,-0.5714,0.1077,-1.0792,66.51,crab,0.0,0.2755,-0.222
1070,350.253,-0.622,0.1294,-1.0795,66.465,crab,0.0,0.2709,-0.057
1071,350.463,-0.6721,0.1502,-1.0798,66.454,crab,0.0,0.2763,-0.031
1072,350.67,-0.7229,0.1719,-1.0803,66.448,crab,0.0,0.2786,-0.456
1073,350.881,-0.7743,0.1935,-1.0801,66.357,crab,0.0,0.4086,-0.218
1074,351.094,-0.8497,0.2249,-1.0804,66.313,crab,0.0,0.1376,-0.016
1075,351.321,-0.875,0.2357,-1.0805,66.31,crab,0.0,0.4119,-0.297
1076,351.536,-0.9508,0.268,-1.081,66.25,crab,0.0,0.2755,-0.282
1077,351.745,-1.0018,0.289,-1.0814,66.194,crab,0.0,0.3137,0.049
1078,351.951,-1.0595,0.3135,-1.0815,66.204,crab,0.0,0.063,-1.328
1079,352.157,-1.0491,0.3061,-1.0814,65.938,crab,0.001,0.276,0.0
1080,352.367,-1.0484,0.3068,-1.0811,66.042,crab,0.001,0.274,0.0
1081,352.579,-1.0486,0.3065,-1.0809,66.13,crab,0.001,0.272,0.0
1082,352.79,-1.0488,0.3068,-1.0812,66.172,crab,0.001,0.278,0.0
1083,353.001,-1.049,0.3068,-1.0814,66.172,crab,0.001,0.267,0.0
1084,353.212,-1.0489,0.307,-1.0815,66.172,crab,0.0,0.05,0.0
1085,353.419,-1.0488,0.3071,-1.0817,66.173,crab,0.002,0.003,0.0
1086,353.641,-1.0471,0.3108,-1.0819,66.175,crab,0.0,0.0,0.0
1087,353.853,-1.0408,0.325,-1.0819,66.192,crab,0.0,0.0,0.0
1088,354.062,-1.0322,0.3465,-1.082,66.211,crab,0.0,0.0,0.0
1089,354.277,-1.0209,0.3738,-1.0818,66.233,4t4d,0.0,0.0,0.0
1090,354.485,-0.9997,0.4249,-1.0819,66.252,4t4d,0.0,0.0,0.0
1091,354.701,-0.9839,0.4631,-1.0819,66.246,4t4d,0.0,0.0,0.0
1092,354.924,-0.9672,0.5036,-1.0821,66.236,4t4d,0.081,0.0,0.0
1093,355.134,-0.9493,0.5462,-1.0825,66.256,4t4d,0.13,0.0,0.0
1094,355.349,-0.9406,0.5676,-1.0827,66.248,4t4d,0.139,0.0,0.0
1095,355.56,-0.9056,0.6528,-1.0837,66.255,4t4d,0.177,0.0,0.0
1096,355.769,-0.8871,0.6949,-1.0845,65.756,4t4d,0.22,0.0,0.0
1097,355.983,-0.8785,0.7145,-1.0849,65.48,4t4d,0.235,0.0,0.0
1098,356.194,-0.8515,0.7746,-1.0865,65.352,4t4d,0.223,0.0,0.0
1099,356.407,-0.8351,0.8121,-1.0872,65.336,4t4d,0.232,0.0,0.0
1100,356.62,-0.81,0.8692,-1.0887,65.289,4t4d,0.243,0.0,0.0
1101,356.835,-0.793,0.908,-1.0907,65.401,4t4d,0.239,0.0,0.0
1102,357.045,-0.7769,0.9462,-1.0929,65.726,4t4d,0.225,0.0,0.0
1103,357.258,-0.7597,0.9887,-1.1009,66.072,4t4d,0.228,0.0,0.0
1104,357.47,-0.7461,1.0208,-1.1036,66.091,4t4d,0.206,0.0,0.0
1105,357.683,-0.7304,1.0585,-1.1066,66.041,4t4d,0.201,0.0,0.0
1106,357.897,-0.7143,1.0977,-1.1102,65.987,4t4d,0.219,0.0,0.0
1107,358.144,-0.7002,1.1325,-1.1127,66.344,4t4d,0.2,0.0,0.0
1108,358.354,-0.6766,1.1976,-1.1183,68.255,4t4d,0.224,0.0,0.0
1109,358.563,-0.654,1.2588,-1.1262,69.026,4t4d,0.187,0.0,0.0
1110,358.773,-0.6447,1.2838,-1.1316,69.012,4t4d,0.187,0.0,0.0
1111,358.983,-0.6234,1.3413,-1.1452,68.796,4t4d,0.243,0.0,0.0
1112,359.194,-0.6085,1.3797,-1.1529,67.714,4t4d,0.209,0.0,3.61
1113,359.416,-0.5937,1.4174,-1.1591,67.395,4t4d,0.24,0.0,6.67
1114,359.635,-0.5709,1.4744,-1.1675,67.24,4t4d,0.221,0.0,2.85
1115,359.844,-0.5632,1.4937,-1.1704,67.069,4t4d,0.243,0.0,0.0
1116,360.058,-0.5467,1.5366,-1.1729,67.252,4t4d,0.256,0.0,0.0
1117,360.27,-0.5195,1.6039,-1.177,67.335,4t4d,0.221,0.0,-4.12
1118,360.481,-0.4988,1.6557,-1.1809,67.487,4t4d,0.246,0.0,0.0
1119,360.691,-0.4784,1.7075,-1.1876,67.456,4t4d,0.204,0.0,0.0
1120,360.901,-0.4499,1.7796,-1.192,67.38,4t4d,0.248,0.0,0.0
1121,361.112,-0.4408,1.802,-1.1935,67.3,4t4d,0.204,0.0,0.0
1122,361.326,-0.4132,1.8718,-1.197,67.478,4t4d,0.211,0.0,0.0
1123,361.548,-0.3939,1.9216,-1.1969,67.613,4t4d,0.243,0.0,0.0
1124,361.762,-0.3877,1.9369,-1.1977,67.537,4t4d,0.239,0.0,0.0
1125,361.972,-0.3607,2.0055,-1.1992,67.641,4t4d,0.25,0.0,0.0
1126,362.183,-0.3356,2.0688,-1.2014,67.669,4t4d,0.246,0.0,0.0
1127,362.391,-0.3177,2.1125,-1.2004,67.715,4t4d,0.241,0.0,0.0
1128,362.602,-0.2999,2.1579,-1.2004,67.566,4t4d,0.238,0.0,0.0
1129,362.814,-0.2832,2.2011,-1.2,67.479,4t4d,0.23,0.0,0.0
1130,363.038,-0.2658,2.2453,-1.2002,67.496,4t4d,0.236,0.0,0.0
1131,363.249,-0.2467,2.2946,-1.2015,67.444,4t4d,0.249,0.0,0.0
1132,363.458,-0.2216,2.3591,-1.2009,67.281,4t4d,0.232,0.0,0.0
1133,363.667,-0.2128,2.3818,-1.2007,67.245,4t4d,0.262,0.0,0.0
1134,363.875,-0.1876,2.4499,-1.2013,67.559,4t4d,0.228,0.0,0.0
1135,364.09,-0.1779,2.4756,-1.2007,67.442,4t4d,0.252,0.0,0.0
1136,364.3,-0.1426,2.5663,-1.2025,68.084,4t4d,0.258,0.0,0.0
1137,364.511,-0.1333,2.5902,-1.2027,68.279,4t4d,0.248,0.0,0.0
1138,364.727,-0.1164,2.6353,-1.2036,68.725,4t4d,0.246,0.0,0.0
1139,364.968,-0.0919,2.7052,-1.2037,69.37,4t4d,0.233,0.0,0.0
1140,365.179,-0.0758,2.7507,-1.204,69.558,4t4d,0.23,0.0,0.0
1141,365.386,-0.0596,2.7964,-1.2044,69.474,4t4d,0.231,0.0,0.0
1142,365.605,-0.036,2.8647,-1.204,69.599,4t4d,0.254,0.0,0.0
1143,365.833,-0.0217,2.9047,-1.2038,69.574,4t4d,0.232,0.0,0.0
1144,366.048,-0.001,2.9636,-1.2034,69.62,4t4d,0.256,0.0,0.0
1145,366.256,0.0052,2.9805,-1.2035,69.472,4t4d,0.249,0.0,0.0
1146,366.469,0.0191,3.018,-1.2045,69.078,4t4d,0.252,0.0,0.0
1147,366.686,0.0364,3.0656,-1.2055,68.861,4t4d,0.274,0.0,0.0
1148,366.91,0.0422,3.0816,-1.2055,68.835,4t4d,0.226,0.0,0.0
1149,367.138,0.0589,3.1256,-1.2055,68.786,4t4d,0.192,0.0,0.0
1150,367.348,0.0709,3.1593,-1.2055,68.766,4t4d,0.185,0.0,0.0
1151,367.563,0.0886,3.2079,-1.2059,68.694,4t4d,0.203,0.0,0.0
1152,367.776,0.1008,3.2422,-1.2059,68.645,4t4d,0.173,0.0,0.0
1153,367.992,0.1126,3.2752,-1.2063,68.648,4t4d,0.174,0.0,0.0
1154,368.21,0.1254,3.3094,-1.2066,68.631,4t4d,0.165,0.0,0.0
1155,368.425,0.1378,3.3427,-1.2069,68.637,4t4d,0.174,0.0,0.0
1156,368.654,0.1564,3.3902,-1.2076,67.967,4t4d,0.166,0.0,0.0
1157,368.87,0.1629,3.4059,-1.2067,67.548,4t4d,0.184,0.0,0.0
1158,369.08,0.1837,3.4571,-1.2066,67.4,4t4d,0.174,0.0,0.0
1159,369.289,0.1976,3.4927,-1.2069,67.374,4t4d,0.184,0.0,0.0
1160,369.503,0.2186,3.5442,-1.2076,67.276,4t4d,0.168,0.0,0.0
1161,369.714,0.2256,3.5623,-1.2075,67.258,4t4d,0.153,0.0,0.0
1162,369.929,0.2389,3.5961,-1.2077,67.213,4t4d,0.192,0.0,-3.77
1163,370.149,0.252,3.6309,-1.2078,67.074,4t4d,0.17,0.0,0.0
1164,370.368,0.2719,3.6814,-1.2084,66.976,4t4d,0.203,0.0,0.0
1165,370.579,0.2864,3.7171,-1.2087,66.977,4t4d,0.187,0.0,0.0
1166,370.791,0.3066,3.7671,-1.2083,66.956,4t4d,0.18,0.0,0.0
1167,371.008,0.3135,3.7834,-1.2078,66.9,4t4d,0.174,0.0,0.0
1168,371.225,0.3354,3.8356,-1.2083,66.763,4t4d,0.174,0.0,0.0
1169,371.442,0.3568,3.8878,-1.2097,66.692,4t4d,0.181,0.0,0.0
1170,371.655,0.3706,3.9218,-1.2101,66.709,4t4d,0.194,0.0,0.0
1171,371.865,0.385,3.9578,-1.2105,66.712,4t4d,0.218,0.0,0.0
1172,372.086,0.4008,3.9946,-1.21,66.534,4t4d,0.208,0.0,0.0
1173,372.297,0.4147,4.0282,-1.2103,66.481,4t4d,0.196,0.0,0.0
1174,372.507,0.4308,4.0648,-1.2092,66.396,4t4d,0.194,0.0,0.0
1175,372.716,0.4534,4.1184,-1.2094,66.404,4t4d,0.187,0.0,0.0
1176,372.927,0.4689,4.1569,-1.2082,66.487,4t4d,0.204,0.0,0.0
1177,373.141,0.4847,4.1962,-1.2083,66.648,4t4d,0.193,0.0,0.0
1178,373.357,0.5,4.2343,-1.2086,66.638,4t4d,0.19,0.0,0.0
1179,373.567,0.5151,4.2718,-1.2091,66.642,4t4d,0.201,0.0,0.0
1180,373.779,0.5302,4.3081,-1.2094,66.818,4t4d,0.199,0.0,0.0
1181,373.988,0.545,4.3415,-1.2091,66.734,4t4d,0.189,0.0,0.0
1182,374.197,0.5596,4.3766,-1.209,66.796,4t4d,0.228,0.0,0.0
1183,374.411,0.5813,4.4299,-1.2093,66.808,4t4d,0.215,0.0,0.0
1184,374.62,0.5946,4.4629,-1.2086,66.831,4t4d,0.194,0.0,0.0
1185,374.827,0.602,4.4808,-1.2088,66.844,4t4d,0.193,0.0,0.0
1186,375.039,0.6245,4.5354,-1.2092,66.869,4t4d,0.21,0.0,0.0
1187,375.253,0.646,4.5904,-1.2093,66.854,4t4d,0.193,0.0,0.0
1188,375.467,0.6601,4.6262,-1.2093,66.868,4t4d,0.172,0.0,0.0
1189,375.679,0.6742,4.6631,-1.2096,67.287,4t4d,0.164,0.0,0.0
1190,375.894,0.6897,4.7031,-1.2103,67.415,4t4d,0.214,0.0,0.0
1191,376.104,0.7034,4.7383,-1.2109,67.36,4t4d,0.192,0.0,0.0
1192,376.318,0.7255,4.7964,-1.2118,67.399,4t4d,0.195,0.0,0.0
1193,376.528,0.7326,4.8148,-1.212,67.404,4t4d,0.199,0.0,0.0
1194,376.74,0.7528,4.8688,-1.2134,67.49,4t4d,0.213,0.0,0.0
1195,376.951,0.7674,4.9065,-1.2129,67.523,4t4d,0.215,0.0,0.0
1196,377.179,0.7817,4.9428,-1.2136,67.519,4t4d,0.208,0.0,0.0
1197,377.39,0.7979,4.9845,-1.2142,67.58,4t4d,0.205,0.0,0.0
1198,377.602,0.8215,5.0436,-1.215,67.529,4t4d,0.195,0.0,0.0
1199,377.822,0.8363,5.0816,-1.2164,67.479,4t4d,0.178,0.0,0.0
1200,378.034,0.8497,5.1148,-1.2168,67.485,4t4d,0.194,0.0,0.0
1201,378.244,0.864,5.1501,-1.2167,67.496,4t4d,0.197,0.0,0.0
1202,378.454,0.8785,5.1863,-1.2169,67.494,4t4d,0.224,0.0,0.0
1203,378.669,0.8996,5.2408,-1.2167,67.381,4t4d,0.203,0.0,0.0
1204,378.878,0.9127,5.2755,-1.2184,67.402,4t4d,0.211,0.0,0.0
1205,379.097,0.9265,5.311,-1.2193,67.372,4t4d,0.188,0.0,0.0
1206,379.308,0.9421,5.3506,-1.2205,67.382,4t4d,0.195,0.0,0.0
1207,379.52,0.9583,5.3923,-1.2215,67.431,4t4d,0.189,0.0,0.0
1208,379.731,0.9722,5.4278,-1.2219,67.489,4t4d,0.185,0.0,0.0
1209,379.946,0.9896,5.4718,-1.2211,67.402,4t4d,0.187,0.0,0.0
1210,380.157,1.0132,5.5303,-1.2205,67.423,4t4d,0.197,0.0,0.0
1211,380.375,1.0288,5.5702,-1.2204,67.416,4t4d,0.203,0.0,0.0
1212,380.585,1.0451,5.6114,-1.2205,67.316,4t4d,0.236,0.0,0.0
1213,380.808,1.0691,5.6732,-1.221,67.321,4t4d,0.224,0.0,0.0
1214,381.019,1.0843,5.7118,-1.2221,67.229,4t4d,0.233,0.0,0.0
1215,381.231,1.1009,5.7539,-1.2231,67.148,4t4d,0.202,0.0,0.0
1216,381.443,1.1155,5.7922,-1.2241,67.025,4t4d,0.214,0.0,0.0
1217,381.656,1.1245,5.8149,-1.2236,67.198,4t4d,0.217,0.0,0.0
1218,381.866,1.1544,5.8914,-1.2235,67.127,4t4d,0.221,0.0,0.0
1219,382.078,1.1714,5.9342,-1.223,66.992,4t4d,0.212,0.0,0.0
1220,382.29,1.188,5.9733,-1.2232,67.167,4t4d,0.234,0.0,0.0
1221,382.503,1.2045,6.017,-1.2237,67.241,4t4d,0.247,0.0,0.0
1222,382.716,1.2148,6.0429,-1.2235,67.219,4t4d,0.199,0.0,0.0
1223,382.929,1.2243,6.0665,-1.2235,67.229,4t4d,0.242,0.0,0.0
1224,383.14,1.2387,6.1033,-1.2235,67.209,4t4d,0.217,0.0,0.0
1225,383.35,1.2474,6.1262,-1.2234,67.225,4t4d,0.25,0.0,0.0
1226,383.561,1.2551,6.1459,-1.2232,67.305,4t4d,0.217,0.0,0.0
1227,383.781,1.2638,6.1669,-1.2232,67.3,4t4d,0.119,0.0,0.0
1228,383.991,1.2715,6.1874,-1.2219,67.306,4t4d,0.129,0.0,0.0
1229,384.205,1.2816,6.2125,-1.2217,67.352,4t4d,0.122,0.0,0.0
1230,384.42,1.2946,6.2457,-1.2213,67.372,4t4d,0.122,0.0,0.0
1231,384.629,1.3031,6.2673,-1.2211,67.376,4t4d,0.095,0.0,0.0
1232,384.84,1.308,6.2797,-1.221,67.377,4t4d,0.138,0.0,0.0
1233,385.052,1.3215,6.3141,-1.2209,67.358,4t4d,0.112,0.0,0.0
1234,385.262,1.3293,6.3338,-1.2209,67.442,4t4d,0.141,0.0,0.0
1235,385.472,1.3376,6.355,-1.2211,67.412,4t4d,0.124,0.0,0.0
1236,385.682,1.3511,6.3893,-1.2207,67.432,4t4d,0.113,0.0,0.0
1237,385.89,1.3603,6.4122,-1.2213,67.424,4t4d,0.136,0.0,0.0
1238,386.1,1.3663,6.4275,-1.2214,67.465,4t4d,0.129,0.0,0.0
1239,386.316,1.3852,6.4756,-1.2214,67.513,4t4d,0.1,0.0,0.0
1240,386.528,1.3956,6.5016,-1.2221,67.512,4t4d,0.123,0.0,0.0
1241,386.738,1.4036,6.5219,-1.2221,67.528,4t4d,0.095,0.0,0.0
1242,386.959,1.4158,6.5535,-1.2228,67.634,4t4d,0.128,0.0,0.0
1243,387.169,1.4245,6.5752,-1.2227,67.601,4t4d,0.157,0.0,0.0
1244,387.381,1.4334,6.5993,-1.2225,67.646,4t4d,0.169,0.0,0.0
1245,387.593,1.4433,6.6247,-1.2237,67.778,4t4d,0.131,0.0,0.0
1246,387.802,1.4534,6.6547,-1.2241,69.261,4t4d,0.116,0.0,0.0
1247,388.012,1.4623,6.6829,-1.2255,70.482,4t4d,0.122,0.0,0.0
1248,388.228,1.4723,6.7122,-1.2272,69.882,4t4d,0.098,0.0,0.0
1249,388.442,1.4896,6.7521,-1.2269,67.432,4t4d,0.107,0.0,0.0
1250,388.66,1.5037,6.7839,-1.227,66.434,4t4d,0.129,0.0,1.85
1251,388.871,1.5188,6.8198,-1.2276,66.252,4t4d,0.161,0.0,8.84
1252,389.083,1.5357,6.8602,-1.2281,66.161,4t4d,0.143,0.0,0.0
1253,389.294,1.5609,6.9229,-1.2284,66.536,4t4d,0.152,0.0,-3.96
1254,389.506,1.5712,6.9497,-1.2287,66.813,4t4d,0.165,0.0,-9.39
1255,389.737,1.5956,7.014,-1.2302,67.654,4t4d,0.188,0.0,-5.49
1256,389.946,1.6138,7.0628,-1.231,67.789,4t4d,0.207,0.0,0.0
1257,390.157,1.6358,7.1223,-1.2313,67.854,4t4d,0.231,0.0,0.0
1258,390.369,1.6539,7.1707,-1.2322,68.013,4t4d,0.231,0.0,0.0
1259,390.579,1.6714,7.2168,-1.233,68.049,4t4d,0.213,0.0,0.0
1260,390.789,1.6897,7.2641,-1.2333,68.142,4t4d,0.241,0.0,3.24
1261,391.004,1.7065,7.3103,-1.2342,68.258,4t4d,0.254,0.0,0.0
1262,391.216,1.7221,7.3536,-1.235,68.229,4t4d,0.254,0.0,0.0
1263,391.426,1.7484,7.4226,-1.2372,68.112,4t4d,0.27,0.0,0.0
1264,391.635,1.7565,7.4437,-1.2376,68.091,4t4d,0.236,0.0,0.0
1265,391.847,1.7757,7.4935,-1.2377,68.069,4t4d,0.263,0.0,0.0
1266,392.058,1.8015,7.5594,-1.2384,67.934,4t4d,0.272,0.0,0.0
1267,392.279,1.8184,7.6033,-1.2383,67.76,4t4d,0.239,0.0,0.0
1268,392.499,1.8432,7.665,-1.2372,67.808,4t4d,0.251,0.0,0.0
1269,392.725,1.8597,7.7071,-1.238,67.801,4t4d,0.225,0.0,0.0
1270,392.938,1.8774,7.7527,-1.2386,67.78,4t4d,0.261,0.0,0.0
1271,393.146,1.8947,7.7974,-1.2389,67.734,4t4d,0.242,0.0,0.0
1272,393.356,1.9197,7.8639,-1.2369,67.73,4t4d,0.241,0.0,0.0
1273,393.566,1.9295,7.8886,-1.2365,67.695,4t4d,0.226,0.0,0.0
1274,393.78,1.9543,7.9548,-1.2376,67.732,4t4d,0.251,0.0,0.0
1275,393.991,1.9713,7.9991,-1.2373,67.758,4t4d,0.261,0.0,0.0
1276,394.214,1.9883,8.0403,-1.2368,67.775,4t4d,0.248,0.0,0.0
1277,394.431,2.0066,8.0882,-1.2361,67.766,4t4d,0.262,0.0,0.0
1278,394.642,2.0326,8.1546,-1.236,67.74,4t4d,0.273,0.0,0.0
1279,394.856,2.0487,8.1962,-1.2365,67.779,4t4d,0.265,0.0,0.0
1280,395.069,2.0654,8.239,-1.2367,67.72,4t4d,0.244,0.0,0.0
1281,395.283,2.0835,8.2836,-1.2364,67.661,4t4d,0.247,0.0,0.0
1282,395.5,2.1002,8.3267,-1.2365,67.589,4t4d,0.256,0.0,0.0
1283,395.719,2.1281,8.3966,-1.2356,67.431,4t4d,0.249,0.0,0.0
1284,395.929,2.1347,8.4122,-1.2356,67.357,4t4d,0.219,0.0,0.0
1285,396.145,2.1592,8.4741,-1.2356,67.267,4t4d,0.276,0.0,0.0
1286,396.357,2.1742,8.5119,-1.2361,67.187,4t4d,0.246,0.0,0.0
1287,396.561,2.1805,8.5289,-1.2369,67.271,4t4d,0.239,0.0,0.0
1288,396.77,2.1977,8.5729,-1.2374,67.227,4t4d,0.231,0.0,0.0
1289,396.979,2.2115,8.6066,-1.2373,67.093,4t4d,0.214,0.0,0.0
1290,397.194,2.2327,8.6591,-1.2382,66.973,4t4d,0.225,0.0,0.0
1291,397.4,2.2486,8.6981,-1.239,66.89,4t4d,0.215,0.0,0.0
1292,397.618,2.2634,8.7356,-1.2394,66.71,4t4d,0.171,0.0,0.0
1293,397.838,2.2781,8.7727,-1.2383,66.645,4t4d,0.164,0.0,0.0
1294,398.049,2.2946,8.8127,-1.2393,66.469,4t4d,0.186,0.0,0.0
1295,398.258,2.3092,8.8491,-1.2416,66.475,4t4d,0.186,0.0,0.0
1296,398.468,2.3344,8.9123,-1.2446,66.337,4t4d,0.223,0.0,0.0
1297,398.679,2.3522,8.9562,-1.2436,66.866,4t4d,0.191,0.0,0.0
1298,398.888,2.37,9.0011,-1.2442,67.328,4t4d,0.208,0.0,0.0
1299,399.1,2.3862,9.0445,-1.2458,68.074,4t4d,0.23,0.0,0.0
1300,399.325,2.4127,9.1143,-1.2485,68.581,4t4d,0.217,0.0,0.0
1301,399.537,2.4277,9.1591,-1.2503,69.182,4t4d,0.225,0.0,0.0
1302,399.747,2.4445,9.2064,-1.2509,69.214,4t4d,0.217,0.0,3.41
1303,399.962,2.4602,9.2492,-1.2517,69.19,4t4d,0.232,0.0,0.0
1304,400.168,2.4759,9.293,-1.2518,69.3,4t4d,0.241,0.0,4.48
1305,400.379,2.4911,9.3339,-1.2511,69.402,4t4d,0.235,0.0,0.0
1306,400.598,2.5134,9.3974,-1.251,69.577,4t4d,0.245,0.0,2.88
1307,400.809,2.5281,9.4396,-1.2516,69.589,4t4d,0.227,0.0,0.0
1308,401.031,2.5432,9.4824,-1.2524,69.64,4t4d,0.228,0.0,0.0
1309,401.242,2.5583,9.5244,-1.2532,69.683,4t4d,0.227,0.0,0.0
1310,401.456,2.5809,9.5883,-1.2538,69.635,4t4d,0.191,0.0,0.0
1311,401.667,2.5949,9.6294,-1.2538,69.456,4t4d,0.256,0.0,0.0
1312,401.876,2.61,9.6692,-1.2535,68.78,4t4d,0.25,0.0,0.0
1313,402.087,2.6246,9.7071,-1.2522,68.455,4t4d,0.22,0.0,0.0
1314,402.299,2.6421,9.7526,-1.2512,68.392,4t4d,0.233,0.0,0.0
1315,402.525,2.6573,9.7938,-1.2506,68.394,4t4d,0.222,0.0,0.0
1316,402.741,2.6824,9.8586,-1.2519,68.482,4t4d,0.237,0.0,0.0
1317,402.954,2.7002,9.9053,-1.2525,68.468,4t4d,0.227,0.0,-3.31
1318,403.175,2.716,9.9479,-1.2536,68.398,4t4d,0.227,0.0,0.0
1319,403.399,2.7409,10.0143,-1.2543,68.178,4t4d,0.239,0.0,0.0
1320,403.62,2.7485,10.034,-1.2542,67.864,4t4d,0.214,0.0,0.0
1321,403.84,2.7725,10.0947,-1.2554,67.714,4t4d,0.252,0.0,0.0
1322,404.055,2.7811,10.1151,-1.2555,67.52,4t4d,0.268,0.0,0.0
1323,404.269,2.8086,10.1794,-1.2555,66.416,4t4d,0.273,0.0,0.0
1324,404.483,2.8357,10.2442,-1.2573,66.557,4t4d,0.241,0.0,0.0
1325,404.698,2.8522,10.2848,-1.2569,66.516,4t4d,0.232,0.0,0.0
1326,404.927,2.8704,10.328,-1.2572,66.399,4t4d,0.235,0.0,0.0
1327,405.135,2.889,10.3711,-1.2576,66.341,4t4d,0.23,0.0,-4.54
1328,405.345,2.9077,10.4159,-1.2585,66.354,4t4d,0.232,0.0,0.0
1329,405.555,2.9335,10.4778,-1.2597,66.487,4t4d,0.218,0.0,0.0
1330,405.77,2.9512,10.5204,-1.2611,66.564,4t4d,0.218,0.0,0.0
1331,405.98,2.9685,10.5642,-1.2619,66.803,4t4d,0.239,0.0,0.0
1332,406.192,2.9865,10.6112,-1.2619,67.255,4t4d,0.235,0.0,0.0
1333,406.403,3.0022,10.6526,-1.2617,67.618,4t4d,0.26,0.0,0.0
1334,406.611,3.0182,10.6934,-1.2618,67.505,4t4d,0.258,0.0,0.0
1335,406.824,3.0353,10.7358,-1.2623,67.303,4t4d,0.235,0.0,0.0
1336,407.029,3.0617,10.8016,-1.2639,67.747,4t4d,0.225,0.0,0.0
1337,407.243,3.0782,10.8425,-1.2637,67.831,4t4d,0.229,0.0,0.0
1338,407.461,3.0958,10.8893,-1.2642,68.293,4t4d,0.244,0.0,0.0
1339,407.67,3.112,10.9333,-1.2645,68.743,4t4d,0.244,0.0,0.0
1340,407.88,3.1276,10.9771,-1.2648,69.443,4t4d,0.23,0.0,0.0
1341,408.09,3.1398,11.0122,-1.2655,69.663,4t4d,0.229,0.0,0.0
1342,408.302,3.1516,11.0464,-1.2653,69.694,4t4d,0.235,0.0,0.0
1343,408.519,3.1697,11.0998,-1.2652,69.689,4t4d,0.21,0.0,3.3
1344,408.735,3.182,11.1348,-1.2655,69.682,4t4d,0.243,0.0,3.14
1345,408.954,3.201,11.1877,-1.2653,69.707,4t4d,0.23,0.0,4.89
1346,409.164,3.2073,11.2051,-1.2656,69.741,4t4d,0.19,0.0,0.0
1347,409.375,3.227,11.2599,-1.2665,69.65,4t4d,0.171,0.0,0.0
1348,409.587,3.2399,11.2958,-1.2669,69.541,4t4d,0.184,0.0,0.0
1349,409.799,3.2537,11.3335,-1.267,69.324,4t4d,0.188,0.0,0.0
1350,410.012,3.2668,11.3696,-1.267,69.224,4t4d,0.192,0.0,0.0
1351,410.232,3.2803,11.4052,-1.2669,69.136,4t4d,0.198,0.0,0.0
1352,410.44,3.2944,11.4415,-1.2665,68.914,4t4d,0.203,0.0,0.0
1353,410.647,3.3149,11.4937,-1.2667,67.98,4t4d,0.193,0.0,0.0
1354,410.857,3.3283,11.5266,-1.2673,67.759,4t4d,0.203,0.0,0.0
1355,411.069,3.3432,11.5622,-1.2679,66.931,4t4d,0.185,0.0,0.0
1356,411.28,3.358,11.5983,-1.2681,66.782,4t4d,0.194,0.0,0.0
1357,411.49,3.3733,11.6349,-1.2685,66.65,4t4d,0.211,0.0,0.0
1358,411.7,3.3891,11.672,-1.2688,66.581,4t4d,0.201,0.0,0.0
1359,411.914,3.4094,11.7202,-1.2701,66.565,4t4d,0.196,0.0,0.0
1360,412.126,3.4165,11.7381,-1.2703,66.534,4t4d,0.21,0.0,-4.83
1361,412.343,3.4379,11.7893,-1.271,66.508,4t4d,0.179,0.0,0.0
1362,412.558,3.4525,11.8234,-1.2712,66.566,4t4d,0.203,0.0,0.0
1363,412.771,3.4752,11.8789,-1.2718,66.56,4t4d,0.205,0.0,0.0
1364,412.981,3.4907,11.9164,-1.272,66.638,4t4d,0.19,0.0,0.0
1365,413.19,3.5062,11.9538,-1.2726,66.606,4t4d,0.184,0.0,0.0
1366,413.4,3.5221,11.9914,-1.2728,66.544,4t4d,0.214,0.0,0.0
1367,413.611,3.5379,12.0287,-1.2731,66.486,4t4d,0.198,0.0,0.0
1368,413.824,3.561,12.0838,-1.2732,66.256,4t4d,0.189,0.0,0.0
1369,414.044,3.5773,12.1221,-1.2739,66.149,4t4d,0.199,0.0,0.0
1370,414.255,3.5938,12.1613,-1.2742,66.154,4t4d,0.203,0.0,0.0
1371,414.464,3.6104,12.2004,-1.275,66.035,4t4d,0.201,0.0,0.0
1372,414.679,3.6189,12.2202,-1.2754,66.034,4t4d,0.201,0.0,0.0
1373,414.893,3.6346,12.2568,-1.2758,66.078,4t4d,0.201,0.0,0.0
1374,415.111,3.6666,12.3314,-1.2735,66.05,4t4d,0.208,0.0,0.0
1375,415.328,3.6835,12.3707,-1.2736,66.075,4t4d,0.198,0.0,0.0
1376,415.539,3.6992,12.4079,-1.2735,66.132,4t4d,0.221,0.0,0.0
1377,415.755,3.7167,12.4501,-1.2726,66.781,4t4d,0.207,0.0,0.0
1378,415.968,3.7318,12.4875,-1.2724,67.091,4t4d,0.197,0.0,0.0
1379,416.18,3.7465,12.5252,-1.272,67.568,4t4d,0.217,0.0,0.0
1380,416.399,3.7696,12.5853,-1.2722,67.779,4t4d,0.213,0.0,0.0
1381,416.611,3.785,12.6256,-1.2724,67.964,4t4d,0.202,0.0,0.0
1382,416.83,3.7994,12.6635,-1.2726,67.885,4t4d,0.211,0.0,3.71
1383,417.057,3.8131,12.7004,-1.2721,67.881,4t4d,0.194,0.0,0.0
1384,417.266,3.8276,12.7408,-1.2718,67.902,4t4d,0.213,0.0,3.44
1385,417.479,3.8494,12.7985,-1.2716,67.881,4t4d,0.196,0.0,0.0
1386,417.688,3.8647,12.8383,-1.2714,67.915,4t4d,0.215,0.0,0.0
1387,417.899,3.8791,12.8757,-1.2719,67.86,4t4d,0.219,0.0,0.0
1388,418.111,3.894,12.9138,-1.2719,67.827,4t4d,0.199,0.0,0.0
1389,418.321,3.9086,12.9517,-1.2721,67.834,4t4d,0.218,0.0,0.0
1390,418.531,3.924,12.9921,-1.2726,67.831,4t4d,0.209,0.0,0.0
1391,418.742,3.9473,13.0502,-1.2736,67.758,4t4d,0.197,0.0,0.0
1392,418.951,3.9635,13.0923,-1.2734,67.781,4t4d,0.224,0.0,0.0
1393,419.164,3.9784,13.1307,-1.2737,67.785,4t4d,0.21,0.0,0.0
1394,419.376,3.9937,13.172,-1.2744,67.787,4t4d,0.193,0.0,0.0
1395,419.587,4.0088,13.213,-1.275,67.855,4t4d,0.218,0.0,0.0
1396,419.799,4.0307,13.2692,-1.2751,67.818,4t4d,0.23,0.0,0.0
1397,420.014,4.0471,13.3107,-1.2757,67.809,4t4d,0.209,0.0,0.0
1398,420.224,4.0637,13.3538,-1.2762,67.812,4t4d,0.201,0.0,0.0
1399,420.436,4.0781,13.3918,-1.2764,67.796,4t4d,0.237,0.0,0.0
1400,420.645,4.0932,13.4321,-1.2758,67.772,4t4d,0.217,0.0,0.0
1401,420.864,4.1173,13.496,-1.2741,67.85,4t4d,0.22,0.0,0.0
1402,421.07,4.1252,13.5164,-1.274,67.845,4t4d,0.223,0.0,0.0
1403,421.276,4.147,13.5744,-1.2735,67.852,4t4d,0.216,0.0,0.0
1404,421.483,4.1631,13.6179,-1.2736,67.893,4t4d,0.209,0.0,0.0
1405,421.694,4.1774,13.656,-1.2737,67.879,4t4d,0.23,0.0,0.0
1406,421.906,4.1928,13.6967,-1.2741,67.863,4t4d,0.226,0.0,0.0
1407,422.121,4.2083,13.7378,-1.2743,67.867,4t4d,0.216,0.0,0.0
1408,422.338,4.2312,13.7973,-1.2757,67.832,4t4d,0.223,0.0,0.0
1409,422.549,4.2463,13.8385,-1.2749,67.841,4t4d,0.223,0.0,0.0
1410,422.762,4.2619,13.8793,-1.2759,67.802,4t4d,0.217,0.0,0.0
1411,422.971,4.2781,13.9213,-1.2767,67.763,4t4d,0.214,0.0,0.0
1412,423.18,4.2935,13.9623,-1.2771,67.774,4t4d,0.222,0.0,0.0
1413,423.397,4.3175,14.0253,-1.2787,67.768,4t4d,0.208,0.0,0.0
1414,423.618,4.3332,14.066,-1.2791,67.749,4t4d,0.224,0.0,0.0
1415,423.83,4.3489,14.107,-1.2794,67.758,4t4d,0.231,0.0,0.0
1416,424.041,4.3647,14.1477,-1.2788,67.765,4t4d,0.226,0.0,0.0
1417,424.251,4.3817,14.1928,-1.2784,67.764,4t4d,0.226,0.0,0.0
1418,424.462,4.4055,14.2543,-1.2798,67.782,4t4d,0.24,0.0,0.0
1419,424.688,4.4135,14.2752,-1.2801,67.762,4t4d,0.197,0.0,0.0
1420,424.896,4.4373,14.3398,-1.2814,67.682,4t4d,0.225,0.0,0.0
1421,425.118,4.4536,14.3841,-1.2807,67.745,4t4d,0.245,0.0,0.0
1422,425.332,4.47,14.4266,-1.2809,67.676,4t4d,0.238,0.0,0.0
1423,425.543,4.4947,14.4914,-1.2808,67.68,4t4d,0.237,0.0,0.0
1424,425.753,4.5108,14.533,-1.2808,67.683,4t4d,0.22,0.0,0.0
1425,425.964,4.5272,14.5749,-1.2814,67.649,4t4d,0.21,0.0,0.0
1426,426.175,4.5453,14.6212,-1.2811,67.673,4t4d,0.207,0.0,0.0
1427,426.401,4.5627,14.6636,-1.281,67.719,4t4d,0.238,0.0,0.0
1428,426.616,4.5786,14.7043,-1.2817,67.721,4t4d,0.232,0.0,0.0
1429,426.835,4.5957,14.7493,-1.2822,67.675,4t4d,0.201,0.0,0.0
1430,427.048,4.6123,14.7936,-1.2826,67.686,4t4d,0.257,0.0,0.0
1431,427.261,4.638,14.8593,-1.2832,67.745,4t4d,0.24,0.0,0.0
1432,427.473,4.6546,14.9014,-1.283,67.691,4t4d,0.229,0.0,0.0
1433,427.684,4.6714,14.9431,-1.2831,67.029,4t4d,0.239,0.0,0.0
1434,427.9,4.6993,15.0093,-1.2824,65.843,4t4d,0.242,0.0,0.0
1435,428.123,4.719,15.0544,-1.2821,65.542,4t4d,0.253,0.0,0.0
1436,428.337,4.7376,15.0959,-1.2821,65.451,4t4d,0.249,0.0,0.0
1437,428.546,4.7567,15.138,-1.282,65.408,4t4d,0.226,0.0,0.0
1438,428.758,4.7863,15.2032,-1.2821,65.256,4t4d,0.242,0.0,0.0
1439,428.971,4.8047,15.2454,-1.282,65.18,4t4d,0.221,0.0,-3.93
1440,429.179,4.8228,15.2857,-1.2815,65.219,4t4d,0.245,0.0,0.0
1441,429.387,4.8415,15.3294,-1.2811,65.149,4t4d,0.237,0.0,0.0
1442,429.6,4.8595,15.37,-1.2814,65.111,4t4d,0.235,0.0,0.0
1443,429.811,4.8784,15.412,-1.281,65.105,4t4d,0.241,0.0,0.0
1444,430.024,4.8971,15.4546,-1.2812,65.143,4t4d,0.225,0.0,0.0
1445,430.235,4.9249,15.5195,-1.2809,65.141,4t4d,0.231,0.0,0.0
1446,430.451,4.9442,15.5651,-1.2807,65.575,4t4d,0.234,0.0,0.0
1447,430.666,4.9622,15.6091,-1.2804,65.899,4t4d,0.25,0.0,0.0
1448,430.879,4.9804,15.6527,-1.2799,65.959,4t4d,0.228,0.0,0.0
1449,431.103,5.0091,15.7184,-1.2803,66.461,4t4d,0.229,0.0,0.0
1450,431.314,5.028,15.7636,-1.2803,66.465,4t4d,0.249,0.0,0.0
1451,431.525,5.0464,15.8091,-1.281,66.434,4t4d,0.241,0.0,0.0
1452,431.734,5.0641,15.8519,-1.2812,66.513,4t4d,0.232,0.0,0.0
1453,431.944,5.0836,15.9013,-1.28,66.942,4t4d,0.211,0.0,0.0
1454,432.154,5.1015,15.9463,-1.2799,67.092,4t4d,0.23,0.0,0.0
1455,432.362,5.1202,15.9939,-1.2801,67.087,4t4d,0.259,0.0,0.0
1456,432.572,5.1459,16.0583,-1.2809,67.129,4t4d,0.256,0.0,0.0
1457,432.782,5.1553,16.0825,-1.2809,67.13,4t4d,0.214,0.0,0.0
1458,432.993,5.1726,16.1258,-1.2811,67.151,4t4d,0.23,0.0,0.0
1459,433.208,5.1975,16.1886,-1.2825,67.088,4t4d,0.261,0.0,0.0
1460,433.417,5.2158,16.235,-1.283,67.092,4t4d,0.256,0.0,0.0
1461,433.626,5.2418,16.3031,-1.283,67.319,4t4d,0.248,0.0,0.0
1462,433.835,5.2592,16.3483,-1.283,67.441,4t4d,0.232,0.0,0.0
1463,434.045,5.2773,16.3952,-1.2833,67.537,4t4d,0.227,0.0,0.0
1464,434.256,5.2947,16.4427,-1.2845,68.128,4t4d,0.244,0.0,0.0
1465,434.469,5.313,16.494,-1.285,68.84,4t4d,0.253,0.0,0.0
1466,434.682,5.3384,16.5658,-1.2851,68.941,4t4d,0.235,0.0,0.0
1467,434.892,5.355,16.6119,-1.2851,68.928,4t4d,0.229,0.0,0.0
1468,435.114,5.3733,16.6621,-1.2841,68.97,4t4d,0.263,0.0,0.0
1469,435.331,5.3824,16.6866,-1.2836,69.034,4t4d,0.277,0.0,3.55
1470,435.546,5.4083,16.7583,-1.2831,69.332,4t4d,0.232,0.0,2.98
1471,435.757,5.423,16.7999,-1.283,68.998,4t4d,0.241,0.0,0.0
1472,435.966,5.4484,16.8684,-1.2829,68.453,4t4d,0.259,0.0,0.0
1473,436.175,5.4646,16.912,-1.2831,68.398,4t4d,0.27,0.0,0.0
1474,436.383,5.4655,16.9305,-1.2832,68.431,4t4d,0.26,0.0,0.0
1475,436.594,5.4863,16.986,-1.2837,68.352,4t4d,0.256,0.0,0.0
1476,436.826,5.4963,17.0142,-1.284,68.285,4t4d,0.236,0.0,0.0
1477,437.036,5.5081,17.0455,-1.2841,68.262,4t4d,0.22,0.0,0.0
1478,437.249,5.5084,17.0464,-1.2841,68.259,4t4d,0.236,0.0,0.0
1479,437.461,5.5082,17.0457,-1.2842,68.253,4t4d,0.214,0.0,0.0
1480,437.672,5.5081,17.0453,-1.2841,68.255,4t4d,0.191,0.0,0.0
1481,437.883,5.5022,17.0294,-1.2839,68.286,4t4d,0.133,0.0,0.0
1482,438.095,5.4942,17.0081,-1.2834,68.331,4t4d,0.16,0.0,0.0
1483,438.306,5.4798,16.9701,-1.2831,68.36,4t4d,0.037,0.0,0.0
1484,438.522,5.4683,16.9392,-1.2833,67.934,4t4d,0.006,0.0,0.0
1485,438.73,5.4571,16.9098,-1.283,67.781,4t4d,-0.003,0.0,0.0
1486,438.939,5.4441,16.8778,-1.2829,67.753,4t4d,-0.066,0.0,0.0
1487,439.149,5.4326,16.8466,-1.283,67.252,4t4d,-0.115,0.0,0.0
1488,439.362,5.4201,16.8141,-1.2828,67.009,4t4d,-0.138,0.0,0.0
1489,439.573,5.4061,16.7795,-1.2837,66.972,4t4d,-0.19,0.0,0.0
1490,439.787,5.383,16.7225,-1.2833,66.885,4t4d,-0.171,0.0,0.0
1491,439.998,5.3669,16.6822,-1.2836,66.878,4t4d,-0.159,0.0,0.0
1492,440.209,5.3589,16.6625,-1.2834,66.868,4t4d,-0.144,0.0,-3.4
1493,440.421,5.3353,16.6053,-1.2824,66.742,4t4d,-0.172,0.0,0.0
1494,440.634,5.3185,16.5643,-1.282,66.72,4t4d,-0.184,0.0,0.0
1495,440.848,5.3003,16.5187,-1.2817,66.705,4t4d,-0.203,0.0,0.0
1496,441.057,5.2817,16.4731,-1.281,66.697,4t4d,-0.239,0.0,0.0
1497,441.266,5.2621,16.4249,-1.2812,66.635,4t4d,-0.221,0.0,0.0
1498,441.477,5.2373,16.3638,-1.281,66.654,4t4d,-0.211,0.0,0.0
1499,441.69,5.2205,16.3223,-1.2816,66.668,4t4d,-0.234,0.0,0.0
1500,441.901,5.204,16.2819,-1.282,66.658,4t4d,-0.224,0.0,0.0
1501,442.115,5.1864,16.2386,-1.2827,66.629,4t4d,-0.257,0.0,0.0
1502,442.326,5.1624,16.1796,-1.2821,66.627,4t4d,-0.257,0.0,0.0
1503,442.536,5.1454,16.1377,-1.2815,66.628,4t4d,-0.234,0.0,0.0
1504,442.747,5.1286,16.0964,-1.2813,66.618,4t4d,-0.228,0.0,0.0
1505,442.959,5.1103,16.0519,-1.2813,66.62,4t4d,-0.204,0.0,0.0
1506,443.169,5.0939,16.0129,-1.2809,66.61,4t4d,-0.216,0.0,0.0
1507,443.379,5.0744,15.9655,-1.2802,66.541,4t4d,-0.247,0.0,0.0
1508,443.595,5.056,15.9222,-1.2797,66.553,4t4d,-0.22,0.0,0.0
1509,443.815,5.0284,15.8544,-1.2797,66.491,4t4d,-0.231,0.0,0.0
1510,444.029,5.0116,15.814,-1.2784,66.482,4t4d,-0.244,0.0,0.0
1511,444.243,4.991,15.7633,-1.2779,66.468,4t4d,-0.234,0.0,0.0
1512,444.458,4.9736,15.7205,-1.278,66.503,4t4d,-0.232,0.0,0.0
1513,444.667,4.9556,15.6768,-1.278,66.516,4t4d,-0.24,0.0,0.0
1514,444.879,4.9277,15.6095,-1.2781,66.507,4t4d,-0.25,0.0,0.0
1515,445.099,4.9176,15.585,-1.2787,66.485,4t4d,-0.265,0.0,0.0
1516,445.314,4.89,15.5175,-1.2795,66.479,4t4d,-0.254,0.0,0.0
1517,445.53,4.862,15.4502,-1.2797,66.408,4t4d,-0.263,0.0,0.0
1518,445.744,4.8449,15.4085,-1.2801,66.436,4t4d,-0.254,0.0,0.0
1519,445.964,4.8254,15.3604,-1.2806,66.43,4t4d,-0.286,0.0,0.0
1520,446.177,4.806,15.3133,-1.2816,66.416,4t4d,-0.253,0.0,0.0
1521,446.391,4.7849,15.2625,-1.2822,66.373,4t4d,-0.246,0.0,0.0
1522,446.617,4.756,15.1916,-1.2827,66.38,4t4d,-0.246,0.0,0.0
1523,446.826,4.747,15.1701,-1.2828,66.383,4t4d,-0.243,0.0,0.0
1524,447.034,4.7191,15.1032,-1.2831,66.42,4t4d,-0.267,0.0,0.0
1525,447.25,4.6915,15.038,-1.2832,67.419,4t4d,-0.271,0.0,0.0
1526,447.459,4.6829,15.0169,-1.2832,67.804,4t4d,-0.29,0.0,0.0
1527,447.67,4.6652,14.9726,-1.2832,68.108,4t4d,-0.257,0.0,0.0
1528,447.881,4.6403,14.9102,-1.2838,68.23,4t4d,-0.238,0.0,0.0
1529,448.091,4.6217,14.8625,-1.283,68.236,4t4d,-0.211,0.0,0.0
1530,448.3,4.6041,14.8155,-1.2827,68.266,4t4d,-0.246,0.0,0.0
1531,448.512,4.5854,14.7644,-1.2824,68.245,4t4d,-0.264,0.0,4.34
1532,448.723,4.5701,14.7237,-1.2815,68.354,4t4d,-0.243,0.0,0.0
1533,448.935,4.5527,14.6773,-1.2811,68.344,4t4d,-0.26,0.0,0.0
1534,449.148,4.5269,14.6101,-1.2814,68.436,4t4d,-0.219,0.0,0.0
1535,449.36,4.5179,14.5856,-1.2816,68.402,4t4d,-0.268,0.0,0.0
1536,449.574,4.4943,14.5233,-1.2821,68.526,4t4d,-0.256,0.0,0.0
1537,449.785,4.4768,14.4774,-1.2819,68.56,4t4d,-0.23,0.0,0.0
1538,450.002,4.4604,14.4347,-1.2815,68.597,4t4d,-0.24,0.0,0.0
1539,450.216,4.4358,14.3678,-1.2825,68.145,4t4d,-0.266,0.0,0.0
1540,450.432,4.4192,14.3256,-1.2808,68.076,4t4d,-0.242,0.0,0.0
1541,450.643,4.404,14.2866,-1.2806,68.046,4t4d,-0.248,0.0,0.0
1542,450.857,4.3882,14.2461,-1.2802,68.026,4t4d,-0.234,0.0,0.0
1543,451.068,4.3739,14.2087,-1.2808,68.021,4t4d,-0.242,0.0,0.0
1544,451.282,4.3518,14.1517,-1.2809,67.994,4t4d,-0.27,0.0,0.0
1545,451.493,4.3341,14.1053,-1.28,67.984,4t4d,-0.266,0.0,0.0
1546,451.711,4.3264,14.0857,-1.2796,68.002,4t4d,-0.239,0.0,0.0
1547,451.924,4.3023,14.0252,-1.2773,67.987,4t4d,-0.207,0.0,0.0
1548,452.141,4.287,13.9855,-1.2762,68.013,4t4d,-0.192,0.0,0.0
1549,452.35,4.2692,13.9389,-1.2755,67.947,4t4d,-0.222,0.0,0.0
1550,452.559,4.2461,13.8773,-1.2752,67.944,4t4d,-0.233,0.0,0.0
1551,452.766,4.2296,13.8346,-1.2759,67.952,4t4d,-0.225,0.0,0.0
1552,452.975,4.2149,13.7964,-1.2757,67.962,4t4d,-0.226,0.0,0.0
1553,453.19,4.1983,13.7541,-1.275,67.944,4t4d,-0.206,0.0,0.0
1554,453.404,4.1825,13.7137,-1.2749,67.954,4t4d,-0.242,0.0,0.0
1555,453.629,4.1599,13.6567,-1.2748,68.012,4t4d,-0.209,0.0,0.0
1556,453.845,4.1424,13.6108,-1.275,67.992,4t4d,-0.225,0.0,0.0
1557,454.067,4.1261,13.5683,-1.2751,67.922,4t4d,-0.22,0.0,0.0
1558,454.278,4.1105,13.5274,-1.275,67.964,4t4d,-0.22,0.0,0.0
1559,454.49,4.0933,13.4832,-1.275,67.965,4t4d,-0.24,0.0,0.0
1560,454.699,4.0775,13.4424,-1.2749,67.968,4t4d,-0.233,0.0,0.0
1561,454.918,4.0523,13.3774,-1.2749,67.934,4t4d,-0.259,0.0,0.0
1562,455.129,4.0358,13.3346,-1.275,67.891,4t4d,-0.216,0.0,0.0
1563,455.344,4.0197,13.2928,-1.2748,67.895,4t4d,-0.243,0.0,0.0
1564,455.553,4.004,13.2518,-1.2751,67.875,4t4d,-0.235,0.0,0.0
1565,455.767,3.9805,13.1895,-1.2751,67.859,4t4d,-0.201,0.0,0.0
1566,455.981,3.9649,13.1503,-1.2747,67.849,4t4d,-0.207,0.0,0.0
1567,456.197,3.9486,13.1086,-1.2742,67.849,4t4d,-0.238,0.0,0.0
1568,456.413,3.933,13.0685,-1.2733,67.841,4t4d,-0.231,0.0,0.0
1569,456.636,3.9168,13.0264,-1.2722,67.844,4t4d,-0.243,0.0,0.0
1570,456.851,3.9018,12.988,-1.2711,67.838,4t4d,-0.208,0.0,0.0
1571,457.059,3.8784,12.9278,-1.2698,67.818,4t4d,-0.234,0.0,0.0
1572,457.269,3.8626,12.8868,-1.2689,67.836,4t4d,-0.228,0.0,0.0
1573,457.484,3.8549,12.8671,-1.2685,67.853,4t4d,-0.219,0.0,0.0
1574,457.696,3.8238,12.7864,-1.2685,67.858,4t4d,-0.228,0.0,0.0
1575,457.908,3.8165,12.7676,-1.2684,67.854,4t4d,-0.226,0.0,0.0
1576,458.118,3.8009,12.7274,-1.2685,67.844,4t4d,-0.205,0.0,0.0
1577,458.333,3.7853,12.6872,-1.2688,67.832,4t4d,-0.223,0.0,0.0
1578,458.548,3.7703,12.6505,-1.2695,67.876,4t4d,-0.235,0.0,0.0
1579,458.758,3.7464,12.5893,-1.2696,67.912,4t4d,-0.236,0.0,0.0
1580,458.972,3.7301,12.5484,-1.2694,67.926,4t4d,-0.207,0.0,0.0
1581,459.186,3.7147,12.5083,-1.2695,67.875,4t4d,-0.223,0.0,0.0
1582,459.415,3.6907,12.447,-1.27,67.914,4t4d,-0.225,0.0,0.0
1583,459.639,3.6745,12.4058,-1.2706,67.914,4t4d,-0.204,0.0,0.0
1584,459.851,3.6575,12.3637,-1.2714,67.899,4t4d,-0.218,0.0,0.0
1585,460.058,3.6331,12.3004,-1.2737,67.886,4t4d,-0.225,0.0,0.0
1586,460.267,3.6178,12.2625,-1.2732,67.78,4t4d,-0.218,0.0,0.0
1587,460.499,3.6011,12.219,-1.2724,67.845,4t4d,-0.22,0.0,0.0
1588,460.713,3.578,12.1561,-1.272,67.841,4t4d,-0.211,0.0,0.0
1589,460.929,3.5711,12.1383,-1.2712,67.865,4t4d,-0.223,0.0,0.0
1590,461.139,3.5476,12.0747,-1.2716,67.917,4t4d,-0.217,0.0,0.0
1591,461.359,3.5403,12.0555,-1.2715,67.924,4t4d,-0.223,0.0,0.0
1592,461.573,3.5164,11.9938,-1.2715,67.962,4t4d,-0.229,0.0,0.0
1593,461.786,3.5015,11.9556,-1.2713,68.029,4t4d,-0.216,0.0,0.0
1594,462.0,3.4874,11.9188,-1.2709,68.122,4t4d,-0.209,0.0,0.0
1595,462.23,3.4709,11.8748,-1.2706,68.122,4t4d,-0.213,0.0,0.0
1596,462.441,3.4473,11.8141,-1.27,68.098,4t4d,-0.217,0.0,0.0
1597,462.653,3.4313,11.7733,-1.2698,68.006,4t4d,-0.212,0.0,0.0
1598,462.862,3.4163,11.7338,-1.2692,68.056,4t4d,-0.196,0.0,0.0
1599,463.078,3.4015,11.6941,-1.2683,68.04,4t4d,-0.224,0.0,0.0
1600,463.29,3.3779,11.6317,-1.2674,68.057,4t4d,-0.219,0.0,0.0
1601,463.499,3.3619,11.5884,-1.2673,68.123,4t4d,-0.228,0.0,0.0
1602,463.715,3.3476,11.5516,-1.2671,68.106,4t4d,-0.223,0.0,0.0
1603,463.927,3.3324,11.5119,-1.2669,68.072,4t4d,-0.215,0.0,0.0
1604,464.142,3.3164,11.4696,-1.2671,68.05,4t4d,-0.219,0.0,0.0
1605,464.372,3.2928,11.4075,-1.2673,68.101,4t4d,-0.218,0.0,0.0
1606,464.585,3.2849,11.3872,-1.2671,68.067,4t4d,-0.217,0.0,0.0
1607,464.795,3.262,11.3279,-1.2665,68.036,4t4d,-0.223,0.0,0.0
1608,465.005,3.2471,11.2889,-1.2659,68.014,4t4d,-0.237,0.0,0.0
1609,465.225,3.2251,11.2315,-1.2659,67.992,4t4d,-0.235,0.0,0.0
1610,465.434,3.2104,11.1937,-1.2661,68.032,4t4d,-0.225,0.0,0.0
1611,465.645,3.1946,11.1527,-1.267,68.007,4t4d,-0.193,0.0,0.0
1612,465.864,3.1881,11.1365,-1.2669,67.968,4t4d,-0.221,0.0,0.0
1613,466.083,3.1674,11.0829,-1.2669,67.949,4t4d,-0.218,0.0,0.0
1614,466.293,3.1527,11.0449,-1.267,67.943,4t4d,-0.218,0.0,0.0
1615,466.505,3.1395,11.0111,-1.2666,67.956,4t4d,-0.202,0.0,0.0
1616,466.72,3.1185,10.9564,-1.2664,68.003,4t4d,-0.202,0.0,0.0
1617,466.936,3.1101,10.9346,-1.2665,67.975,4t4d,-0.206,0.0,0.0
1618,467.155,3.0892,10.8803,-1.2656,67.939,4t4d,-0.2,0.0,0.0
1619,467.367,3.0658,10.8196,-1.2659,67.924,4t4d,-0.206,0.0,0.0
1620,467.583,3.0585,10.8012,-1.2657,67.906,4t4d,-0.183,0.0,0.0
1621,467.801,3.0361,10.7425,-1.266,67.914,4t4d,-0.204,0.0,0.0
1622,468.017,3.0211,10.7035,-1.2659,67.904,4t4d,-0.182,0.0,0.0
1623,468.228,3.0062,10.6642,-1.2661,67.89,4t4d,-0.194,0.0,0.0
1624,468.438,2.9919,10.6253,-1.266,67.251,4t4d,-0.187,0.0,0.0
1625,468.645,2.9767,10.5846,-1.2657,65.843,4t4d,-0.181,0.0,0.0
1626,468.856,2.9597,10.5438,-1.2652,65.524,4t4d,-0.195,0.0,0.0
1627,469.074,2.9436,10.5062,-1.2644,65.507,4t4d,-0.197,0.0,0.0
1628,469.286,2.9185,10.4488,-1.2634,64.786,4t4d,-0.227,0.0,0.0
1629,469.497,2.8928,10.3932,-1.2626,64.822,4t4d,-0.203,0.0,-3.95
1630,469.705,2.8758,10.3537,-1.2619,64.808,4t4d,-0.213,0.0,-6.1
1631,469.915,2.8583,10.3144,-1.2616,64.863,4t4d,-0.23,0.0,0.0
1632,470.127,2.8404,10.2741,-1.2623,64.927,4t4d,-0.229,0.0,0.0
1633,470.341,2.8239,10.2376,-1.2617,64.841,4t4d,-0.21,0.0,-2.87
1634,470.554,2.8062,10.1988,-1.2613,64.798,4t4d,-0.2,0.0,0.0
1635,470.761,2.7793,10.1392,-1.2605,64.899,4t4d,-0.213,0.0,0.0
1636,470.97,2.7704,10.1192,-1.2604,65.033,4t4d,-0.227,0.0,0.0
1637,471.182,2.7434,10.0593,-1.2599,65.709,4t4d,-0.22,0.0,0.0
1638,471.395,2.7351,10.0428,-1.2589,66.205,4t4d,-0.213,0.0,0.0
1639,471.607,2.7162,9.9988,-1.2586,66.716,4t4d,-0.206,0.0,0.0
1640,471.819,2.6914,9.9402,-1.2581,66.792,4t4d,-0.222,0.0,0.0
1641,472.03,2.6676,9.881,-1.2573,66.77,4t4d,-0.226,0.0,0.0
1642,472.24,2.6595,9.8605,-1.2563,66.734,4t4d,-0.238,0.0,0.0
1643,472.452,2.6348,9.7996,-1.2555,66.802,4t4d,-0.232,0.0,5.03
1644,472.665,2.6258,9.7778,-1.2556,66.815,4t4d,-0.241,0.0,0.0
1645,472.878,2.6002,9.7162,-1.257,66.746,4t4d,-0.217,0.0,0.0
1646,473.084,2.5857,9.6797,-1.2561,66.847,4t4d,-0.207,0.0,0.0
1647,473.295,2.5635,9.6252,-1.2552,66.818,4t4d,-0.229,0.0,0.0
1648,473.514,2.5499,9.5913,-1.2546,66.808,4t4d,-0.229,0.0,0.0
1649,473.726,2.5427,9.5737,-1.2543,66.831,4t4d,-0.229,0.0,0.0
1650,473.933,2.5218,9.5231,-1.2537,66.839,4t4d,-0.184,0.0,0.0
1651,474.143,2.5079,9.4898,-1.2529,66.835,4t4d,-0.242,0.0,0.0
1652,474.352,2.4939,9.4559,-1.2523,66.882,4t4d,-0.208,0.0,0.0
1653,474.56,2.4805,9.4231,-1.252,66.91,4t4d,-0.174,0.0,0.0
1654,474.769,2.4672,9.3902,-1.2514,66.934,4t4d,-0.199,0.0,0.0
1655,474.984,2.4469,9.3392,-1.2514,66.991,4t4d,-0.174,0.0,0.0
1656,475.225,2.4339,9.3067,-1.2524,66.989,4t4d,-0.176,0.0,0.0
1657,475.436,2.4204,9.2739,-1.2509,67.095,4t4d,-0.204,0.0,0.0
1658,475.645,2.4068,9.2412,-1.2507,67.093,4t4d,-0.175,0.0,0.0
1659,475.856,2.3869,9.1929,-1.2508,67.167,4t4d,-0.165,0.0,0.0
1660,476.067,2.3801,9.1757,-1.251,67.238,4t4d,-0.193,0.0,0.0
1661,476.277,2.3614,9.1297,-1.2495,67.423,4t4d,-0.209,0.0,0.0
1662,476.49,2.3467,9.0933,-1.2489,67.409,4t4d,-0.192,0.0,0.0
1663,476.7,2.3345,9.0636,-1.2485,67.332,4t4d,-0.181,0.0,0.0
1664,476.912,2.3149,9.0144,-1.2486,67.423,4t4d,-0.171,0.0,0.0
1665,477.127,2.2998,8.9774,-1.2497,67.532,4t4d,-0.176,0.0,0.0
1666,477.336,2.2885,8.9486,-1.2489,67.479,4t4d,-0.193,0.0,0.0
1667,477.547,2.276,8.916,-1.2483,67.607,4t4d,-0.197,0.0,0.0
1668,477.767,2.2628,8.8834,-1.2477,67.551,4t4d,-0.148,0.0,0.0
1669,477.981,2.2458,8.8387,-1.2462,67.508,4t4d,-0.168,0.0,0.0
1670,478.201,2.2396,8.8226,-1.2459,67.646,4t4d,-0.191,0.0,0.0
1671,478.431,2.2269,8.7902,-1.2466,67.709,4t4d,-0.159,0.0,0.0
1672,478.644,2.2092,8.7446,-1.2456,67.896,4t4d,-0.18,0.0,0.0
1673,478.854,2.1907,8.6981,-1.2444,67.873,4t4d,-0.183,0.0,0.0
1674,479.067,2.1858,8.6847,-1.2436,67.891,4t4d,-0.169,0.0,0.0
1675,479.287,2.1739,8.6544,-1.243,67.965,4t4d,-0.165,0.0,0.0
1676,479.494,2.1634,8.6268,-1.2423,67.994,4t4d,-0.182,0.0,0.0
1677,479.702,2.1478,8.5869,-1.2417,68.109,4t4d,-0.174,0.0,0.0
1678,479.917,2.1378,8.561,-1.2414,68.095,4t4d,-0.149,0.0,0.0
1679,480.128,2.1262,8.532,-1.2411,68.121,4t4d,-0.141,0.0,0.0
1680,480.34,2.1082,8.4864,-1.2411,68.161,4t4d,-0.175,0.0,0.0
1681,480.549,2.1024,8.4712,-1.2409,68.174,4t4d,-0.158,0.0,0.0
1682,480.76,2.0913,8.4416,-1.241,68.201,4t4d,-0.136,0.0,0.0
1683,480.972,2.0795,8.4121,-1.2412,68.213,4t4d,-0.134,0.0,0.0
1684,481.188,2.0625,8.3684,-1.2406,68.28,4t4d,-0.172,0.0,0.0
1685,481.398,2.0506,8.3379,-1.24,68.291,4t4d,-0.147,0.0,0.0
1686,481.633,2.0344,8.2957,-1.2396,68.332,4t4d,-0.158,0.0,0.0
1687,481.846,2.0291,8.2814,-1.239,68.351,4t4d,-0.17,0.0,0.0
1688,482.055,2.0129,8.2389,-1.239,68.416,4t4d,-0.14,0.0,0.0
1689,482.264,2.0017,8.2099,-1.2383,68.447,4t4d,-0.163,0.0,0.0
1690,482.473,1.9909,8.1808,-1.2381,68.541,4t4d,-0.176,0.0,0.0
1691,482.681,1.9786,8.1496,-1.2379,68.494,4t4d,-0.159,0.0,0.0
1692,482.896,1.9668,8.1193,-1.2378,68.421,4t4d,-0.148,0.0,0.0
1693,483.107,1.9497,8.0737,-1.2372,68.402,4t4d,-0.166,0.0,0.0
1694,483.32,1.9402,8.0484,-1.2372,68.405,4t4d,-0.163,0.0,0.0
1695,483.532,1.9289,8.0189,-1.2372,68.46,4t4d,-0.164,0.0,0.0
1696,483.744,1.9133,7.9759,-1.2367,68.377,4t4d,-0.174,0.0,0.0
1697,483.953,1.9028,7.9478,-1.2366,68.14,4t4d,-0.162,0.0,0.0
1698,484.163,1.8972,7.9328,-1.2368,67.892,4t4d,-0.164,0.0,0.0
1699,484.375,1.8809,7.8906,-1.2376,67.6,4t4d,-0.141,0.0,0.0
1700,484.59,1.8678,7.8564,-1.2391,67.475,4t4d,-0.169,0.0,0.0
1701,484.802,1.8579,7.8312,-1.2396,67.54,4t4d,-0.147,0.0,0.0
1702,485.021,1.8398,7.7836,-1.2395,67.51,4t4d,-0.165,0.0,0.0
1703,485.236,1.828,7.7536,-1.2396,67.493,4t4d,-0.151,0.0,-1.92
1704,485.447,1.8162,7.7236,-1.2399,67.442,4t4d,-0.165,0.0,0.0
1705,485.661,1.8107,7.7097,-1.2396,67.417,4t4d,-0.156,0.0,0.0
1706,485.875,1.7944,7.6687,-1.2395,67.355,4t4d,-0.138,0.0,0.0
1707,486.084,1.7833,7.6414,-1.2392,67.348,4t4d,-0.157,0.0,0.0
1708,486.297,1.7678,7.6032,-1.239,67.299,4t4d,-0.167,0.0,0.0
1709,486.518,1.758,7.5777,-1.2387,67.283,4t4d,-0.162,0.0,0.0
1710,486.735,1.7483,7.5528,-1.2385,67.276,4t4d,-0.157,0.0,0.0
1711,486.944,1.7374,7.5247,-1.2393,67.279,4t4d,-0.15,0.0,0.0
1712,487.164,1.7219,7.4851,-1.2402,67.288,4t4d,-0.115,0.0,0.0
1713,487.373,1.7119,7.4596,-1.2398,67.313,4t4d,-0.143,0.0,0.0
1714,487.586,1.7005,7.4315,-1.2394,67.306,4t4d,-0.126,0.0,0.0
1715,487.799,1.6906,7.4064,-1.2387,67.315,4t4d,-0.126,0.0,0.0
1716,488.018,1.6784,7.3763,-1.2388,67.258,4t4d,-0.142,0.0,0.0
1717,488.239,1.6737,7.3643,-1.2387,67.275,4t4d,-0.148,0.0,0.0
1718,488.444,1.6558,7.3195,-1.2387,67.193,4t4d,-0.133,0.0,0.0
1719,488.656,1.6454,7.2933,-1.2381,67.278,4t4d,-0.161,0.0,0.0
1720,488.866,1.6409,7.2816,-1.2381,67.286,4t4d,-0.144,0.0,0.0
1721,489.076,1.6244,7.2401,-1.238,67.262,4t4d,-0.143,0.0,0.0
1722,489.286,1.6123,7.211,-1.2374,67.231,4t4d,-0.093,0.0,0.0
1723,489.499,1.6012,7.1839,-1.2368,67.221,4t4d,-0.174,0.0,0.0
1724,489.711,1.5909,7.1578,-1.237,67.198,4t4d,-0.195,0.0,0.0
1725,489.923,1.5808,7.132,-1.2371,67.173,4t4d,-0.137,0.0,0.0
1726,490.149,1.5624,7.0881,-1.2371,67.152,4t4d,-0.169,0.0,0.0
1727,490.363,1.5518,7.0621,-1.2377,67.138,4t4d,-0.144,0.0,0.0
1728,490.573,1.5345,7.0195,-1.2376,67.124,4t4d,-0.166,0.0,0.0
1729,490.784,1.5241,6.9918,-1.2372,67.111,4t4d,-0.161,0.0,0.0
1730,490.997,1.5122,6.9618,-1.2371,67.103,4t4d,-0.139,0.0,0.0
1731,491.213,1.4951,6.9188,-1.2365,67.078,4t4d,-0.15,0.0,0.0
1732,491.431,1.4888,6.9033,-1.2367,67.087,4t4d,-0.141,0.0,0.0
1733,491.643,1.4721,6.8614,-1.2365,67.1,4t4d,-0.162,0.0,0.0
1734,491.855,1.4606,6.8327,-1.2366,67.105,4t4d,-0.164,0.0,0.0
1735,492.067,1.4484,6.8022,-1.2362,67.098,4t4d,-0.159,0.0,0.0
1736,492.275,1.4424,6.7873,-1.236,67.083,4t4d,-0.167,0.0,0.0
1737,492.486,1.4242,6.7423,-1.2361,67.082,4t4d,-0.184,0.0,0.0
1738,492.698,1.4133,6.7138,-1.2355,67.068,4t4d,-0.14,0.0,0.0
1739,492.92,1.3956,6.6696,-1.2338,67.084,4t4d,-0.151,0.0,0.0
1740,493.129,1.389,6.6533,-1.2338,67.075,4t4d,-0.157,0.0,0.0
1741,493.334,1.3769,6.6228,-1.2336,67.084,4t4d,-0.161,0.0,0.0
1742,493.545,1.3589,6.5782,-1.2333,67.076,4t4d,-0.152,0.0,0.0
1743,493.761,1.3408,6.5342,-1.2326,67.108,4t4d,-0.186,0.0,0.0
1744,493.971,1.3286,6.5038,-1.2321,67.159,4t4d,-0.142,0.0,0.0
1745,494.18,1.3225,6.4885,-1.2318,67.087,4t4d,-0.16,0.0,0.0
1746,494.395,1.31,6.4574,-1.231,67.109,4t4d,-0.173,0.0,0.0
1747,494.606,1.2912,6.4108,-1.231,67.091,4t4d,-0.164,0.0,0.0
1748,494.828,1.2756,6.3727,-1.2301,66.984,4t4d,-0.157,0.0,0.0
1749,495.047,1.269,6.3553,-1.23,66.997,4t4d,-0.173,0.0,0.0
1750,495.259,1.2535,6.3171,-1.2299,66.971,4t4d,-0.157,0.0,0.0
1751,495.475,1.2421,6.2884,-1.2297,66.977,4t4d,-0.173,0.0,0.0
1752,495.692,1.2364,6.2741,-1.2296,66.968,4t4d,-0.162,0.0,0.0
1753,495.904,1.2132,6.2164,-1.2292,66.965,4t4d,-0.153,0.0,0.0
1754,496.118,1.2011,6.1872,-1.2298,66.878,4t4d,-0.138,0.0,0.0
1755,496.337,1.1954,6.1726,-1.2298,66.84,4t4d,-0.17,0.0,0.0
1756,496.55,1.1847,6.146,-1.2301,66.812,4t4d,-0.154,0.0,0.0
1757,496.763,1.1668,6.1019,-1.2303,66.819,4t4d,-0.152,0.0,0.0
1758,496.973,1.153,6.069,-1.2295,66.82,4t4d,-0.15,0.0,0.0
1759,497.188,1.1399,6.0363,-1.2295,66.825,4t4d,-0.154,0.0,0.0
1760,497.402,1.12,5.9861,-1.2287,66.803,4t4d,-0.148,0.0,0.0
1761,497.619,1.1129,5.9688,-1.2284,66.843,4t4d,-0.144,0.0,0.0
1762,497.845,1.0999,5.9387,-1.2276,67.281,4t4d,-0.154,0.0,0.0
1763,498.057,1.0809,5.8931,-1.2273,69.06,4t4d,-0.181,0.0,0.0
1764,498.272,1.0691,5.8598,-1.228,69.467,4t4d,-0.172,0.0,0.0
1765,498.486,1.0532,5.8156,-1.2281,69.565,4t4d,-0.184,0.0,0.0
1766,498.699,1.0478,5.7999,-1.2281,69.529,4t4d,-0.196,0.0,0.0
1767,498.91,1.0328,5.758,-1.227,69.527,4t4d,-0.194,0.0,7.61
1768,499.12,1.0119,5.6976,-1.2252,69.554,4t4d,-0.185,0.0,3.65
1769,499.334,1.0061,5.6814,-1.2246,69.58,4t4d,-0.174,0.0,0.0
1770,499.548,0.9868,5.6266,-1.225,69.769,4t4d,-0.175,0.0,0.0
1771,499.76,0.9766,5.598,-1.2244,69.722,4t4d,-0.159,0.0,0.0
1772,499.972,0.9658,5.5655,-1.224,69.564,4t4d,-0.159,0.0,0.0
1773,500.181,0.9545,5.5322,-1.2238,68.743,4t4d,-0.178,0.0,0.0
1774,500.391,0.9438,5.5021,-1.224,68.698,4t4d,-0.162,0.0,0.0
1775,500.602,0.9276,5.4552,-1.2247,68.654,4t4d,-0.178,0.0,0.0
1776,500.818,0.9154,5.4219,-1.2258,68.691,4t4d,-0.168,0.0,0.0
1777,501.031,0.9096,5.407,-1.2253,68.635,4t4d,-0.153,0.0,0.0
1778,501.25,0.8928,5.3619,-1.2246,68.643,4t4d,-0.172,0.0,-4.77
1779,501.46,0.8771,5.3193,-1.2235,68.625,4t4d,-0.167,0.0,0.0
1780,501.671,0.8716,5.3037,-1.2231,68.63,4t4d,-0.153,0.0,0.0
1781,501.881,0.8623,5.2776,-1.2223,68.616,4t4d,-0.174,0.0,0.0
1782,502.092,0.8495,5.2411,-1.2206,68.523,4t4d,-0.167,0.0,0.0
1783,502.306,0.8395,5.2144,-1.2197,68.524,4t4d,-0.188,0.0,0.0
1784,502.527,0.8303,5.1889,-1.2198,68.18,4t4d,-0.177,0.0,0.0
1785,502.755,0.8146,5.1452,-1.2194,67.376,4t4d,-0.157,0.0,0.0
1786,502.964,0.8055,5.1218,-1.2192,67.227,4t4d,-0.145,0.0,0.0
1787,503.173,0.8003,5.1085,-1.2191,67.205,4t4d,-0.129,0.0,0.0
1788,503.385,0.7868,5.073,-1.2185,67.2,4t4d,-0.136,0.0,0.0
1789,503.594,0.7776,5.0505,-1.218,67.214,4t4d,-0.128,0.0,-1.51
1790,503.807,0.7677,5.0253,-1.217,67.219,4t4d,-0.117,0.0,-1.63
1791,504.015,0.7589,5.0025,-1.2163,67.204,4t4d,-0.141,0.0,-1.62
1792,504.226,0.7448,4.966,-1.2155,67.226,4t4d,-0.148,0.0,0.0
1793,504.436,0.7391,4.9519,-1.2152,67.218,4t4d,-0.132,0.0,0.0
1794,504.656,0.7255,4.9181,-1.2142,67.131,4t4d,-0.128,0.0,0.0
1795,504.865,0.7157,4.8932,-1.2136,67.194,4t4d,-0.16,0.0,0.0
1796,505.078,0.7046,4.8647,-1.2145,67.082,4t4d,-0.133,0.0,0.0
1797,505.29,0.6964,4.8447,-1.2144,67.117,4t4d,-0.142,0.0,0.0
1798,505.501,0.683,4.8103,-1.2143,67.102,4t4d,-0.15,0.0,0.0
1799,505.721,0.6727,4.7844,-1.2139,67.07,4t4d,-0.111,0.0,0.0
1800,505.934,0.6632,4.7597,-1.2131,67.067,4t4d,-0.13,0.0,0.0
1801,506.147,0.6531,4.7348,-1.213,67.065,4t4d,-0.128,0.0,0.0
1802,506.36,0.638,4.6972,-1.2127,67.039,4t4d,-0.13,0.0,0.0
1803,506.57,0.6288,4.6737,-1.2122,66.979,4t4d,-0.14,0.0,0.0
1804,506.792,0.6192,4.6491,-1.2116,66.979,4t4d,-0.147,0.0,0.0
1805,507.004,0.6097,4.6256,-1.2115,66.986,4t4d,-0.125,0.0,0.0
1806,507.217,0.5948,4.5885,-1.2108,66.979,4t4d,-0.131,0.0,0.0
1807,507.429,0.5851,4.5628,-1.2105,66.975,4t4d,-0.12,0.0,0.0
1808,507.64,0.5803,4.5505,-1.2104,66.974,4t4d,-0.148,0.0,0.0
1809,507.852,0.571,4.527,-1.2102,66.983,4t4d,-0.135,0.0,0.0
1810,508.085,0.5615,4.5031,-1.2102,66.964,4t4d,-0.134,0.0,0.0
1811,508.299,0.5481,4.47,-1.2092,67.004,4t4d,-0.142,0.0,0.0
1812,508.515,0.5348,4.437,-1.2093,66.986,4t4d,-0.136,0.0,0.0
1813,508.73,0.5305,4.4266,-1.2094,66.997,4t4d,-0.137,0.0,0.0
1814,508.945,0.516,4.3896,-1.2084,66.998,4t4d,-0.116,0.0,0.0
1815,509.158,0.5065,4.366,-1.2083,66.97,4t4d,-0.138,0.0,0.0
1816,509.37,0.4967,4.3418,-1.2081,66.983,4t4d,-0.13,0.0,0.0
1817,509.592,0.4822,4.3055,-1.2078,66.945,4t4d,-0.121,0.0,0.0
1818,509.802,0.478,4.2946,-1.2076,66.952,4t4d,-0.114,0.0,0.0
1819,510.02,0.4688,4.2716,-1.2075,66.916,4t4d,-0.14,0.0,0.0
1820,510.227,0.4522,4.2308,-1.2067,66.885,4t4d,-0.124,0.0,0.0
1821,510.435,0.4339,4.1851,-1.2067,66.892,4t4d,-0.129,0.0,0.0
1822,510.655,0.4211,4.1533,-1.2067,66.907,4t4d,-0.156,0.0,0.0
1823,510.863,0.409,4.1236,-1.2073,66.923,4t4d,-0.114,0.0,0.0
1824,511.076,0.3969,4.0931,-1.2084,66.842,4t4d,-0.12,0.0,0.0
1825,511.287,0.3848,4.063,-1.2079,66.806,4t4d,-0.163,0.0,0.0
1826,511.495,0.373,4.0333,-1.208,66.888,4t4d,-0.168,0.0,0.0
1827,511.704,0.3612,4.004,-1.2073,66.832,4t4d,-0.161,0.0,0.0
1828,511.914,0.3485,3.9728,-1.2069,66.869,4t4d,-0.155,0.0,0.0
1829,512.126,0.3363,3.9419,-1.2067,66.881,4t4d,-0.151,0.0,0.0
1830,512.335,0.32,3.9005,-1.2047,66.934,4t4d,-0.186,0.0,0.0
1831,512.546,0.3143,3.8861,-1.2045,66.902,4t4d,-0.171,0.0,0.0
1832,512.755,0.2949,3.8383,-1.2035,66.89,4t4d,-0.162,0.0,0.0
1833,512.962,0.2826,3.807,-1.203,66.86,4t4d,-0.155,0.0,0.0
1834,513.17,0.2707,3.7776,-1.2025,66.864,4t4d,-0.168,0.0,0.0
1835,513.379,0.2524,3.7323,-1.2022,66.905,4t4d,-0.174,0.0,0.0
1836,513.583,0.2462,3.7173,-1.2021,66.899,4t4d,-0.151,0.0,0.0
1837,513.793,0.2293,3.6766,-1.2021,67.647,4t4d,-0.168,0.0,0.0
1838,514.025,0.224,3.6646,-1.202,68.18,4t4d,-0.175,0.0,0.0
1839,514.236,0.2095,3.6281,-1.2013,69.613,4t4d,-0.164,0.0,0.0
1840,514.449,0.2005,3.6025,-1.201,69.765,4t4d,-0.161,0.0,0.0
1841,514.659,0.192,3.578,-1.201,69.594,4t4d,-0.167,0.0,0.0
1842,514.869,0.1848,3.5567,-1.2009,69.314,4t4d,-0.153,0.0,2.95
1843,515.089,0.1729,3.5235,-1.2004,69.242,4t4d,-0.14,0.0,6.02
1844,515.305,0.1647,3.4997,-1.1999,69.294,4t4d,-0.139,0.0,0.0
1845,515.518,0.1567,3.4763,-1.1997,68.994,4t4d,-0.132,0.0,0.0
1846,515.735,0.1461,3.4453,-1.1995,68.449,4t4d,-0.132,0.0,-2.05
1847,515.946,0.1426,3.4358,-1.1994,68.43,4t4d,-0.09,0.0,0.0
1848,516.158,0.1349,3.4152,-1.1991,68.404,4t4d,-0.103,0.0,0.0
1849,516.367,0.1245,3.3864,-1.1988,68.379,4t4d,-0.13,0.0,0.0
1850,516.577,0.1138,3.3579,-1.1995,68.371,4t4d,-0.117,0.0,0.0
1851,516.789,0.1098,3.347,-1.1993,68.357,4t4d,-0.121,0.0,0.0
1852,517.003,0.1037,3.3306,-1.1991,68.342,4t4d,-0.1,0.0,0.0
1853,517.233,0.0931,3.3026,-1.1985,68.342,4t4d,-0.116,0.0,0.0
1854,517.444,0.0864,3.2836,-1.1983,67.911,4t4d,-0.108,0.0,0.0
1855,517.653,0.0788,3.2611,-1.1982,66.684,4t4d,-0.111,0.0,0.0
1856,517.868,0.0647,3.2266,-1.1979,66.221,4t4d,-0.114,0.0,0.0
1857,518.079,0.0594,3.2138,-1.1978,66.207,4t4d,-0.099,0.0,0.0
1858,518.292,0.0469,3.1832,-1.1982,66.137,4t4d,-0.1,0.0,0.0
1859,518.516,0.0297,3.1409,-1.1978,66.153,4t4d,-0.099,0.0,0.0
1860,518.728,0.0166,3.11,-1.1976,66.218,4t4d,-0.109,0.0,0.0
1861,518.938,0.0038,3.0792,-1.1973,66.212,4t4d,-0.134,0.0,0.0
1862,519.153,-0.0094,3.0482,-1.197,66.194,4t4d,-0.145,0.0,0.0
1863,519.374,-0.0203,3.0214,-1.1967,66.196,4t4d,-0.166,0.0,0.0
1864,519.591,-0.0349,2.9852,-1.1956,66.163,4t4d,-0.191,0.0,0.0
1865,519.807,-0.0454,2.9594,-1.1953,66.184,4t4d,-0.159,0.0,0.0
1866,520.031,-0.055,2.936,-1.1954,66.216,4t4d,-0.169,0.0,0.0
1867,520.248,-0.0711,2.8974,-1.195,66.191,4t4d,-0.168,0.0,0.0
1868,520.453,-0.0827,2.87,-1.1947,66.179,4t4d,-0.138,0.0,0.0
1869,520.659,-0.1012,2.8258,-1.1946,66.163,4t4d,-0.125,0.0,0.0
1870,520.865,-0.1128,2.7993,-1.1944,66.124,4t4d,-0.133,0.0,0.0
1871,521.078,-0.1248,2.7696,-1.1941,66.147,4t4d,-0.129,0.0,0.0
1872,521.288,-0.1361,2.7416,-1.1939,66.183,4t4d,-0.115,0.0,0.0
1873,521.501,-0.1488,2.7113,-1.1936,66.142,4t4d,-0.15,0.0,0.0
1874,521.718,-0.1621,2.68,-1.1934,66.096,4t4d,-0.168,0.0,0.0
1875,521.93,-0.1727,2.6543,-1.1928,66.119,4t4d,-0.164,0.0,0.0
1876,522.142,-0.1828,2.6296,-1.194,66.123,4t4d,-0.162,0.0,0.0
1877,522.354,-0.1999,2.5886,-1.1933,65.955,4t4d,-0.155,0.0,0.0
1878,522.57,-0.2056,2.5758,-1.1929,65.973,4t4d,-0.172,0.0,0.0
1879,522.785,-0.2221,2.5366,-1.1923,65.975,4t4d,-0.165,0.0,0.0
1880,522.996,-0.2326,2.5119,-1.192,65.936,4t4d,-0.146,0.0,0.0
1881,523.209,-0.2497,2.4716,-1.1916,65.923,4t4d,-0.171,0.0,0.0
1882,523.426,-0.2606,2.4456,-1.1921,65.885,4t4d,-0.14,0.0,0.0
1883,523.639,-0.2662,2.4323,-1.192,65.88,4t4d,-0.131,0.0,0.0
1884,523.851,-0.278,2.4053,-1.1916,65.952,4t4d,-0.145,0.0,0.0
1885,524.064,-0.2985,2.3623,-1.1907,67.077,4t4d,-0.127,0.0,0.0
1886,524.274,-0.3085,2.3399,-1.1904,67.993,4t4d,-0.155,0.0,0.0
1887,524.483,-0.3122,2.3296,-1.1902,68.316,4t4d,-0.138,0.0,0.0
1888,524.69,-0.3258,2.2932,-1.1901,68.823,4t4d,-0.141,0.0,0.0
1889,524.933,-0.3332,2.2739,-1.1896,68.831,4t4d,-0.135,0.0,0.0
1890,525.147,-0.3422,2.2493,-1.1891,69.023,4t4d,-0.138,0.0,2.58
1891,525.358,-0.355,2.2163,-1.189,68.926,4t4d,-0.133,0.0,5.15
1892,525.571,-0.3625,2.1963,-1.1891,68.938,4t4d,-0.129,0.0,2.71
1893,525.784,-0.3706,2.174,-1.1895,68.985,4t4d,-0.132,0.0,0.0
1894,525.994,-0.3742,2.1639,-1.1895,69.02,4t4d,-0.117,0.0,0.0
1895,526.206,-0.3873,2.1288,-1.1894,69.03,4t4d,-0.115,0.0,0.0
1896,526.421,-0.3955,2.1073,-1.1893,69.05,4t4d,-0.131,0.0,0.0
1897,526.653,-0.4046,2.0832,-1.1904,69.216,4t4d,-0.106,0.0,0.0
1898,526.865,-0.4102,2.0683,-1.1908,69.254,4t4d,-0.111,0.0,0.0
1899,527.074,-0.418,2.0473,-1.1901,69.236,4t4d,-0.101,0.0,0.0
1900,527.284,-0.4298,2.0148,-1.1891,69.278,4t4d,-0.126,0.0,0.0
1901,527.495,-0.4377,1.9931,-1.1887,69.32,4t4d,-0.128,0.0,0.0
1902,527.705,-0.4447,1.9732,-1.1885,69.346,4t4d,-0.119,0.0,0.0
1903,527.921,-0.4572,1.9387,-1.1883,69.388,4t4d,-0.077,0.0,0.0
1904,528.143,-0.4657,1.9143,-1.1878,69.422,4t4d,-0.112,0.0,0.0
1905,528.357,-0.4753,1.8875,-1.1879,69.456,4t4d,-0.144,0.0,0.0
1906,528.566,-0.4858,1.8586,-1.1874,69.444,4t4d,-0.124,0.0,0.0
1907,528.784,-0.5013,1.8137,-1.1848,69.008,4t4d,-0.105,0.0,0.0
1908,528.99,-0.5129,1.7825,-1.1832,68.911,4t4d,-0.109,0.0,0.0
1909,529.203,-0.5239,1.752,-1.1811,68.774,4t4d,-0.154,0.0,0.0
1910,529.423,-0.5359,1.7198,-1.179,68.678,4t4d,-0.146,0.0,0.0
1911,529.649,-0.5514,1.6773,-1.1747,68.568,4t4d,-0.156,0.0,0.0
1912,529.859,-0.5575,1.6619,-1.1725,68.493,4t4d,-0.146,0.0,0.0
1913,530.071,-0.5769,1.6086,-1.1677,68.348,4t4d,-0.147,0.0,0.0
1914,530.284,-0.5837,1.5905,-1.1666,68.062,4t4d,-0.163,0.0,0.0
1915,530.495,-0.6014,1.5442,-1.1637,67.926,4t4d,-0.161,0.0,0.0
1916,530.711,-0.6191,1.4973,-1.1605,67.922,4t4d,-0.148,0.0,0.0
1917,530.924,-0.6282,1.4722,-1.1575,67.793,4t4d,-0.177,0.0,0.0
1918,531.147,-0.6404,1.4414,-1.1523,67.575,4t4d,-0.154,0.0,0.0
1919,531.357,-0.6494,1.4174,-1.1499,67.562,4t4d,-0.172,0.0,-3.77
1920,531.573,-0.6602,1.3898,-1.1453,67.529,4t4d,-0.153,0.0,0.0
1921,531.787,-0.6715,1.3606,-1.1406,67.481,4t4d,-0.156,0.0,0.0
1922,532.001,-0.6821,1.3333,-1.136,67.396,4t4d,-0.151,0.0,0.0
1923,532.222,-0.6942,1.3022,-1.1251,67.154,4t4d,-0.144,0.0,0.0
1924,532.441,-0.7006,1.2858,-1.1226,66.876,4t4d,-0.142,0.0,0.0
1925,532.653,-0.7245,1.2288,-1.1128,66.679,4t4d,-0.155,0.0,0.0
1926,532.865,-0.7304,1.2141,-1.1109,66.728,4t4d,-0.159,0.0,0.0
1927,533.078,-0.7414,1.187,-1.1076,66.681,4t4d,-0.148,0.0,0.0
1928,533.289,-0.7573,1.1475,-1.1027,66.689,4t4d,-0.127,0.0,-1.67
1929,533.501,-0.7636,1.1319,-1.1015,66.686,4t4d,-0.116,0.0,0.0
1930,533.722,-0.7815,1.0878,-1.0984,66.383,4t4d,-0.207,0.0,0.0
1931,533.949,-0.793,1.0599,-1.096,66.329,4t4d,-0.187,0.0,0.0
1932,534.159,-0.8085,1.0219,-1.093,66.344,4t4d,-0.148,0.0,0.0
1933,534.369,-0.8189,0.9959,-1.0908,66.347,4t4d,-0.132,0.0,0.0
1934,534.581,-0.8234,0.9848,-1.0898,66.358,4t4d,-0.174,0.0,0.0
1935,534.791,-0.8373,0.9502,-1.0841,66.515,4t4d,-0.138,0.0,0.0
1936,535.0,-0.842,0.9381,-1.0812,66.489,4t4d,-0.15,0.0,0.0
1937,535.215,-0.8515,0.9147,-1.0792,66.543,4t4d,-0.135,0.0,0.0
1938,535.425,-0.8697,0.871,-1.0764,66.593,4t4d,-0.153,0.0,0.0
1939,535.637,-0.8747,0.859,-1.0761,66.611,4t4d,-0.124,0.0,0.0
1940,535.847,-0.8888,0.8253,-1.0744,66.57,4t4d,-0.109,0.0,0.0
1941,536.056,-0.908,0.7788,-1.0737,66.621,4t4d,-0.123,0.0,0.0
1942,536.263,-0.9192,0.7513,-1.0735,66.596,4t4d,-0.113,0.0,0.0
1943,536.473,-0.9389,0.7024,-1.0729,66.609,4t4d,-0.155,0.0,0.0
1944,536.681,-0.9524,0.6689,-1.0726,66.623,4t4d,-0.144,0.0,0.0
1945,536.892,-0.965,0.6379,-1.0724,66.641,4t4d,-0.212,0.0,0.0
1946,537.101,-0.9738,0.6171,-1.072,66.629,4t4d,-0.167,0.0,0.0
1947,537.344,-0.9696,0.6268,-1.0721,66.612,4t4d,-0.179,0.0,0.0
1948,537.559,-0.9689,0.6283,-1.072,66.613,4t4d,-0.169,0.0,0.0
1949,537.771,-0.969,0.6289,-1.0719,66.56,4t4d,-0.195,0.0,0.0
1950,537.989,-0.969,0.6283,-1.072,66.394,4t4d,-0.18,0.0,0.0
1951,538.202,-0.968,0.6287,-1.072,66.396,4t4d,-0.115,0.0,0.0
1952,538.418,-0.9721,0.6302,-1.072,66.4,crab,0.0,0.1349,0.027
1953,538.636,-0.9968,0.6412,-1.0721,66.406,crab,0.0,0.2149,-0.007
1954,538.879,-1.0359,0.659,-1.0727,66.404,crab,0.0,0.3694,0.088
1955,539.089,-1.1032,0.6894,-1.0731,66.422,crab,0.0,0.2596,-0.156
1956,539.299,-1.1509,0.7101,-1.0737,66.391,crab,0.0,0.4066,-0.349
1957,539.514,-1.2253,0.7429,-1.0743,66.321,crab,0.0,0.284,-0.156
1958,539.729,-1.2779,0.7643,-1.0748,66.29,crab,0.0,0.3091,0.088
1959,539.943,-1.3344,0.7895,-1.0752,66.308,crab,0.0,0.5017,-0.536
1960,540.155,-1.4263,0.8297,-1.0757,66.2,crab,0.0,0.3463,-0.124
1961,540.378,-1.4892,0.8587,-1.0767,66.176,crab,0.0,0.3646,-0.128
1962,540.585,-1.5567,0.8864,-1.0775,66.15,crab,0.0,0.3739,-0.441
1963,540.792,-1.6255,0.9156,-1.0785,66.062,crab,0.0,0.3903,-1.047
1964,541.005,-1.6969,0.9472,-1.0794,65.852,crab,0.0,0.4139,-0.09
1965,541.211,-1.7731,0.9796,-1.0805,65.834,crab,0.0,0.3952,-0.353
1966,541.421,-1.8454,1.0116,-1.0813,65.764,crab,0.0,0.3869,-0.172
1967,541.633,-1.9165,1.0422,-1.0824,65.73,crab,0.0,0.382,-0.181
1968,541.845,-1.9866,1.0727,-1.0837,65.693,crab,0.0,0.3023,0.891
1969,542.055,-2.0394,1.1026,-1.0841,65.872,crab,0.002,0.389,0.0
1970,542.267,-2.0518,1.1322,-1.087,65.913,crab,0.002,0.401,0.0
1971,542.483,-2.0498,1.1296,-1.0873,66.09,crab,0.002,0.392,0.0
1972,542.697,-2.0475,1.1287,-1.0878,66.268,crab,0.002,0.382,0.0
1973,542.916,-2.048,1.1286,-1.088,66.293,crab,0.002,0.355,0.0
1974,543.131,-2.0487,1.1283,-1.0877,66.295,crab,0.015,0.193,0.0
1975,543.36,-2.0489,1.1283,-1.0879,66.294,crab,0.07,0.126,0.0
1976,543.571,-2.0477,1.1316,-1.0881,66.293,crab,-0.011,-0.014,0.0
1977,543.78,-2.0444,1.1392,-1.0882,66.285,crab,-0.012,-0.004,0.0
1978,543.99,-2.0389,1.1524,-1.0886,66.279,crab,-0.003,0.0,0.0
1979,544.2,-2.0219,1.1924,-1.089,66.23,crab,0.001,0.0,0.0
1980,544.415,-2.0158,1.2066,-1.0892,66.223,crab,0.0,0.0,0.0
1981,544.63,-1.9949,1.2505,-1.0905,66.228,crab,0.008,0.0,0.0
1982,544.844,-1.9793,1.293,-1.0924,66.248,crab,0.044,0.0,0.0
1983,545.056,-1.9672,1.3217,-1.095,66.258,crab,0.079,0.0,0.0
1984,545.267,-1.9614,1.3357,-1.096,66.254,crab,0.166,0.0,0.0
1985,545.488,-1.9477,1.369,-1.0971,66.174,crab,0.161,0.0,0.0
1986,545.699,-1.9432,1.4231,-1.1027,66.259,crab,0.138,0.0,0.0
1987,545.91,-1.9389,1.455,-1.1053,66.127,crab,0.162,0.001,0.0
1988,546.124,-1.9259,1.4859,-1.1073,66.072,crab,0.163,0.016,0.0
1989,546.338,-1.9129,1.5176,-1.1101,66.052,crab,0.158,0.0,0.0
1990,546.57,-1.8928,1.5663,-1.1142,65.961,crab,0.188,0.007,0.0
1991,546.784,-1.877,1.6014,-1.118,65.897,crab,0.182,0.066,0.0
1992,546.995,-1.8598,1.6343,-1.1232,65.793,crab,0.168,0.013,0.0
1993,547.207,-1.8359,1.6874,-1.1306,65.676,crab,0.194,0.001,0.0
1994,547.428,-1.827,1.7077,-1.1336,65.631,crab,0.186,0.0,0.0
1995,547.646,-1.7981,1.7683,-1.1457,65.592,crab,0.174,0.0,0.0
1996,547.858,-1.7826,1.8062,-1.1516,65.546,crab,0.19,-0.003,0.0
1997,548.074,-1.764,1.8738,-1.162,65.509,crab,0.198,-0.012,0.0
1998,548.291,-1.7479,1.9147,-1.1679,65.553,crab,0.186,0.0,0.0
1999,548.51,-1.7402,1.9402,-1.1722,65.524,crab,0.235,0.0,0.0
2000,548.72,-1.7125,2.0116,-1.179,65.497,crab,0.179,0.0,0.0
2001,548.929,-1.6975,2.0607,-1.183,65.75,crab,0.221,0.002,0.0
2002,549.139,-1.678,2.1091,-1.1873,65.838,crab,0.24,0.039,0.0
2003,549.35,-1.6519,2.1784,-1.1921,65.976,crab,0.247,0.005,0.0
2004,549.561,-1.6286,2.2311,-1.1943,66.037,crab,0.248,0.028,0.0
2005,549.789,-1.6085,2.2783,-1.1965,66.004,crab,0.225,0.004,0.0
2006,549.999,-1.5887,2.326,-1.1981,65.957,crab,0.232,0.028,0.0
2007,550.213,-1.5681,2.3755,-1.1984,66.063,crab,0.231,0.001,0.0
2008,550.427,-1.5454,2.4411,-1.1993,65.85,crab,0.231,0.007,0.0
2009,550.643,-1.5275,2.4879,-1.2004,65.794,crab,0.259,0.001,0.0
2010,550.854,-1.5075,2.5338,-1.2015,65.885,crab,0.228,0.0,0.0
2011,551.066,-1.4869,2.5824,-1.2026,65.904,crab,0.246,0.005,0.0
2012,551.284,-1.4677,2.629,-1.2024,65.908,crab,0.257,0.002,0.0
2013,551.49,-1.4471,2.6766,-1.2014,65.886,crab,0.233,0.021,0.0
2014,551.698,-1.4241,2.7288,-1.2013,65.942,crab,0.256,0.015,0.0
2015,551.925,-1.392,2.8017,-1.2019,65.939,crab,0.271,0.001,0.0
2016,552.138,-1.3707,2.8517,-1.2036,65.916,crab,0.277,0.0,0.0
2017,552.348,-1.3496,2.9004,-1.2049,65.973,crab,0.286,0.0,0.0
2018,552.573,-1.3176,2.9753,-1.2064,65.971,crab,0.255,0.0,0.0
2019,552.784,-1.2963,3.025,-1.208,65.955,crab,0.283,-0.002,0.0
2020,552.998,-1.2762,3.0721,-1.2097,65.782,crab,0.279,-0.001,0.0
2021,553.21,-1.2565,3.118,-1.21,65.681,crab,0.272,0.0,0.0
2022,553.421,-1.2356,3.1672,-1.2106,65.593,crab,0.234,0.0,0.0
2023,553.639,-1.2064,3.2406,-1.2111,65.672,crab,0.257,0.0,0.0
2024,553.873,-1.1977,3.2614,-1.2115,65.679,crab,0.276,0.0,0.0
2025,554.099,-1.1703,3.3354,-1.2141,65.519,crab,0.261,0.0,0.0
2026,554.315,-1.1503,3.3842,-1.2154,65.551,crab,0.28,0.0,0.0
2027,554.524,-1.1304,3.4327,-1.2156,65.566,crab,0.283,0.005,0.0
2028,554.735,-1.0979,3.5084,-1.2167,65.683,crab,0.251,0.001,0.0
2029,554.95,-1.0755,3.5595,-1.217,65.763,crab,0.249,0.0,0.0
2030,555.157,-1.0528,3.6125,-1.2184,65.705,crab,0.264,0.024,0.0
2031,555.364,-1.0334,3.659,-1.2186,65.736,crab,0.271,0.001,0.0
2032,555.573,-1.0019,3.7311,-1.2205,65.642,crab,0.249,0.001,0.0
2033,555.795,-0.9819,3.7787,-1.2211,65.656,crab,0.276,0.0,0.0
2034,556.02,-0.9731,3.8003,-1.2214,65.597,crab,0.282,0.0,0.0
2035,556.238,-0.9476,3.8797,-1.2215,65.431,crab,0.265,0.0,0.0
2036,556.45,-0.9326,3.932,-1.2227,65.384,crab,0.262,0.0,0.0
2037,556.663,-0.9176,4.0104,-1.2248,65.385,crab,0.271,0.0,0.0
2038,556.881,-0.9096,4.0391,-1.2253,65.495,crab,0.248,0.0,0.0
2039,557.103,-0.8796,4.1071,-1.2264,65.395,crab,0.276,0.004,0.0
2040,557.318,-0.85,4.1746,-1.2279,65.329,crab,0.268,0.032,0.0
2041,557.533,-0.83,4.2202,-1.2288,65.31,crab,0.271,0.035,0.0
2042,557.744,-0.8188,4.2455,-1.2287,65.342,crab,0.253,0.066,0.0
2043,557.957,-0.7906,4.3118,-1.2288,65.268,crab,0.274,0.031,0.0
2044,558.168,-0.7709,4.3574,-1.2297,65.326,crab,0.269,0.001,0.0
2045,558.381,-0.7514,4.3993,-1.23,65.365,crab,0.251,0.0,0.0
2046,558.599,-0.7315,4.4416,-1.2287,65.334,crab,0.26,0.0,0.0
2047,558.819,-0.7005,4.5103,-1.2285,65.32,crab,0.233,0.0,0.0
2048,559.031,-0.6893,4.5355,-1.2282,65.39,crab,0.253,0.0,0.0
2049,559.244,-0.6688,4.584,-1.2273,66.193,4t4d,0.247,0.0,0.0
2050,559.455,-0.6412,4.6588,-1.2275,68.421,4t4d,0.214,0.0,0.0
2051,559.665,-0.6234,4.7056,-1.228,68.499,4t4d,0.246,0.0,0.0
2052,559.877,-0.5964,4.7766,-1.2272,68.467,4t4d,0.253,0.0,0.0
2053,560.1,-0.5785,4.8283,-1.2259,68.66,4t4d,0.258,0.0,0.0
2054,560.329,-0.5509,4.8996,-1.2255,68.216,4t4d,0.268,0.0,6.1
2055,560.545,-0.5322,4.9467,-1.2267,68.09,4t4d,0.249,0.0,7.61
2056,560.753,-0.513,4.9943,-1.2264,67.915,4t4d,0.248,0.0,0.0
2057,560.964,-0.5039,5.019,-1.2266,67.955,4t4d,0.241,0.0,0.0
2058,561.172,-0.4777,5.0877,-1.228,67.946,4t4d,0.248,0.0,0.0
2059,561.38,-0.4569,5.1397,-1.2291,67.932,4t4d,0.266,0.0,0.0
2060,561.594,-0.4388,5.1849,-1.2296,67.664,4t4d,0.285,0.0,0.0
2061,561.805,-0.4206,5.2301,-1.2301,66.842,4t4d,0.262,0.0,0.0
2062,562.018,-0.3921,5.3009,-1.2299,66.429,4t4d,0.257,0.0,0.0
2063,562.23,-0.3707,5.3543,-1.2297,66.415,4t4d,0.251,0.0,0.0
2064,562.44,-0.353,5.3958,-1.2306,66.276,4t4d,0.297,0.0,0.0
2065,562.649,-0.3333,5.442,-1.2307,66.19,4t4d,0.265,0.0,0.0
2066,562.86,-0.313,5.4912,-1.2308,66.004,4t4d,0.274,0.0,-4.77
2067,563.071,-0.2925,5.5401,-1.2298,65.951,4t4d,0.254,0.0,0.0
2068,563.282,-0.261,5.6123,-1.2306,65.775,4t4d,0.247,0.0,0.0
2069,563.492,-0.2389,5.663,-1.2312,65.793,4t4d,0.27,0.0,0.0
2070,563.714,-0.2181,5.7138,-1.2321,66.187,4t4d,0.26,0.0,0.0
2071,563.926,-0.1984,5.7603,-1.2321,66.518,4t4d,0.264,0.0,0.0
2072,564.139,-0.1777,5.8092,-1.2319,66.612,4t4d,0.271,0.0,0.0
2073,564.349,-0.1467,5.8818,-1.2323,66.694,4t4d,0.272,0.0,0.0
2074,564.56,-0.1259,5.9333,-1.2324,67.377,4t4d,0.266,0.0,0.0
2075,564.771,-0.1159,5.9584,-1.2334,67.729,4t4d,0.25,0.0,0.0
2076,564.987,-0.0862,6.0345,-1.2354,67.959,4t4d,0.282,0.0,0.0
2077,565.2,-0.0675,6.0827,-1.236,67.912,4t4d,0.27,0.0,0.0
2078,565.416,-0.0466,6.135,-1.2361,67.861,4t4d,0.242,0.0,0.0
2079,565.629,-0.0152,6.2151,-1.2364,67.857,4t4d,0.253,0.0,3.25
2080,565.842,0.0059,6.2698,-1.2348,67.98,4t4d,0.29,0.0,0.0
2081,566.055,0.0262,6.3192,-1.2348,67.83,4t4d,0.278,0.0,0.0
2082,566.267,0.0558,6.3938,-1.2358,67.784,4t4d,0.283,0.0,0.0
2083,566.478,0.0644,6.4158,-1.2369,67.686,4t4d,0.27,0.0,0.0
2084,566.69,0.0957,6.4958,-1.2356,67.858,4t4d,0.295,0.0,0.0
2085,566.914,0.1156,6.5469,-1.2361,67.905,4t4d,0.295,0.0,0.0
2086,567.135,0.1345,6.5948,-1.2356,67.997,4t4d,0.266,0.0,0.0
2087,567.348,0.1563,6.6523,-1.2363,68.137,4t4d,0.27,0.0,0.0
2088,567.559,0.1867,6.7288,-1.2364,68.035,4t4d,0.249,0.0,0.0
2089,567.77,0.207,6.7791,-1.2364,67.679,4t4d,0.292,0.0,0.0
2090,567.981,0.2279,6.8347,-1.2373,67.56,4t4d,0.258,0.0,0.0
2091,568.191,0.2356,6.855,-1.2375,67.589,4t4d,0.272,0.0,0.0
2092,568.403,0.2634,6.9291,-1.2378,67.862,4t4d,0.297,0.0,0.0
2093,568.615,0.2822,6.9794,-1.2381,68.08,4t4d,0.29,0.0,0.0
2094,568.846,0.3085,7.0534,-1.2373,68.699,4t4d,0.291,0.0,0.0
2095,569.057,0.3257,7.1009,-1.2383,68.755,4t4d,0.259,0.0,0.0
2096,569.267,0.3342,7.1247,-1.2385,68.756,4t4d,0.274,0.0,0.0
2097,569.478,0.3614,7.1987,-1.2406,68.755,4t4d,0.249,0.0,0.0
2098,569.687,0.3894,7.2742,-1.2414,68.727,4t4d,0.277,0.0,0.0
2099,569.894,0.4086,7.3265,-1.2419,68.76,4t4d,0.246,0.0,2.89
2100,570.108,0.4173,7.3483,-1.2429,68.773,4t4d,0.271,0.0,0.0
2101,570.326,0.4366,7.399,-1.2449,68.746,4t4d,0.263,0.0,0.0
2102,570.542,0.4639,7.4747,-1.2466,68.785,4t4d,0.252,0.0,0.0
2103,570.762,0.483,7.5299,-1.2486,68.93,4t4d,0.272,0.0,0.0
2104,570.981,0.5095,7.6011,-1.2477,68.948,4t4d,0.275,0.0,0.0
2105,571.193,0.5272,7.6474,-1.2484,68.933,4t4d,0.247,0.0,0.0
2106,571.405,0.5465,7.6978,-1.2491,68.944,4t4d,0.264,0.0,0.0
2107,571.644,0.5652,7.7457,-1.2496,68.741,4t4d,0.275,0.0,0.0
2108,571.859,0.5952,7.8235,-1.2512,68.527,4t4d,0.301,0.0,0.0
2109,572.071,0.6131,7.8722,-1.2525,68.44,4t4d,0.26,0.0,0.0
2110,572.28,0.6314,7.9211,-1.2529,67.976,4t4d,0.263,0.0,0.0
2111,572.491,0.6505,7.9699,-1.2537,67.749,4t4d,0.292,0.0,0.0
2112,572.705,0.6703,8.021,-1.2534,67.721,4t4d,0.237,0.0,0.0
2113,572.93,0.6988,8.0938,-1.2533,67.686,4t4d,0.275,0.0,0.0
2114,573.146,0.7181,8.1399,-1.2521,67.671,4t4d,0.265,0.0,0.0
2115,573.359,0.7387,8.1926,-1.2524,67.676,4t4d,0.266,0.0,0.0
2116,573.58,0.7581,8.242,-1.2535,67.69,4t4d,0.271,0.0,0.0
2117,573.791,0.789,8.3177,-1.2542,67.538,4t4d,0.282,0.0,0.0
2118,574.006,0.7964,8.3367,-1.2541,67.478,4t4d,0.283,0.0,0.0
2119,574.226,0.8173,8.3893,-1.2539,67.289,4t4d,0.279,0.0,0.0
2120,574.434,0.8487,8.4654,-1.2554,67.067,4t4d,0.274,0.0,0.0
2121,574.643,0.858,8.4881,-1.2549,67.086,4t4d,0.279,0.0,0.0
2122,574.848,0.8998,8.5865,-1.2551,66.812,4t4d,0.235,0.0,0.0
2123,575.056,0.9212,8.6358,-1.2559,66.688,4t4d,0.243,0.0,0.0
2124,575.263,0.9435,8.689,-1.2563,66.872,4t4d,0.261,0.0,0.0
2125,575.475,0.9628,8.738,-1.2565,67.57,4t4d,0.289,0.0,0.0
2126,575.684,0.9821,8.7889,-1.2572,68.073,4t4d,0.275,0.0,0.0
2127,575.897,1.0004,8.836,-1.2581,68.195,4t4d,0.269,0.0,0.0
2128,576.11,1.0193,8.8861,-1.2603,68.145,4t4d,0.274,0.0,0.0
2129,576.336,1.0485,8.9638,-1.261,68.255,4t4d,0.234,0.0,0.0
2130,576.56,1.0682,9.0135,-1.2609,68.219,4t4d,0.272,0.0,3.49
2131,576.772,1.0854,9.0602,-1.2607,68.123,4t4d,0.271,0.0,4.21
2132,576.985,1.1031,9.1101,-1.2611,68.202,4t4d,0.29,0.0,0.0
2133,577.195,1.1311,9.1864,-1.2608,68.575,4t4d,0.27,0.0,0.0
2134,577.41,1.1405,9.2109,-1.2609,68.621,4t4d,0.259,0.0,0.0
2135,577.628,1.1678,9.2846,-1.2616,68.872,4t4d,0.276,0.0,0.0
2136,577.857,1.1863,9.3355,-1.2626,69.2,4t4d,0.257,0.0,0.0
2137,578.067,1.2038,9.3835,-1.2623,69.249,4t4d,0.263,0.0,0.0
2138,578.277,1.2307,9.4576,-1.2617,69.212,4t4d,0.261,0.0,0.0
2139,578.491,1.2489,9.5079,-1.263,69.199,4t4d,0.294,0.0,0.0
2140,578.698,1.2681,9.5618,-1.2636,69.235,4t4d,0.284,0.0,0.0
2141,578.907,1.2849,9.6048,-1.2631,68.965,4t4d,0.268,0.0,0.0
2142,579.13,1.303,9.6521,-1.2622,68.761,4t4d,0.272,0.0,0.0
2143,579.34,1.321,9.7015,-1.2626,68.743,4t4d,0.278,0.0,0.0
2144,579.549,1.3383,9.748,-1.262,68.63,4t4d,0.292,0.0,0.0
2145,579.76,1.3663,9.8224,-1.2617,68.418,4t4d,0.264,0.0,0.0
2146,579.969,1.3851,9.8727,-1.2622,68.361,4t4d,0.279,0.0,0.0
2147,580.179,1.4038,9.9225,-1.263,68.36,4t4d,0.26,0.0,0.0
2148,580.389,1.4225,9.9726,-1.2627,68.282,4t4d,0.258,0.0,0.0
2149,580.601,1.4442,10.0294,-1.2615,68.392,4t4d,0.282,0.0,0.0
2150,580.814,1.474,10.1072,-1.2622,68.348,4t4d,0.264,0.0,0.0
2151,581.029,1.4827,10.1299,-1.2622,68.308,4t4d,0.286,0.0,0.0
2152,581.24,1.5117,10.2054,-1.2631,68.232,4t4d,0.263,0.0,0.0
2153,581.452,1.5327,10.2594,-1.2638,68.102,4t4d,0.288,0.0,0.0
2154,581.673,1.5513,10.3107,-1.264,67.917,4t4d,0.279,0.0,0.0
2155,581.881,1.5696,10.3596,-1.2637,67.914,4t4d,0.278,0.0,0.0
2156,582.09,1.6013,10.438,-1.2645,67.72,4t4d,0.277,0.0,0.0
2157,582.301,1.6111,10.4628,-1.2649,67.643,4t4d,0.27,0.0,0.0
2158,582.514,1.6416,10.5394,-1.2665,67.696,4t4d,0.273,0.0,0.0
2159,582.728,1.6606,10.5877,-1.2675,67.531,4t4d,0.274,0.0,0.0
2160,582.955,1.6904,10.664,-1.2673,67.341,4t4d,0.277,0.0,0.0
2161,583.165,1.7103,10.7133,-1.2669,67.18,4t4d,0.284,0.0,0.0
2162,583.387,1.7309,10.7634,-1.2661,67.153,4t4d,0.278,0.0,0.0
2163,583.597,1.7517,10.8145,-1.2658,67.153,4t4d,0.268,0.0,0.0
2164,583.807,1.7738,10.8695,-1.2664,67.108,4t4d,0.262,0.0,0.0
2165,584.02,1.7946,10.9185,-1.2676,67.058,4t4d,0.278,0.0,0.0
2166,584.233,1.8291,11.0003,-1.2687,66.892,4t4d,0.289,0.0,0.0
2167,584.443,1.8507,11.0531,-1.2685,66.952,4t4d,0.282,0.0,0.0
2168,584.653,1.8609,11.0766,-1.2686,66.874,4t4d,0.275,0.0,0.0
2169,584.863,1.893,11.1545,-1.2703,66.903,4t4d,0.291,0.0,0.0
2170,585.073,1.9162,11.2083,-1.2709,66.908,4t4d,0.255,0.0,0.0
2171,585.283,1.9384,11.2632,-1.2702,66.962,4t4d,0.3,0.0,0.0
2172,585.503,1.9568,11.3097,-1.2683,66.914,4t4d,0.289,0.0,0.0
2173,585.714,1.9885,11.3875,-1.2683,66.957,4t4d,0.289,0.0,0.0
2174,585.937,2.0107,11.4403,-1.2691,67.204,4t4d,0.249,0.0,0.0
2175,586.143,2.0326,11.4952,-1.2687,67.29,4t4d,0.269,0.0,0.0
2176,586.369,2.0638,11.5754,-1.2697,67.531,4t4d,0.313,0.0,0.0
2177,586.581,2.0862,11.6314,-1.2701,67.501,4t4d,0.287,0.0,0.0
2178,586.793,2.0954,11.6549,-1.2708,67.415,4t4d,0.285,0.0,0.0
2179,587.002,2.1291,11.7431,-1.2698,67.622,4t4d,0.293,0.0,0.0
2180,587.215,2.139,11.7681,-1.2699,67.621,4t4d,0.298,0.0,0.0
2181,587.43,2.1831,11.881,-1.2709,67.705,4t4d,0.307,0.0,0.0
2182,587.652,2.2048,11.9362,-1.271,67.913,4t4d,0.275,0.0,0.0
2183,587.864,2.228,11.9964,-1.2719,67.906,4t4d,0.3,0.0,0.0
2184,588.075,2.248,12.0483,-1.2712,67.967,4t4d,0.298,0.0,0.0
2185,588.287,2.2687,12.102,-1.2704,67.943,4t4d,0.303,0.0,0.0
2186,588.5,2.29,12.157,-1.2696,67.926,4t4d,0.29,0.0,0.0
2187,588.716,2.3219,12.2401,-1.2705,67.971,4t4d,0.303,0.0,0.0
2188,588.929,2.3443,12.2986,-1.2707,68.058,4t4d,0.312,0.0,0.0
2189,589.136,2.364,12.3505,-1.2709,67.981,4t4d,0.323,0.0,0.0
2190,589.346,2.3845,12.4029,-1.2695,67.544,4t4d,0.269,0.0,0.0
2191,589.558,2.4064,12.4583,-1.2692,67.395,4t4d,0.308,0.0,0.0
2192,589.769,2.4276,12.5129,-1.2693,67.338,4t4d,0.265,0.0,0.0
2193,589.984,2.4503,12.5707,-1.2698,67.306,4t4d,0.292,0.0,0.0
2194,590.194,2.4828,12.651,-1.2695,67.094,4t4d,0.313,0.0,0.0
2195,590.406,2.505,12.7053,-1.2705,66.969,4t4d,0.278,0.0,0.0
2196,590.621,2.527,12.7594,-1.2707,66.857,4t4d,0.286,0.0,0.0
2197,590.832,2.548,12.8132,-1.2721,66.616,4t4d,0.279,0.0,0.0
2198,591.043,2.5703,12.8668,-1.2731,66.64,4t4d,0.325,0.0,0.0
2199,591.265,2.604,12.9479,-1.2737,66.704,4t4d,0.301,0.0,0.0
2200,591.486,2.6268,13.0033,-1.2745,66.818,4t4d,0.29,0.0,0.0
2201,591.697,2.6484,13.058,-1.2748,67.297,4t4d,0.296,0.0,0.0
2202,591.912,2.6705,13.1178,-1.2749,68.619,4t4d,0.315,0.0,0.0
2203,592.122,2.7018,13.2042,-1.276,69.039,4t4d,0.307,0.0,0.0
2204,592.333,2.7207,13.2582,-1.2761,69.156,4t4d,0.285,0.0,0.0
2205,592.551,2.7397,13.3117,-1.2754,69.246,4t4d,0.296,0.0,0.0
2206,592.765,2.7596,13.367,-1.2757,69.108,4t4d,0.283,0.0,0.0
2207,592.981,2.7799,13.4234,-1.2754,68.975,4t4d,0.301,0.0,7.5
2208,593.197,2.7984,13.4745,-1.2755,68.923,4t4d,0.308,0.0,0.0
2209,593.409,2.8173,13.5267,-1.2763,68.88,4t4d,0.28,0.0,0.0
2210,593.624,2.8481,13.6075,-1.2756,68.54,4t4d,0.292,0.0,0.0
2211,593.835,2.866,13.6545,-1.2761,68.483,4t4d,0.299,0.0,0.0
2212,594.045,2.8863,13.7093,-1.2771,68.435,4t4d,0.269,0.0,0.0
2213,594.256,2.905,13.7591,-1.2775,68.407,4t4d,0.285,0.0,0.0
2214,594.466,2.9356,13.8399,-1.2786,68.246,4t4d,0.267,0.0,0.0
2215,594.678,2.955,13.8926,-1.2789,68.452,4t4d,0.305,0.0,0.0
2216,594.891,2.9646,13.9188,-1.278,68.424,4t4d,0.263,0.0,0.0
2217,595.103,2.9943,13.9972,-1.278,68.377,4t4d,0.298,0.0,0.0
2218,595.314,3.0035,14.0224,-1.278,68.337,4t4d,0.261,0.0,0.0
2219,595.526,3.0443,14.1291,-1.2779,68.221,4t4d,0.281,0.0,0.0
2220,595.735,3.053,14.1522,-1.2775,68.161,4t4d,0.284,0.0,0.0
2221,595.946,3.0843,14.2339,-1.2769,67.976,4t4d,0.257,0.0,0.0
2222,596.16,3.1029,14.2808,-1.2772,67.764,4t4d,0.301,0.0,0.0
2223,596.374,3.1149,14.3109,-1.2772,67.817,4t4d,0.307,0.0,0.0
2224,596.585,3.1446,14.3874,-1.2778,67.731,4t4d,0.276,0.0,0.0
2225,596.795,3.1647,14.4379,-1.2781,67.716,4t4d,0.271,0.0,0.0
2226,597.005,3.1951,14.5144,-1.2783,67.748,4t4d,0.265,0.0,0.0
2227,597.216,3.2159,14.5675,-1.2788,67.746,4t4d,0.294,0.0,0.0
2228,597.426,3.2382,14.6225,-1.2799,67.686,4t4d,0.268,0.0,0.0
2229,597.638,3.259,14.674,-1.2801,67.665,4t4d,0.302,0.0,0.0
2230,597.849,3.2788,14.7236,-1.2816,67.629,4t4d,0.283,0.0,0.0
2231,598.06,3.3117,14.805,-1.2825,67.6,4t4d,0.29,0.0,0.0
2232,598.277,3.3213,14.8278,-1.2829,67.462,4t4d,0.302,0.0,0.0
2233,598.495,3.3527,14.9051,-1.2829,66.953,4t4d,0.279,0.0,0.0
2234,598.717,3.3758,14.9629,-1.2841,66.808,4t4d,0.298,0.0,0.0
2235,598.938,3.3964,15.0136,-1.2858,66.724,4t4d,0.295,0.0,0.0
2236,599.152,3.4314,15.0985,-1.2871,66.731,4t4d,0.278,0.0,0.0
2237,599.373,3.4547,15.1547,-1.2879,66.724,4t4d,0.286,0.0,0.0
2238,599.589,3.4755,15.2047,-1.288,66.653,4t4d,0.277,0.0,0.0
2239,599.8,3.4951,15.2534,-1.2888,67.015,4t4d,0.308,0.0,0.0
2240,600.013,3.5164,15.3076,-1.2897,67.161,4t4d,0.301,0.0,0.0
2241,600.225,3.5472,15.386,-1.2904,67.532,4t4d,0.295,0.0,0.0
2242,600.435,3.5692,15.4433,-1.291,67.621,4t4d,0.293,0.0,0.0
2243,600.647,3.5888,15.4923,-1.2926,67.612,4t4d,0.269,0.0,0.0
2244,600.858,3.608,15.5405,-1.2935,67.649,4t4d,0.322,0.0,0.0
2245,601.068,3.6263,15.5865,-1.2939,67.638,4t4d,0.261,0.0,0.0
2246,601.283,3.6455,15.6355,-1.2933,67.66,4t4d,0.285,0.0,0.0
2247,601.5,3.6698,15.6994,-1.2926,67.633,4t4d,0.297,0.0,0.0
2248,601.726,3.6834,15.7366,-1.292,67.622,4t4d,0.294,0.0,0.0
2249,601.949,3.7075,15.7999,-1.291,67.646,4t4d,0.259,0.0,0.0
2250,602.162,3.7158,15.821,-1.2908,67.61,4t4d,0.265,0.0,0.0
2251,602.373,3.7423,15.8906,-1.2906,67.58,4t4d,0.259,0.0,0.0
2252,602.582,3.761,15.9376,-1.29,67.381,4t4d,0.238,0.0,0.0
2253,602.794,3.7792,15.9834,-1.2899,67.247,4t4d,0.206,0.0,0.0
2254,603.008,3.7999,16.0349,-1.2892,67.12,4t4d,0.239,0.0,0.0
2255,603.22,3.8196,16.0842,-1.2896,66.569,4t4d,0.233,0.0,0.0
2256,603.432,3.847,16.1525,-1.2891,66.298,4t4d,0.251,0.0,0.0
2257,603.642,3.8588,16.1819,-1.289,66.353,4t4d,0.234,0.0,0.0
2258,603.853,3.8888,16.2531,-1.2886,66.221,4t4d,0.258,0.0,0.0
2259,604.065,3.91,16.3036,-1.289,66.424,4t4d,0.267,0.0,0.0
2260,604.283,3.9301,16.3539,-1.2898,66.928,4t4d,0.263,0.0,0.0
2261,604.512,3.9502,16.4028,-1.2903,66.968,4t4d,0.257,0.0,0.0
2262,604.726,3.9812,16.4785,-1.2915,66.863,4t4d,0.251,0.0,0.0
2263,604.934,4.0,16.5226,-1.2924,66.407,4t4d,0.276,0.0,0.0
2264,605.144,4.0216,16.5759,-1.2929,66.399,4t4d,0.301,0.0,0.0
2265,605.354,4.0414,16.6241,-1.2933,66.401,4t4d,0.307,0.0,0.0
2266,605.564,4.0621,16.6738,-1.2942,66.408,4t4d,0.271,0.0,0.0
2267,605.774,4.0923,16.7475,-1.2957,66.41,4t4d,0.268,0.0,0.0
2268,605.984,4.1133,16.7989,-1.2964,66.421,4t4d,0.264,0.0,0.0
2269,606.194,4.1335,16.8496,-1.2968,66.362,4t4d,0.271,0.0,0.0
2270,606.407,4.1528,16.8974,-1.2973,66.838,4t4d,0.26,0.0,0.0
2271,606.623,4.1726,16.9506,-1.2977,67.824,4t4d,0.251,0.0,0.0
2272,606.837,4.192,17.0052,-1.2985,68.934,4t4d,0.251,0.0,0.0
2273,607.044,4.2199,17.0875,-1.2979,69.535,4t4d,0.278,0.0,0.0
2274,607.255,4.2377,17.1385,-1.2985,69.39,4t4d,0.251,0.0,0.0
2275,607.465,4.2551,17.1875,-1.2986,68.969,4t4d,0.258,0.0,4.71
2276,607.681,4.2733,17.2355,-1.2993,68.769,4t4d,0.282,0.0,5.39
2277,607.908,4.2923,17.2828,-1.2996,68.34,4t4d,0.276,0.0,6.59
2278,608.121,4.3171,17.3454,-1.301,68.162,4t4d,0.282,0.0,0.0
2279,608.331,4.3303,17.3799,-1.301,68.063,4t4d,0.259,0.0,0.0
2280,608.541,4.3349,17.3917,-1.3014,68.107,4t4d,0.266,0.0,0.0
2281,608.752,4.3438,17.4145,-1.3014,68.106,4t4d,0.222,0.0,0.0
2282,608.965,4.3507,17.4318,-1.3017,68.088,4t4d,0.256,0.0,0.0
2283,609.175,4.35,17.4303,-1.3017,68.104,4t4d,0.232,0.0,0.0
2284,609.384,4.3509,17.433,-1.3017,68.109,4t4d,0.2,0.0,0.0
2285,609.612,4.351,17.4334,-1.3018,68.106,4t4d,0.14,0.0,0.0
2286,609.827,4.3509,17.4332,-1.3019,68.107,4t4d,0.095,0.0,0.0
2287,610.037,4.3511,17.4335,-1.302,68.107,4t4d,0.082,0.0,0.0
2288,610.259,4.3509,17.4328,-1.3019,68.1,4t4d,-0.037,0.0,0.0
2289,610.468,4.3368,17.3962,-1.3022,68.177,4t4d,-0.006,0.0,0.0
2290,610.68,4.3298,17.3783,-1.3017,68.148,4t4d,0.0,0.0,0.0
2291,610.895,4.3064,17.3174,-1.3006,67.681,4t4d,0.0,0.0,0.0
2292,611.109,4.2894,17.273,-1.3,66.674,4t4d,0.0,0.0,0.0
2293,611.331,4.2633,17.2099,-1.2991,66.643,4t4d,0.0,0.0,0.0
2294,611.542,4.2448,17.1649,-1.2984,66.534,4t4d,-0.137,0.0,0.0
2295,611.753,4.2342,17.1388,-1.2984,66.58,4t4d,-0.217,0.0,0.0
2296,611.967,4.215,17.0913,-1.2983,66.583,4t4d,-0.232,0.0,-5.09
2297,612.176,4.1837,17.0147,-1.2992,66.81,4t4d,-0.235,0.0,0.0
2298,612.384,4.1622,16.9619,-1.2993,66.733,4t4d,-0.198,0.0,0.0
2299,612.623,4.1378,16.9019,-1.2992,66.747,4t4d,-0.232,0.0,0.0
2300,612.841,4.1049,16.8173,-1.2975,66.735,4t4d,-0.275,0.0,0.0
2301,613.052,4.0837,16.7646,-1.2963,66.774,4t4d,-0.273,0.0,0.0
2302,613.261,4.0548,16.6941,-1.2955,66.823,4t4d,-0.262,0.0,0.0
2303,613.47,4.0439,16.6675,-1.2951,66.779,4t4d,-0.29,0.0,0.0
2304,613.682,4.0134,16.594,-1.2949,66.682,4t4d,-0.342,0.0,0.0
2305,613.894,3.9932,16.5444,-1.2947,66.73,4t4d,-0.279,0.0,0.0
2306,614.108,3.9737,16.4964,-1.2945,66.696,4t4d,-0.295,0.0,0.0
2307,614.338,3.9554,16.4512,-1.2935,66.757,4t4d,-0.308,0.0,0.0
2308,614.552,3.9246,16.3757,-1.2925,66.724,4t4d,-0.302,0.0,0.0
2309,614.766,3.9042,16.3254,-1.2922,66.67,4t4d,-0.245,0.0,0.0
2310,614.98,3.8876,16.2865,-1.2921,66.735,4t4d,-0.285,0.0,0.0
2311,615.204,3.858,16.2153,-1.2926,66.722,4t4d,-0.259,0.0,0.0
2312,615.415,3.8477,16.1903,-1.2931,66.688,4t4d,-0.288,0.0,0.0
2313,615.627,3.8203,16.1243,-1.2933,66.7,4t4d,-0.277,0.0,0.0
2314,615.841,3.7985,16.0725,-1.2929,66.65,4t4d,-0.273,0.0,0.0
2315,616.047,3.777,16.021,-1.2928,66.658,4t4d,-0.263,0.0,0.0
2316,616.254,3.7664,15.9955,-1.2927,66.659,4t4d,-0.228,0.0,0.0
2317,616.47,3.7347,15.9201,-1.2924,67.282,4t4d,-0.259,0.0,0.0
2318,616.685,3.7137,15.8679,-1.2923,67.823,4t4d,-0.273,0.0,0.0
2319,616.896,3.683,15.7885,-1.293,67.938,4t4d,-0.273,0.0,0.0
2320,617.109,3.6631,15.7357,-1.293,67.964,4t4d,-0.302,0.0,0.0
2321,617.324,3.6518,15.7062,-1.2927,67.97,4t4d,-0.275,0.0,0.0
2322,617.545,3.6322,15.6546,-1.2923,68.048,4t4d,-0.301,0.0,0.0
2323,617.754,3.6009,15.5745,-1.2929,68.182,4t4d,-0.271,0.0,0.0
2324,617.964,3.5676,15.4892,-1.2909,68.19,4t4d,-0.292,0.0,0.0
2325,618.173,3.5442,15.4283,-1.2893,68.204,4t4d,-0.271,0.0,0.0
2326,618.385,3.5214,15.3682,-1.2887,68.165,4t4d,-0.318,0.0,0.0
2327,618.614,3.5088,15.3352,-1.2883,68.173,4t4d,-0.313,0.0,0.0
2328,618.827,3.4777,15.2541,-1.2873,68.261,4t4d,-0.273,0.0,0.0
2329,619.051,3.4462,15.1719,-1.2875,68.324,4t4d,-0.309,0.0,0.0
2330,619.262,3.4357,15.1446,-1.2865,68.355,4t4d,-0.316,0.0,0.0
2331,619.475,3.4042,15.0625,-1.2842,68.367,4t4d,-0.312,0.0,0.0
2332,619.688,3.3733,14.9821,-1.2838,68.399,4t4d,-0.309,0.0,0.0
2333,619.9,3.3624,14.9548,-1.2837,68.389,4t4d,-0.308,0.0,0.0
2334,620.115,3.3298,14.8705,-1.2835,68.442,4t4d,-0.313,0.0,0.0
2335,620.335,3.3077,14.8125,-1.2831,68.344,4t4d,-0.301,0.0,0.0
2336,620.548,3.286,14.7564,-1.2823,68.409,4t4d,-0.29,0.0,0.0
2337,620.757,3.2653,14.7017,-1.2816,68.416,4t4d,-0.295,0.0,0.0
2338,620.965,3.2448,14.6472,-1.281,68.432,4t4d,-0.313,0.0,0.0
2339,621.177,3.225,14.5933,-1.28,68.73,4t4d,-0.312,0.0,0.0
2340,621.394,3.194,14.5086,-1.2799,68.735,4t4d,-0.287,0.0,0.0
2341,621.604,3.1843,14.4828,-1.2796,68.754,4t4d,-0.3,0.0,0.0
2342,621.831,3.1541,14.4017,-1.2791,68.798,4t4d,-0.295,0.0,0.0
2343,622.039,3.1229,14.3116,-1.2779,68.948,4t4d,-0.279,0.0,0.0
2344,622.25,3.1017,14.2546,-1.2765,69.005,4t4d,-0.318,0.0,0.0
2345,622.457,3.0832,14.2036,-1.2764,69.119,4t4d,-0.289,0.0,0.0
2346,622.669,3.0724,14.1723,-1.2768,69.154,4t4d,-0.3,0.0,0.0
2347,622.884,3.0415,14.0862,-1.2775,69.277,4t4d,-0.315,0.0,0.0
2348,623.096,3.032,14.0596,-1.2763,69.102,4t4d,-0.295,0.0,0.0
2349,623.308,3.0022,13.9772,-1.2738,68.74,4t4d,-0.299,0.0,0.0
2350,623.532,2.9819,13.9208,-1.2734,68.729,4t4d,-0.292,0.0,0.0
2351,623.741,2.9531,13.8405,-1.2735,68.525,4t4d,-0.31,0.0,0.0
2352,623.951,2.9305,13.7794,-1.2729,68.464,4t4d,-0.286,0.0,0.0
2353,624.164,2.9097,13.7229,-1.2728,67.645,4t4d,-0.302,0.0,0.0
2354,624.373,2.8886,13.6672,-1.2721,67.514,4t4d,-0.308,0.0,0.0
2355,624.585,2.8682,13.616,-1.2707,67.538,4t4d,-0.284,0.0,0.0
2356,624.802,2.836,13.5334,-1.2697,67.182,4t4d,-0.268,0.0,0.0
2357,625.017,2.8246,13.5047,-1.2706,67.278,4t4d,-0.302,0.0,0.0
2358,625.24,2.8031,13.4503,-1.2704,67.321,4t4d,-0.315,0.0,-6.41
2359,625.451,2.7723,13.3728,-1.27,66.093,4t4d,-0.283,0.0,0.0
2360,625.668,2.7515,13.3235,-1.2691,66.083,4t4d,-0.249,0.0,0.0
2361,625.877,2.7153,13.2404,-1.2688,66.918,4t4d,-0.283,0.0,0.0
2362,626.088,2.6944,13.1912,-1.2679,68.339,4t4d,-0.302,0.0,0.0
2363,626.297,2.6746,13.1388,-1.2674,68.619,4t4d,-0.287,0.0,0.0
2364,626.51,2.6546,13.0822,-1.2665,68.835,4t4d,-0.291,0.0,0.0
2365,626.721,2.6313,13.0206,-1.2667,68.384,4t4d,-0.273,0.0,0.0
2366,626.927,2.6018,12.9424,-1.2666,68.354,4t4d,-0.305,0.0,0.0
2367,627.138,2.5793,12.8818,-1.2664,68.208,4t4d,-0.279,0.0,7.33
2368,627.352,2.5603,12.8313,-1.2656,68.201,4t4d,-0.298,0.0,0.0
2369,627.568,2.5398,12.7763,-1.2647,68.167,4t4d,-0.315,0.0,0.0
2370,627.777,2.5187,12.7198,-1.2638,68.105,4t4d,-0.313,0.0,0.0
2371,627.986,2.4999,12.6712,-1.263,68.021,4t4d,-0.284,0.0,0.0
2372,628.195,2.4691,12.5875,-1.2622,68.005,4t4d,-0.296,0.0,0.0
2373,628.404,2.4587,12.5605,-1.2628,68.036,4t4d,-0.293,0.0,0.0
2374,628.615,2.4364,12.5026,-1.2625,68.032,4t4d,-0.306,0.0,0.0
2375,628.826,2.4035,12.4157,-1.2627,67.961,4t4d,-0.286,0.0,0.0
2376,629.035,2.38,12.3535,-1.2631,67.897,4t4d,-0.296,0.0,0.0
2377,629.245,2.3576,12.2947,-1.2617,67.946,4t4d,-0.287,0.0,0.0
2378,629.459,2.327,12.2136,-1.2601,67.924,4t4d,-0.325,0.0,0.0
2379,629.675,2.3182,12.1918,-1.2593,68.006,4t4d,-0.326,0.0,0.0
2380,629.895,2.286,12.109,-1.2585,67.946,4t4d,-0.32,0.0,0.0
2381,630.104,2.2645,12.0525,-1.2588,67.885,4t4d,-0.34,0.0,0.0
2382,630.314,2.2433,11.9975,-1.2594,67.841,4t4d,-0.335,0.0,0.0
2383,630.527,2.2231,11.9443,-1.259,67.678,4t4d,-0.287,0.0,0.0
2384,630.736,2.1903,11.8583,-1.2584,67.488,4t4d,-0.322,0.0,0.0
2385,630.946,2.1799,11.8322,-1.2586,67.467,4t4d,-0.289,0.0,0.0
2386,631.155,2.1487,11.7524,-1.2587,67.586,4t4d,-0.267,0.0,0.0
2387,631.387,2.1265,11.6947,-1.259,67.52,4t4d,-0.292,0.0,0.0
2388,631.597,2.0959,11.6131,-1.258,67.373,4t4d,-0.293,0.0,0.0
2389,631.813,2.0756,11.5604,-1.257,67.422,4t4d,-0.295,0.0,0.0
2390,632.024,2.0639,11.5314,-1.2568,67.444,4t4d,-0.304,0.0,0.0
2391,632.234,2.0445,11.482,-1.2562,67.481,4t4d,-0.311,0.0,0.0
2392,632.459,2.0094,11.3923,-1.2561,67.339,4t4d,-0.311,0.0,0.0
2393,632.69,1.9897,11.343,-1.256,67.514,4t4d,-0.297,0.0,0.0
2394,632.905,1.9586,11.2616,-1.2559,67.498,4t4d,-0.315,0.0,0.0
2395,633.129,1.9374,11.2066,-1.2557,67.51,4t4d,-0.299,0.0,0.0
2396,633.34,1.9161,11.1543,-1.2553,67.41,4t4d,-0.308,0.0,0.0
2397,633.55,1.896,11.1042,-1.2558,67.376,4t4d,-0.309,0.0,0.0
2398,633.779,1.8674,11.0316,-1.2549,67.356,4t4d,-0.295,0.0,0.0
2399,634.007,1.8476,10.9801,-1.2552,67.424,4t4d,-0.271,0.0,0.0
2400,634.218,1.8269,10.9277,-1.2551,67.336,4t4d,-0.289,0.0,0.0
2401,634.425,1.7953,10.8475,-1.2536,67.08,4t4d,-0.299,0.0,0.0
2402,634.629,1.7849,10.8223,-1.253,66.877,4t4d,-0.271,0.0,0.0
2403,634.845,1.7628,10.7687,-1.2522,66.859,4t4d,-0.245,0.0,0.0
2404,635.055,1.729,10.6854,-1.2519,66.668,4t4d,-0.293,0.0,0.0
2405,635.268,1.7136,10.6479,-1.2517,66.555,4t4d,-0.279,0.0,0.0
2406,635.482,1.6925,10.5961,-1.2514,66.552,4t4d,-0.298,0.0,0.0
2407,635.696,1.6647,10.5255,-1.2504,66.673,4t4d,-0.251,0.0,0.0
2408,635.904,1.6553,10.5054,-1.2495,66.806,4t4d,-0.27,0.0,0.0
2409,636.11,1.6259,10.4323,-1.2493,66.828,4t4d,-0.267,0.0,0.0
2410,636.318,1.6076,10.3877,-1.2485,66.832,4t4d,-0.261,0.0,0.0
2411,636.529,1.59,10.343,-1.2485,66.896,4t4d,-0.25,0.0,0.0
2412,636.741,1.5715,10.2969,-1.249,66.88,4t4d,-0.277,0.0,0.0
2413,636.951,1.552,10.2493,-1.2491,66.878,4t4d,-0.244,0.0,0.0
2414,637.16,1.5343,10.2043,-1.2488,66.933,4t4d,-0.261,0.0,0.0
2415,637.371,1.5082,10.1381,-1.2481,67.05,4t4d,-0.25,0.0,0.0
2416,637.589,1.4904,10.0944,-1.2475,67.02,4t4d,-0.24,0.0,0.0
2417,637.801,1.4705,10.0451,-1.2469,66.978,4t4d,-0.235,0.0,0.0
2418,638.02,1.4509,9.9953,-1.2461,66.993,4t4d,-0.252,0.0,0.0
2419,638.23,1.4218,9.922,-1.2455,66.985,4t4d,-0.252,0.0,0.0
2420,638.442,1.4026,9.8756,-1.2449,66.924,4t4d,-0.245,0.0,0.0
2421,638.653,1.3825,9.8263,-1.2439,66.937,4t4d,-0.231,0.0,0.0
2422,638.865,1.3597,9.7687,-1.2437,66.974,4t4d,-0.232,0.0,0.0
2423,639.09,1.3424,9.7258,-1.2425,67.004,4t4d,-0.272,0.0,0.0
2424,639.306,1.3191,9.6663,-1.2417,66.932,4t4d,-0.242,0.0,0.0
2425,639.519,1.2882,9.5891,-1.2411,66.971,4t4d,-0.252,0.0,0.0
2426,639.726,1.278,9.5642,-1.2413,66.99,4t4d,-0.259,0.0,0.0
2427,639.936,1.2565,9.5122,-1.2407,66.998,4t4d,-0.289,0.0,0.0
2428,640.147,1.2233,9.4297,-1.2407,66.932,4t4d,-0.284,0.0,0.0
2429,640.357,1.1982,9.3671,-1.2419,66.886,4t4d,-0.262,0.0,0.0
2430,640.567,1.177,9.3154,-1.2427,67.008,4t4d,-0.31,0.0,0.0
2431,640.78,1.1412,9.2266,-1.2423,66.962,4t4d,-0.301,0.0,0.0
2432,640.999,1.1305,9.2007,-1.2428,66.992,4t4d,-0.315,0.0,0.0
2433,641.217,1.0936,9.1089,-1.2431,66.916,4t4d,-0.312,0.0,0.0
2434,641.434,1.0567,9.0185,-1.2445,66.837,4t4d,-0.345,0.0,0.0
2435,641.641,1.0474,8.994,-1.2444,66.829,4t4d,-0.32,0.0,0.0
2436,641.858,1.0232,8.9341,-1.2455,66.876,4t4d,-0.343,0.0,0.0
2437,642.071,0.9886,8.8493,-1.2461,67.026,4t4d,-0.327,0.0,0.0
2438,642.282,0.9676,8.7995,-1.2441,67.302,4t4d,-0.278,0.0,0.0
2439,642.494,0.9426,8.7353,-1.2436,67.342,4t4d,-0.299,0.0,0.0
2440,642.708,0.9213,8.6825,-1.2426,67.433,4t4d,-0.284,0.0,0.0
2441,642.926,0.8899,8.6018,-1.2417,67.531,4t4d,-0.322,0.0,0.0
2442,643.138,0.8705,8.5547,-1.2415,67.627,4t4d,-0.31,0.0,0.0
2443,643.355,0.8503,8.503,-1.2415,67.707,4t4d,-0.31,0.0,0.0
2444,643.566,0.8294,8.4482,-1.2431,67.832,4t4d,-0.283,0.0,0.0
2445,643.774,0.8086,8.3966,-1.2419,67.814,4t4d,-0.269,0.0,0.0
2446,643.987,0.7748,8.311,-1.2413,67.943,4t4d,-0.256,0.0,0.0
2447,644.197,0.7648,8.2847,-1.2421,68.024,4t4d,-0.273,0.0,0.0
2448,644.414,0.7463,8.2363,-1.2414,68.201,4t4d,-0.281,0.0,0.0
2449,644.621,0.7247,8.1795,-1.2404,68.18,4t4d,-0.298,0.0,0.0
2450,644.837,0.6908,8.0909,-1.2393,68.142,4t4d,-0.283,0.0,0.0
2451,645.05,0.6737,8.0482,-1.2385,68.644,4t4d,-0.308,0.0,0.0
2452,645.26,0.641,7.9589,-1.2376,68.859,4t4d,-0.266,0.0,0.0
2453,645.475,0.6189,7.9001,-1.2369,68.812,4t4d,-0.298,0.0,0.0
2454,645.684,0.6001,7.849,-1.2353,69.149,4t4d,-0.289,0.0,0.0
2455,645.896,0.5775,7.786,-1.234,68.561,4t4d,-0.301,0.0,0.0
2456,646.105,0.5449,7.7016,-1.2325,68.428,4t4d,-0.298,0.0,0.0
2457,646.316,0.535,7.6759,-1.2319,68.358,4t4d,-0.297,0.0,0.0
2458,646.531,0.5004,7.5852,-1.2303,68.135,4t4d,-0.317,0.0,0.0
2459,646.741,0.4897,7.5574,-1.2296,68.036,4t4d,-0.303,0.0,0.0
2460,646.951,0.4554,7.4685,-1.229,67.706,4t4d,-0.325,0.0,0.0
2461,647.166,0.4323,7.4105,-1.2275,67.761,4t4d,-0.297,0.0,0.0
2462,647.376,0.4111,7.3552,-1.2258,67.844,4t4d,-0.289,0.0,0.0
2463,647.584,0.3778,7.2681,-1.2253,67.774,4t4d,-0.322,0.0,0.0
2464,647.802,0.3548,7.2109,-1.2252,67.805,4t4d,-0.313,0.0,0.0
2465,648.026,0.3341,7.1577,-1.2238,67.832,4t4d,-0.331,0.0,0.0
2466,648.237,0.3099,7.0948,-1.2225,67.933,4t4d,-0.327,0.0,0.0
2467,648.447,0.2898,7.0426,-1.2221,67.878,4t4d,-0.314,0.0,0.0
2468,648.656,0.2683,6.9865,-1.2222,67.885,4t4d,-0.315,0.0,0.0
2469,648.866,0.238,6.9084,-1.222,67.914,4t4d,-0.316,0.0,0.0
2470,649.076,0.2215,6.8635,-1.2218,67.917,4t4d,-0.312,0.0,0.0
2471,649.285,0.2046,6.8194,-1.2211,67.89,4t4d,-0.305,0.0,0.0
2472,649.516,0.1836,6.7654,-1.2202,67.837,4t4d,-0.305,0.0,0.0
2473,649.725,0.166,6.7177,-1.2188,67.948,4t4d,-0.312,0.0,0.0
2474,649.937,0.1352,6.641,-1.2197,67.926,4t4d,-0.276,0.0,0.0
2475,650.147,0.1131,6.5863,-1.2193,67.862,4t4d,-0.219,0.0,0.0
2476,650.357,0.0942,6.5376,-1.2194,67.978,4t4d,-0.242,0.0,0.0
2477,650.567,0.0719,6.4799,-1.2195,67.909,4t4d,-0.284,0.0,0.0
2478,650.773,0.0519,6.4278,-1.2196,67.899,4t4d,-0.279,0.0,0.0
2479,650.98,0.0335,6.3796,-1.2182,67.857,4t4d,-0.271,0.0,0.0
2480,651.188,0.0126,6.326,-1.2168,67.761,4t4d,-0.301,0.0,0.0
2481,651.424,-0.0169,6.2476,-1.2164,67.907,4t4d,-0.297,0.0,0.0
2482,651.638,-0.0263,6.2228,-1.217,68.048,4t4d,-0.264,0.0,0.0
2483,651.847,-0.0561,6.1466,-1.2167,67.959,4t4d,-0.298,0.0,0.0
2484,652.059,-0.086,6.0687,-1.217,68.044,4t4d,-0.294,0.0,0.0
2485,652.271,-0.1038,6.0222,-1.2162,68.157,4t4d,-0.301,0.0,0.0
2486,652.484,-0.113,5.9971,-1.2161,68.081,4t4d,-0.271,0.0,0.0
2487,652.694,-0.1424,5.9206,-1.215,68.059,4t4d,-0.274,0.0,0.0
2488,652.906,-0.1621,5.8682,-1.2149,68.112,4t4d,-0.263,0.0,0.0
2489,653.121,-0.1829,5.8121,-1.214,68.071,4t4d,-0.275,0.0,0.0
2490,653.333,-0.2151,5.7268,-1.213,68.108,4t4d,-0.272,0.0,0.0
2491,653.549,-0.2363,5.6714,-1.2127,68.195,4t4d,-0.283,0.0,0.0
2492,653.758,-0.2593,5.6129,-1.2111,68.05,4t4d,-0.295,0.0,0.0
2493,653.967,-0.2809,5.5541,-1.2105,67.91,4t4d,-0.287,0.0,0.0
2494,654.179,-0.302,5.4994,-1.21,67.553,4t4d,-0.284,0.0,0.0
2495,654.391,-0.323,5.4438,-1.2115,67.507,4t4d,-0.274,0.0,0.0
2496,654.602,-0.346,5.3866,-1.2103,67.597,4t4d,-0.322,0.0,0.0
2497,654.834,-0.3671,5.3341,-1.2096,67.561,4t4d,-0.337,0.0,0.0
2498,655.041,-0.4018,5.2479,-1.2082,67.711,4t4d,-0.32,0.0,0.0
2499,655.249,-0.424,5.1899,-1.2073,67.844,4t4d,-0.295,0.0,0.0
2500,655.458,-0.4468,5.1323,-1.2067,67.902,4t4d,-0.275,0.0,0.0
2501,655.665,-0.4687,5.0772,-1.2057,67.948,4t4d,-0.291,0.0,0.0
2502,655.874,-0.4919,5.017,-1.2045,67.957,4t4d,-0.298,0.0,0.0
2503,656.09,-0.5244,4.9292,-1.2038,68.089,4t4d,-0.293,0.0,0.0
2504,656.311,-0.5414,4.8838,-1.2027,68.291,4t4d,-0.325,0.0,0.0
2505,656.547,-0.5783,4.789,-1.2035,68.267,4t4d,-0.314,0.0,0.0
2506,656.761,-0.5894,4.761,-1.2033,68.284,4t4d,-0.293,0.0,0.0
2507,656.979,-0.6203,4.6763,-1.2044,68.181,4t4d,-0.306,0.0,0.0
2508,657.198,-0.6302,4.6505,-1.2046,68.263,4t4d,-0.322,0.0,0.0
2509,657.409,-0.6529,4.5905,-1.2039,68.247,4t4d,-0.304,0.0,0.0
2510,657.628,-0.697,4.4744,-1.2031,68.137,4t4d,-0.291,0.0,0.0
2511,657.839,-0.707,4.4465,-1.2028,68.057,4t4d,-0.32,0.0,0.0
2512,658.056,-0.7271,4.3936,-1.2035,68.102,4t4d,-0.307,0.0,0.0
2513,658.259,-0.7489,4.3362,-1.2039,67.659,4t4d,-0.315,0.0,0.0
2514,658.463,-0.7766,4.2653,-1.2038,67.619,4t4d,-0.318,0.0,0.0
2515,658.675,-0.7963,4.2161,-1.2039,67.671,4t4d,-0.322,0.0,0.0
2516,658.884,-0.8249,4.1425,-1.2035,67.328,4t4d,-0.285,0.0,0.0
2517,659.101,-0.8347,4.1181,-1.2034,67.253,4t4d,-0.286,0.0,0.0
2518,659.319,-0.8556,4.0646,-1.2027,67.217,4t4d,-0.251,0.0,0.0
2519,659.533,-0.8761,4.0118,-1.2018,67.279,4t4d,-0.264,0.0,0.0
2520,659.751,-0.8958,3.9636,-1.2005,67.377,4t4d,-0.257,0.0,0.0
2521,659.962,-0.9234,3.8927,-1.1989,67.328,4t4d,-0.25,0.0,0.0
2522,660.173,-0.9502,3.8253,-1.1979,67.295,4t4d,-0.268,0.0,0.0
2523,660.386,-0.969,3.7777,-1.1976,67.3,4t4d,-0.264,0.0,0.0
2524,660.597,-0.9858,3.735,-1.1971,67.31,4t4d,-0.287,0.0,0.0
2525,660.807,-0.9964,3.7075,-1.1968,67.304,4t4d,-0.282,0.0,0.0
2526,661.028,-1.0255,3.634,-1.1948,67.33,4t4d,-0.262,0.0,0.0
2527,661.252,-1.0531,3.5652,-1.1933,67.489,4t4d,-0.242,0.0,0.0
2528,661.464,-1.0724,3.516,-1.1923,67.44,4t4d,-0.243,0.0,0.0
2529,661.679,-1.0908,3.4692,-1.1912,67.456,4t4d,-0.248,0.0,0.0
2530,661.895,-1.1083,3.4245,-1.1908,67.469,4t4d,-0.26,0.0,0.0
2531,662.112,-1.1265,3.3794,-1.1905,67.412,4t4d,-0.261,0.0,0.0
2532,662.332,-1.1445,3.3339,-1.1894,67.373,4t4d,-0.281,0.0,0.0
2533,662.548,-1.1627,3.2882,-1.1877,67.394,4t4d,-0.242,0.0,0.0
2534,662.758,-1.1883,3.2239,-1.186,67.373,4t4d,-0.255,0.0,0.0
2535,662.971,-1.2061,3.1785,-1.1855,67.336,4t4d,-0.256,0.0,0.0
2536,663.184,-1.2339,3.1064,-1.1843,67.368,4t4d,-0.252,0.0,0.0
2537,663.399,-1.2522,3.06,-1.184,67.387,4t4d,-0.247,0.0,0.0
2538,663.61,-1.2611,3.0385,-1.1841,67.393,4t4d,-0.241,0.0,0.0
2539,663.823,-1.2763,2.9995,-1.1825,67.443,4t4d,-0.264,0.0,0.0
2540,664.042,-1.2995,2.9408,-1.1813,67.353,4t4d,-0.26,0.0,0.0
2541,664.26,-1.3154,2.9021,-1.1805,67.384,4t4d,-0.235,0.0,0.0
2542,664.473,-1.3385,2.8463,-1.1794,67.373,4t4d,-0.252,0.0,0.0
2543,664.682,-1.3534,2.8085,-1.1783,67.361,4t4d,-0.228,0.0,0.0
2544,664.893,-1.3692,2.7693,-1.1774,67.346,4t4d,-0.244,0.0,0.0
2545,665.104,-1.3846,2.7305,-1.1771,67.333,4t4d,-0.203,0.0,0.0
2546,665.316,-1.3992,2.6947,-1.1763,67.366,4t4d,-0.216,0.0,0.0
2547,665.526,-1.4184,2.6455,-1.1757,67.341,4t4d,-0.22,0.0,0.0
2548,665.742,-1.4311,2.6134,-1.1753,67.335,4t4d,-0.213,0.0,0.0
2549,665.965,-1.4391,2.5931,-1.1752,67.349,4t4d,-0.202,0.0,0.0
2550,666.18,-1.4618,2.536,-1.1749,67.379,4t4d,-0.198,0.0,0.0
2551,666.391,-1.4763,2.4995,-1.1747,67.399,4t4d,-0.21,0.0,0.0
2552,666.605,-1.4912,2.4627,-1.1739,67.392,4t4d,-0.157,0.0,0.0
2553,666.826,-1.5059,2.4249,-1.1729,67.336,4t4d,-0.185,0.0,0.0
2554,667.04,-1.5307,2.3623,-1.172,67.405,4t4d,-0.225,0.0,0.0
2555,667.251,-1.5373,2.3457,-1.1722,67.361,4t4d,-0.199,0.0,0.0
2556,667.461,-1.5657,2.2729,-1.1717,67.414,4t4d,-0.201,0.0,0.0
2557,667.672,-1.5856,2.2239,-1.1698,67.557,4t4d,-0.229,0.0,0.0
2558,667.879,-1.6149,2.1464,-1.1667,67.685,4t4d,-0.195,0.0,0.0
2559,668.086,-1.6266,2.1165,-1.1652,67.753,4t4d,-0.227,0.0,0.0
2560,668.298,-1.6538,2.0471,-1.1597,68.088,4t4d,-0.217,0.0,0.0
2561,668.518,-1.6753,1.9902,-1.155,68.073,4t4d,-0.243,0.0,0.0
2562,668.741,-1.6954,1.9381,-1.1503,68.062,4t4d,-0.263,0.0,0.0
2563,668.958,-1.7266,1.8564,-1.1404,68.012,4t4d,-0.27,0.0,0.0
2564,669.168,-1.746,1.806,-1.1323,68.117,4t4d,-0.272,0.0,0.0
2565,669.381,-1.7561,1.7796,-1.128,68.094,4t4d,-0.277,0.0,0.0
2566,669.595,-1.7864,1.6997,-1.1168,68.064,4t4d,-0.271,0.0,0.0
2567,669.813,-1.8034,1.6572,-1.1084,67.966,4t4d,-0.289,0.0,0.0
2568,670.024,-1.8189,1.6142,-1.1026,67.952,4t4d,-0.27,0.0,0.0
2569,670.241,-1.8384,1.5634,-1.0947,67.951,4t4d,-0.324,0.0,0.0
2570,670.466,-1.867,1.4872,-1.0874,68.03,4t4d,-0.299,0.0,0.0
2571,670.677,-1.8853,1.4388,-1.0832,67.942,4t4d,-0.256,0.0,0.0
2572,670.894,-1.9038,1.3903,-1.0786,67.905,4t4d,-0.273,0.0,0.0
2573,671.11,-1.9198,1.3493,-1.0729,68.122,4t4d,-0.276,0.0,0.0
2574,671.325,-1.9496,1.2718,-1.0689,68.17,4t4d,-0.267,0.0,0.0
2575,671.536,-1.9693,1.2181,-1.0663,68.157,4t4d,-0.296,0.0,0.0
2576,671.747,-1.9893,1.1644,-1.065,68.215,4t4d,-0.28,0.0,0.0
2577,671.959,-2.0093,1.1107,-1.0645,68.273,4t4d,-0.267,0.0,0.0
2578,672.176,-2.0424,1.0233,-1.0632,68.303,4t4d,-0.229,0.0,0.0
2579,672.392,-2.0498,1.0004,-1.064,68.325,4t4d,-0.274,0.0,0.0
2580,672.605,-2.0796,0.9213,-1.0632,68.378,4t4d,-0.278,0.0,0.0
2581,672.817,-2.0978,0.8746,-1.0627,68.44,4t4d,-0.296,0.0,0.0
2582,673.031,-2.0924,0.8893,-1.0628,68.324,4t4d,-0.283,0.0,0.0
2583,673.24,-2.096,0.8808,-1.0629,68.264,4t4d,-0.289,0.0,0.0
2584,673.451,-2.096,0.8808,-1.0628,68.259,4t4d,-0.285,0.0,0.0
2585,673.664,-2.096,0.8808,-1.0627,68.259,4t4d,-0.287,0.0,0.0
2586,673.878,-2.0959,0.8809,-1.0629,68.257,4t4d,-0.14,0.0,0.0
2587,674.088,-2.0959,0.8812,-1.0632,68.255,4t4d,0.14,0.0,0.0
2588,674.3,-2.0958,0.8811,-1.0632,68.257,4t4d,-0.043,0.0,0.0
2589,674.525,-2.0955,0.8816,-1.0634,68.255,4t4d,0.007,0.0,0.0
2590,674.733,-2.0953,0.882,-1.0637,68.254,4t4d,0.002,0.0,0.0
2591,674.944,-2.0951,0.8827,-1.0637,68.252,4t4d,0.001,0.0,0.0
2592,675.153,-2.0946,0.8842,-1.0639,67.852,4t4d,0.0,0.0,0.0
2593,675.36,-2.0943,0.8835,-1.0641,67.409,4t4d,0.0,0.0,0.0
2594,675.569,-2.094,0.8835,-1.0642,67.37,crab,0.0,0.0,0.0
2595,675.785,-2.0943,0.8837,-1.0644,67.367,crab,0.0,0.061,0.013
2596,675.999,-2.1055,0.8885,-1.0642,67.37,crab,0.0,0.2622,-0.154
2597,676.21,-2.1532,0.9104,-1.0649,67.339,crab,0.0,0.3939,0.009
2598,676.419,-2.2254,0.9421,-1.0658,67.341,crab,0.0,0.1629,0.234
2599,676.63,-2.2552,0.955,-1.0661,67.388,crab,0.0,0.357,-0.34
2600,676.84,-2.3212,0.9823,-1.0669,67.32,crab,0.0,0.5221,-0.105
2601,677.059,-2.4182,1.021,-1.0672,67.299,crab,0.0,0.352,-0.333
2602,677.265,-2.4837,1.047,-1.0676,67.232,crab,0.0,0.3542,-0.272
2603,677.472,-2.5492,1.0738,-1.0684,67.178,crab,0.0,0.3712,-0.169
2604,677.689,-2.6184,1.1009,-1.0692,67.144,crab,0.0,0.5578,-0.441
2605,677.9,-2.7219,1.1425,-1.0708,67.056,crab,0.0,0.3746,-0.488
2606,678.122,-2.7918,1.1697,-1.0718,66.958,crab,0.0,0.3721,-0.116
2607,678.333,-2.8609,1.1973,-1.0731,66.935,crab,0.0,0.1888,-0.232
2608,678.548,-2.8957,1.212,-1.0736,66.889,crab,0.0,0.547,-0.407
2609,678.765,-2.9971,1.253,-1.0749,66.807,crab,0.0,0.3536,-0.0
2610,678.996,-3.0621,1.2809,-1.0764,66.807,crab,0.0,0.505,-0.366
2611,679.21,-3.1553,1.3199,-1.0774,66.734,crab,0.0,0.1633,-0.096
2612,679.429,-3.1853,1.3327,-1.0773,66.715,crab,0.0,0.3956,0.192
2613,679.639,-3.2584,1.363,-1.0777,66.753,crab,0.002,0.37,0.0
2614,679.854,-3.2542,1.3638,-1.0781,66.902,crab,0.002,0.37,0.0
2615,680.062,-3.2509,1.3655,-1.0783,67.057,crab,0.002,0.364,0.0
2616,680.274,-3.2505,1.3677,-1.0783,67.336,crab,0.002,0.354,0.0
2617,680.492,-3.2501,1.3679,-1.0786,67.397,crab,0.001,0.275,0.0
2618,680.701,-3.2504,1.3679,-1.0788,67.395,crab,0.001,0.252,0.0
2619,680.913,-3.2502,1.368,-1.0789,67.397,crab,-0.004,-0.048,0.0
2620,681.124,-3.2504,1.3679,-1.079,67.396,crab,0.009,0.012,0.0
2621,681.338,-3.2483,1.3739,-1.079,67.406,crab,-0.001,0.0,0.0
2622,681.554,-3.2345,1.4087,-1.0792,67.454,crab,0.001,0.0,0.0
2623,681.765,-3.2023,1.4875,-1.0791,67.532,crab,0.0,0.0,0.0
2624,681.977,-3.1798,1.5436,-1.0791,67.535,crab,0.0,0.0,0.0
2625,682.188,-3.1367,1.6555,-1.08,67.637,4t4d,0.0,0.0,0.0
2626,682.398,-3.1072,1.7321,-1.0829,67.651,4t4d,0.035,0.0,0.0
2627,682.613,-3.0916,1.7711,-1.0856,67.663,4t4d,0.272,0.0,0.0
2628,682.825,-3.0474,1.8856,-1.0956,67.645,4t4d,0.272,0.0,0.0
2629,683.036,-3.0253,1.9426,-1.1003,67.372,4t4d,0.28,0.0,0.0
2630,683.246,-3.0009,2.005,-1.1064,67.37,4t4d,0.435,0.0,0.0
2631,683.464,-2.9774,2.0632,-1.1116,67.356,4t4d,0.4,0.0,0.0
2632,683.679,-2.9401,2.1601,-1.1237,67.139,4t4d,0.423,0.0,0.0
2633,683.891,-2.9179,2.2136,-1.1312,66.892,4t4d,0.436,0.0,0.0
2634,684.108,-2.8898,2.2838,-1.1412,67.039,4t4d,0.397,0.0,0.0
2635,684.319,-2.8541,2.3705,-1.1528,66.729,4t4d,0.371,0.0,0.0
2636,684.531,-2.8403,2.4019,-1.1583,66.776,4t4d,0.338,0.0,0.0
2637,684.75,-2.8005,2.4969,-1.1653,66.714,4t4d,0.362,0.0,0.0
2638,684.96,-2.7769,2.5525,-1.1694,66.613,4t4d,0.287,0.0,0.0
2639,685.18,-2.7529,2.6106,-1.1727,66.597,4t4d,0.336,0.0,0.0
2640,685.389,-2.7179,2.6952,-1.178,66.315,4t4d,0.333,0.0,0.0
2641,685.601,-2.7065,2.722,-1.1794,66.26,4t4d,0.335,0.0,0.0
2642,685.815,-2.6731,2.8012,-1.1811,66.22,4t4d,0.275,0.0,0.0
2643,686.027,-2.6525,2.8478,-1.183,66.175,4t4d,0.301,0.0,0.0
2644,686.239,-2.6306,2.8984,-1.1844,66.188,4t4d,0.295,0.0,0.0
2645,686.449,-2.6099,2.9489,-1.1852,66.531,4t4d,0.28,0.0,0.0
2646,686.658,-2.5885,3.0002,-1.1869,66.632,4t4d,0.264,0.0,0.0
2647,686.869,-2.5669,3.0533,-1.1871,66.667,4t4d,0.251,0.0,0.0
2648,687.079,-2.534,3.1354,-1.1866,67.062,4t4d,0.274,0.0,0.0
2649,687.291,-2.5135,3.1855,-1.1878,66.957,4t4d,0.263,0.0,0.0
2650,687.505,-2.4905,3.2441,-1.1882,66.909,4t4d,0.275,0.0,0.0
2651,687.734,-2.4591,3.3185,-1.1889,66.846,4t4d,0.285,0.0,0.0
2652,687.944,-2.4466,3.3495,-1.1888,67.016,4t4d,0.285,0.0,0.0
2653,688.154,-2.4142,3.4289,-1.1893,66.844,4t4d,0.293,0.0,0.0
2654,688.364,-2.3924,3.483,-1.1904,66.771,4t4d,0.293,0.0,0.0
2655,688.592,-2.3812,3.5102,-1.1905,66.795,4t4d,0.289,0.0,0.0
2656,688.802,-2.3467,3.5957,-1.1908,66.879,4t4d,0.282,0.0,0.0
2657,689.015,-2.312,3.6802,-1.1921,66.947,4t4d,0.274,0.0,0.0
2658,689.225,-2.2904,3.7338,-1.1926,66.917,4t4d,0.292,0.0,0.0
2659,689.435,-2.268,3.788,-1.1936,66.989,4t4d,0.298,0.0,0.0
2660,689.644,-2.2471,3.8427,-1.1945,66.938,4t4d,0.3,0.0,0.0
2661,689.857,-2.2253,3.8965,-1.1946,66.861,4t4d,0.265,0.0,0.0
2662,690.068,-2.204,3.9517,-1.1952,66.891,4t4d,0.297,0.0,0.0
2663,690.282,-2.1828,4.0038,-1.1956,66.83,4t4d,0.28,0.0,0.0
2664,690.494,-2.1481,4.0859,-1.197,66.896,4t4d,0.261,0.0,0.0
2665,690.704,-2.1254,4.1437,-1.1974,66.996,4t4d,0.297,0.0,0.0
2666,690.916,-2.1026,4.1992,-1.1976,67.01,4t4d,0.309,0.0,0.0
2667,691.13,-2.079,4.2568,-1.198,66.906,4t4d,0.31,0.0,0.0
2668,691.341,-2.0576,4.3082,-1.198,66.834,4t4d,0.303,0.0,0.0
2669,691.556,-2.023,4.3933,-1.1989,66.863,4t4d,0.295,0.0,0.0
2670,691.769,-1.9985,4.4534,-1.1994,66.771,4t4d,0.299,0.0,0.0
2671,691.983,-1.978,4.503,-1.2023,66.611,4t4d,0.304,0.0,0.0
2672,692.203,-1.9547,4.5591,-1.204,66.618,4t4d,0.306,0.0,0.0
2673,692.422,-1.9188,4.6444,-1.2054,66.674,4t4d,0.264,0.0,0.0
2674,692.635,-1.9085,4.6694,-1.2056,66.671,4t4d,0.325,0.0,0.0
2675,692.848,-1.8726,4.7577,-1.2062,66.585,4t4d,0.276,0.0,0.0
2676,693.06,-1.8485,4.8184,-1.206,66.595,4t4d,0.309,0.0,0.0
2677,693.273,-1.8248,4.8758,-1.2063,66.526,4t4d,0.282,0.0,0.0
2678,693.496,-1.7888,4.9637,-1.2081,66.846,4t4d,0.271,0.0,0.0
2679,693.713,-1.7781,4.9899,-1.2088,66.913,4t4d,0.328,0.0,0.0
2680,693.923,-1.7405,5.0835,-1.2107,66.889,4t4d,0.325,0.0,0.0
2681,694.133,-1.7291,5.1116,-1.2115,67.026,4t4d,0.302,0.0,0.0
2682,694.347,-1.6956,5.1969,-1.2116,67.289,4t4d,0.336,0.0,0.0
2683,694.559,-1.6611,5.2826,-1.2112,67.136,4t4d,0.293,0.0,0.0
2684,694.776,-1.6359,5.3473,-1.2117,67.631,4t4d,0.307,0.0,0.0
2685,694.985,-1.6136,5.4054,-1.2114,68.173,4t4d,0.336,0.0,0.0
2686,695.201,-1.593,5.4602,-1.2119,68.71,4t4d,0.328,0.0,0.0
2687,695.415,-1.5714,5.521,-1.2132,69.273,4t4d,0.307,0.0,0.0
2688,695.627,-1.5501,5.5778,-1.2133,69.283,4t4d,0.364,0.0,0.0
2689,695.837,-1.5151,5.6765,-1.2124,69.455,4t4d,0.337,0.0,0.0
2690,696.047,-1.4965,5.7298,-1.2131,69.761,4t4d,0.295,0.0,0.0
2691,696.257,-1.4748,5.7952,-1.2132,69.796,4t4d,0.315,0.0,0.0
2692,696.468,-1.4539,5.8541,-1.2137,69.849,4t4d,0.328,0.0,0.0
2693,696.679,-1.4338,5.9123,-1.2142,69.7,4t4d,0.283,0.0,0.0
2694,696.893,-1.4125,5.9746,-1.2148,69.813,4t4d,0.326,0.0,0.0
2695,697.124,-1.3937,6.0304,-1.2145,69.831,4t4d,0.327,0.0,0.0
2696,697.338,-1.3648,6.115,-1.2134,69.881,4t4d,0.35,0.0,0.0
2697,697.551,-1.3557,6.1404,-1.2133,69.734,4t4d,0.33,0.0,0.0
2698,697.761,-1.326,6.227,-1.2143,69.598,4t4d,0.335,0.0,0.0
2699,697.969,-1.2961,6.3102,-1.2159,68.729,4t4d,0.313,0.0,0.0
2700,698.178,-1.285,6.3416,-1.2169,68.835,4t4d,0.297,0.0,0.0
2701,698.39,-1.2547,6.426,-1.218,68.771,4t4d,0.323,0.0,0.0
2702,698.595,-1.2345,6.4819,-1.2181,68.793,4t4d,0.295,0.0,0.0
2703,698.819,-1.226,6.5051,-1.2182,68.726,4t4d,0.33,0.0,0.0
2704,699.041,-1.1923,6.5947,-1.2191,68.314,4t4d,0.309,0.0,0.0
2705,699.251,-1.1603,6.6813,-1.2203,68.099,4t4d,0.314,0.0,0.0
2706,699.461,-1.1482,6.7124,-1.2191,68.164,4t4d,0.322,0.0,0.0
2707,699.676,-1.1156,6.7951,-1.2201,67.618,4t4d,0.305,0.0,0.0
2708,699.893,-1.0939,6.8477,-1.2212,66.92,4t4d,0.325,0.0,0.0
2709,700.104,-1.0695,6.9074,-1.2206,66.725,4t4d,0.31,0.0,0.0
2710,700.319,-1.0434,6.9704,-1.2216,66.673,4t4d,0.288,0.0,0.0
2711,700.529,-1.0206,7.0245,-1.2231,66.598,4t4d,0.308,0.0,0.0
2712,700.74,-0.9841,7.1131,-1.2244,66.464,4t4d,0.32,0.0,0.0
2713,700.951,-0.9612,7.1682,-1.2246,66.461,4t4d,0.297,0.0,0.0
2714,701.158,-0.938,7.2258,-1.2258,66.532,4t4d,0.275,0.0,0.0
2715,701.366,-0.9172,7.2756,-1.2287,66.477,4t4d,0.321,0.0,0.0
2716,701.572,-0.8944,7.3311,-1.2287,66.408,4t4d,0.311,0.0,0.0
2717,701.781,-0.8718,7.3844,-1.2286,66.292,4t4d,0.295,0.0,0.0
2718,701.996,-0.8363,7.4698,-1.2267,66.173,4t4d,0.336,0.0,0.0
2719,702.209,-0.8265,7.493,-1.2276,66.048,4t4d,0.31,0.0,0.0
2720,702.43,-0.7877,7.5822,-1.2291,65.984,4t4d,0.273,0.0,0.0
2721,702.645,-0.7655,7.631,-1.2302,65.813,4t4d,0.28,0.0,0.0
2722,702.859,-0.7278,7.7189,-1.232,65.766,4t4d,0.298,0.0,0.0
2723,703.067,-0.705,7.7736,-1.2323,66.388,4t4d,0.302,0.0,0.0
2724,703.279,-0.6825,7.8279,-1.2352,66.609,4t4d,0.313,0.0,0.0
2725,703.489,-0.6583,7.8884,-1.2347,66.696,4t4d,0.316,0.0,0.0
2726,703.703,-0.6356,7.9449,-1.2352,66.914,4t4d,0.324,0.0,0.0
2727,703.914,-0.611,8.0043,-1.2339,66.898,4t4d,0.307,0.0,0.0
2728,704.139,-0.5804,8.0809,-1.2344,66.94,4t4d,0.304,0.0,0.0
2729,704.352,-0.5696,8.1079,-1.2348,66.939,4t4d,0.342,0.0,0.0
2730,704.563,-0.5369,8.191,-1.2362,66.922,4t4d,0.281,0.0,0.0
2731,704.775,-0.5134,8.2484,-1.2366,66.956,4t4d,0.299,0.0,0.0
2732,704.985,-0.4906,8.3063,-1.2365,67.02,4t4d,0.303,0.0,0.0
2733,705.2,-0.4566,8.3908,-1.2366,66.993,4t4d,0.318,0.0,0.0
2734,705.411,-0.4348,8.4459,-1.2382,67.043,4t4d,0.28,0.0,0.0
2735,705.623,-0.4115,8.5045,-1.2393,66.853,4t4d,0.286,0.0,0.0
2736,705.832,-0.3875,8.5632,-1.2394,66.906,4t4d,0.318,0.0,0.0
2737,706.04,-0.367,8.6135,-1.2397,66.747,4t4d,0.315,0.0,0.0
2738,706.249,-0.3437,8.673,-1.2398,66.77,4t4d,0.323,0.0,0.0
2739,706.459,-0.3193,8.7326,-1.2397,66.965,4t4d,0.285,0.0,0.0
2740,706.675,-0.2842,8.8193,-1.241,66.87,4t4d,0.313,0.0,0.0
2741,706.889,-0.2617,8.8747,-1.2427,66.739,4t4d,0.311,0.0,0.0
2742,707.108,-0.2374,8.9356,-1.2426,66.719,4t4d,0.305,0.0,0.0
2743,707.322,-0.2156,8.9908,-1.2435,66.643,4t4d,0.321,0.0,0.0
2744,707.536,-0.1927,9.0484,-1.2446,66.605,4t4d,0.339,0.0,0.0
2745,707.75,-0.1573,9.136,-1.2469,66.849,4t4d,0.315,0.0,0.0
2746,707.967,-0.1333,9.1991,-1.248,68.211,4t4d,0.312,0.0,0.0
2747,708.177,-0.112,9.259,-1.248,68.759,4t4d,0.319,0.0,0.0
2748,708.387,-0.0778,9.3525,-1.2494,68.672,4t4d,0.326,0.0,0.0
2749,708.597,-0.0656,9.386,-1.2499,68.669,4t4d,0.314,0.0,0.0
2750,708.814,-0.0341,9.4723,-1.2513,68.78,4t4d,0.323,0.0,0.0
2751,709.025,-0.0112,9.5328,-1.2518,68.803,4t4d,0.324,0.0,5.74
2752,709.232,0.0122,9.5957,-1.2526,68.78,4t4d,0.326,0.0,4.78
2753,709.44,0.034,9.6552,-1.2536,68.774,4t4d,0.357,0.0,0.0
2754,709.65,0.0564,9.7164,-1.2546,68.691,4t4d,0.344,0.0,0.0
2755,709.862,0.0776,9.7747,-1.2547,68.638,4t4d,0.32,0.0,0.0
2756,710.075,0.1121,9.8673,-1.2556,68.596,4t4d,0.341,0.0,0.0
2757,710.29,0.1338,9.926,-1.2559,68.673,4t4d,0.322,0.0,0.0
2758,710.501,0.1551,9.9829,-1.256,68.702,4t4d,0.315,0.0,0.0
2759,710.716,0.1764,10.0394,-1.2567,68.768,4t4d,0.327,0.0,0.0
2760,710.939,0.1962,10.0928,-1.2572,68.764,4t4d,0.326,0.0,0.0
2761,711.15,0.2186,10.1552,-1.2573,68.796,4t4d,0.342,0.0,0.0
2762,711.367,0.2483,10.2385,-1.2566,68.754,4t4d,0.315,0.0,0.0
2763,711.589,0.2673,10.2898,-1.2581,68.609,4t4d,0.302,0.0,0.0
2764,711.801,0.2882,10.3463,-1.2577,68.654,4t4d,0.308,0.0,0.0
2765,712.022,0.3177,10.4242,-1.2573,68.778,4t4d,0.356,0.0,0.0
2766,712.239,0.3384,10.4814,-1.257,68.708,4t4d,0.333,0.0,0.0
2767,712.449,0.3584,10.535,-1.2578,68.63,4t4d,0.302,0.0,0.0
2768,712.662,0.3692,10.5643,-1.258,68.64,4t4d,0.292,0.0,0.0
2769,712.868,0.3986,10.6446,-1.2574,68.525,4t4d,0.291,0.0,0.0
2770,713.078,0.4181,10.6993,-1.2578,68.624,4t4d,0.295,0.0,0.0
2771,713.287,0.4382,10.7539,-1.2583,68.754,4t4d,0.29,0.0,0.0
2772,713.496,0.4659,10.8274,-1.2592,68.771,4t4d,0.314,0.0,0.0
2773,713.71,0.4854,10.8818,-1.2604,68.793,4t4d,0.301,0.0,0.0
2774,713.923,0.5049,10.9354,-1.2615,68.795,4t4d,0.275,0.0,0.0
2775,714.142,0.523,10.9839,-1.2626,68.549,4t4d,0.293,0.0,0.0
2776,714.356,0.5433,11.0399,-1.2629,68.646,4t4d,0.283,0.0,0.0
2777,714.571,0.574,11.1157,-1.2642,67.624,4t4d,0.268,0.0,0.0
2778,714.788,0.583,11.137,-1.2649,67.385,4t4d,0.292,0.0,0.0
2779,715.011,0.6147,11.2147,-1.2648,67.273,4t4d,0.278,0.0,0.0
2780,715.225,0.6355,11.2683,-1.2642,67.177,4t4d,0.282,0.0,0.0
2781,715.436,0.666,11.3444,-1.2638,67.043,4t4d,0.259,0.0,0.0
2782,715.648,0.6874,11.3986,-1.2618,67.092,4t4d,0.279,0.0,0.0
2783,715.86,0.7095,11.4541,-1.2615,67.117,4t4d,0.318,0.0,0.0
2784,716.079,0.7313,11.5072,-1.2621,67.111,4t4d,0.29,0.0,0.0
2785,716.293,0.7515,11.555,-1.2631,67.18,4t4d,0.268,0.0,0.0
2786,716.511,0.7836,11.6281,-1.2646,66.008,4t4d,0.299,0.0,0.0
2787,716.725,0.7943,11.6521,-1.2648,65.425,4t4d,0.31,0.0,0.0
2788,716.935,0.8256,11.7256,-1.2647,64.916,4t4d,0.301,0.0,0.0
2789,717.147,0.835,11.7464,-1.2659,64.758,4t4d,0.295,0.0,0.0
2790,717.358,0.8687,11.8216,-1.2671,64.602,4t4d,0.27,0.0,0.0
2791,717.562,0.8897,11.8694,-1.2681,64.928,4t4d,0.262,0.0,-5.23
2792,717.772,0.9242,11.9453,-1.2694,65.35,4t4d,0.279,0.0,-6.12
2793,717.984,0.9481,11.999,-1.2705,65.359,4t4d,0.237,0.0,0.0
2794,718.196,0.9587,12.0235,-1.2709,65.396,4t4d,0.274,0.0,0.0
2795,718.407,0.9942,12.1062,-1.2708,65.647,4t4d,0.259,0.0,0.0
2796,718.621,1.0138,12.1495,-1.2715,65.653,4t4d,0.275,0.0,0.0
2797,718.832,1.0473,12.228,-1.2726,65.703,4t4d,0.262,0.0,0.0
2798,719.042,1.0697,12.2805,-1.2718,65.632,4t4d,0.266,0.0,0.0
2799,719.257,1.0913,12.3299,-1.2732,65.513,4t4d,0.281,0.0,0.0
2800,719.466,1.1145,12.3829,-1.2745,65.422,4t4d,0.292,0.0,0.0
2801,719.678,1.1371,12.4354,-1.2748,65.492,4t4d,0.276,0.0,0.0
2802,719.888,1.17,12.5103,-1.2757,65.494,4t4d,0.27,0.0,0.0
2803,720.097,1.1914,12.5595,-1.2765,65.496,4t4d,0.287,0.0,0.0
2804,720.306,1.2127,12.6103,-1.2769,66.24,4t4d,0.296,0.0,0.0
2805,720.525,1.2352,12.6725,-1.2778,68.71,4t4d,0.292,0.0,0.0
2806,720.736,1.2532,12.723,-1.2795,69.328,4t4d,0.288,0.0,0.0
2807,720.946,1.2725,12.7771,-1.2812,69.413,4t4d,0.269,0.0,0.0
2808,721.153,1.2906,12.8285,-1.2824,69.376,4t4d,0.286,0.0,0.0
2809,721.36,1.3089,12.8779,-1.2817,69.316,4t4d,0.286,0.0,0.0
2810,721.568,1.3276,12.9322,-1.2821,69.357,4t4d,0.282,0.0,12.6
2811,721.776,1.3552,13.0116,-1.282,69.41,4t4d,0.265,0.0,5.72
2812,721.983,1.3642,13.0359,-1.2814,69.412,4t4d,0.284,0.0,0.0
2813,722.19,1.3929,13.1181,-1.2815,69.412,4t4d,0.272,0.0,0.0
2814,722.403,1.4115,13.1715,-1.2819,69.372,4t4d,0.258,0.0,0.0
2815,722.619,1.4193,13.1939,-1.2814,69.37,4t4d,0.284,0.0,0.0
2816,722.839,1.4556,13.2978,-1.2828,69.365,4t4d,0.293,0.0,0.0
2817,723.057,1.4732,13.3475,-1.2837,69.348,4t4d,0.279,0.0,0.0
2818,723.272,1.4923,13.4005,-1.2845,69.42,4t4d,0.309,0.0,0.0
2819,723.495,1.5108,13.4524,-1.2837,69.342,4t4d,0.278,0.0,0.0
2820,723.711,1.5307,13.5087,-1.2831,69.335,4t4d,0.287,0.0,0.0
2821,723.931,1.5603,13.5917,-1.2838,69.172,4t4d,0.296,0.0,0.0
2822,724.141,1.5814,13.6472,-1.2848,69.113,4t4d,0.302,0.0,0.0
2823,724.356,1.6002,13.6993,-1.2844,69.126,4t4d,0.312,0.0,0.0
2824,724.581,1.6182,13.7483,-1.2841,69.203,4t4d,0.279,0.0,0.0
2825,724.792,1.6449,13.8216,-1.2846,69.232,4t4d,0.298,0.0,0.0
2826,725.009,1.6618,13.8682,-1.2847,69.137,4t4d,0.296,0.0,0.0
2827,725.223,1.679,13.9141,-1.285,69.082,4t4d,0.286,0.0,0.0
2828,725.434,1.6964,13.9608,-1.2845,68.932,4t4d,0.271,0.0,0.0
2829,725.643,1.7135,14.0055,-1.2858,68.758,4t4d,0.278,0.0,0.0
2830,725.853,1.7315,14.0527,-1.2864,68.677,4t4d,0.307,0.0,0.0
2831,726.063,1.7489,14.0991,-1.2863,68.599,4t4d,0.284,0.0,0.0
2832,726.273,1.7663,14.1452,-1.2862,68.588,4t4d,0.228,0.0,0.0
2833,726.482,1.7939,14.219,-1.2885,68.423,4t4d,0.238,0.0,0.0
2834,726.692,1.8121,14.2644,-1.289,68.335,4t4d,0.245,0.0,0.0
2835,726.903,1.8301,14.3095,-1.2892,68.255,4t4d,0.253,0.0,0.0
2836,727.117,1.8592,14.3847,-1.2898,68.162,4t4d,0.248,0.0,0.0
2837,727.327,1.877,14.4316,-1.2905,68.06,4t4d,0.25,0.0,0.0
2838,727.538,1.8958,14.4803,-1.2914,68.005,4t4d,0.235,0.0,0.0
2839,727.748,1.9041,14.5025,-1.2921,67.911,4t4d,0.285,0.0,0.0
2840,727.956,1.9325,14.5749,-1.2913,67.84,4t4d,0.279,0.0,0.0
2841,728.167,1.9511,14.6235,-1.2918,67.818,4t4d,0.253,0.0,0.0
2842,728.375,1.9684,14.6693,-1.2931,67.808,4t4d,0.271,0.0,0.0
2843,728.587,1.9987,14.7457,-1.2922,67.952,4t4d,0.261,0.0,0.0
2844,728.817,2.0173,14.7912,-1.2925,67.897,4t4d,0.242,0.0,0.0
2845,729.028,2.0366,14.8387,-1.2923,67.958,4t4d,0.264,0.0,0.0
2846,729.238,2.0543,14.8841,-1.2925,67.807,4t4d,0.251,0.0,0.0
2847,729.445,2.0721,14.9291,-1.2919,67.834,4t4d,0.244,0.0,0.0
2848,729.653,2.0933,14.9837,-1.2921,67.878,4t4d,0.275,0.0,0.0
2849,729.863,2.1062,15.0162,-1.2925,67.889,4t4d,0.258,0.0,0.0
2850,730.072,2.1167,15.0425,-1.2922,67.896,4t4d,0.268,0.0,0.0
2851,730.289,2.1211,15.0532,-1.292,67.946,4t4d,0.285,0.0,0.0
2852,730.514,2.137,15.0933,-1.2932,67.89,4t4d,0.233,0.0,0.0
2853,730.726,2.1488,15.124,-1.2939,67.874,4t4d,0.21,0.0,0.0
2854,730.943,2.1669,15.1701,-1.2946,67.808,4t4d,0.173,0.0,0.0
2855,731.157,2.173,15.1856,-1.2946,67.792,4t4d,0.169,0.0,0.0
2856,731.375,2.1903,15.2272,-1.2942,67.712,4t4d,0.134,0.0,0.0
2857,731.586,2.2,15.2517,-1.2936,67.592,4t4d,0.113,0.0,0.0
2858,731.796,2.2106,15.2785,-1.2941,67.533,4t4d,0.172,0.0,0.0
2859,732.021,2.2267,15.3194,-1.2938,67.48,4t4d,0.202,0.0,0.0
2860,732.227,2.2379,15.3475,-1.2944,67.407,4t4d,0.166,0.0,0.0
2861,732.436,2.2502,15.3791,-1.2953,67.34,4t4d,0.16,0.0,0.0
2862,732.652,2.2632,15.4108,-1.2964,67.272,4t4d,0.137,0.0,0.0
2863,732.863,2.276,15.4416,-1.2982,67.316,4t4d,0.152,0.0,0.0
2864,733.074,2.2947,15.49,-1.2988,67.31,4t4d,0.141,0.0,0.0
2865,733.291,2.3096,15.5281,-1.2988,67.331,4t4d,0.154,0.0,0.0
2866,733.508,2.3161,15.5453,-1.299,67.741,4t4d,0.177,0.0,0.0
2867,733.723,2.3374,15.6032,-1.2992,68.338,4t4d,0.161,0.0,0.0
2868,733.933,2.3506,15.6379,-1.2992,68.407,4t4d,0.163,0.0,0.0
2869,734.142,2.3639,15.6741,-1.3007,68.672,4t4d,0.189,0.0,0.0
2870,734.351,2.3859,15.7335,-1.3015,68.643,4t4d,0.208,0.0,0.0
2871,734.562,2.401,15.7731,-1.3014,68.634,4t4d,0.197,0.0,4.68
2872,734.773,2.4169,15.8121,-1.3024,68.608,4t4d,0.191,0.0,0.0
2873,734.987,2.4329,15.8517,-1.3023,68.449,4t4d,0.21,0.0,0.0
2874,735.214,2.4498,15.8947,-1.3033,68.43,4t4d,0.213,0.0,0.0
2875,735.425,2.4737,15.957,-1.3051,68.476,4t4d,0.216,0.0,0.0
2876,735.635,2.4904,15.9997,-1.3069,68.279,4t4d,0.224,0.0,0.0
2877,735.852,2.4981,16.0199,-1.3064,68.211,4t4d,0.21,0.0,0.0
2878,736.065,2.5229,16.084,-1.3064,68.143,4t4d,0.215,0.0,0.0
2879,736.274,2.5401,16.1284,-1.3067,68.109,4t4d,0.223,0.0,0.0
2880,736.493,2.5561,16.1703,-1.3066,68.111,4t4d,0.222,0.0,0.0
2881,736.715,2.583,16.2404,-1.3052,67.981,4t4d,0.217,0.0,0.0
2882,736.921,2.6024,16.2891,-1.306,67.948,4t4d,0.202,0.0,0.0
2883,737.131,2.621,16.3359,-1.3058,67.965,4t4d,0.247,0.0,0.0
2884,737.344,2.6395,16.3847,-1.3049,67.855,4t4d,0.237,0.0,0.0
2885,737.557,2.6565,16.4272,-1.3054,67.742,4t4d,0.235,0.0,0.0
2886,737.769,2.6764,16.4776,-1.3051,67.75,4t4d,0.304,0.0,0.0
2887,737.99,2.7066,16.5538,-1.3062,67.674,4t4d,0.271,0.0,0.0
2888,738.201,2.7251,16.6003,-1.3076,67.568,4t4d,0.255,0.0,0.0
2889,738.413,2.7445,16.6487,-1.308,67.52,4t4d,0.258,0.0,0.0
2890,738.624,2.7743,16.7235,-1.3092,67.483,4t4d,0.25,0.0,0.0
2891,738.837,2.793,16.7729,-1.3082,67.451,4t4d,0.263,0.0,0.0
2892,739.046,2.8135,16.826,-1.3073,67.498,4t4d,0.264,0.0,0.0
2893,739.255,2.8326,16.8756,-1.3074,67.513,4t4d,0.273,0.0,0.0
2894,739.466,2.8537,16.9301,-1.3085,67.505,4t4d,0.273,0.0,0.0
2895,739.676,2.8691,16.9691,-1.3112,67.439,4t4d,0.283,0.0,0.0
2896,739.896,2.8902,17.0229,-1.3115,67.499,4t4d,0.318,0.0,0.0
2897,740.12,2.9205,17.0978,-1.3119,67.414,4t4d,0.278,0.0,0.0
2898,740.329,2.9387,17.1426,-1.3123,67.275,4t4d,0.286,0.0,0.0
2899,740.542,2.9613,17.1999,-1.3123,67.37,4t4d,0.295,0.0,0.0
2900,740.752,2.9816,17.2518,-1.3125,67.316,4t4d,0.254,0.0,0.0
2901,740.962,3.0024,17.3031,-1.315,67.228,4t4d,0.246,0.0,0.0
2902,741.17,3.037,17.3886,-1.3147,67.074,4t4d,0.291,0.0,0.0
2903,741.382,3.0595,17.4426,-1.3154,66.882,4t4d,0.248,0.0,0.0
2904,741.591,3.0802,17.4939,-1.3157,66.67,4t4d,0.227,0.0,0.0
2905,741.803,3.1042,17.5512,-1.318,66.632,4t4d,0.268,0.0,0.0
2906,742.019,3.1244,17.601,-1.3178,66.523,4t4d,0.31,0.0,0.0
2907,742.239,3.1591,17.6829,-1.3163,66.541,4t4d,0.323,0.0,0.0
2908,742.452,3.182,17.7389,-1.3182,66.882,4t4d,0.292,0.0,0.0
2909,742.67,3.2035,17.7933,-1.3182,67.383,4t4d,0.293,0.0,0.0
2910,742.88,3.2251,17.8475,-1.3174,67.531,4t4d,0.301,0.0,0.0
2911,743.09,3.2418,17.8907,-1.3189,67.413,4t4d,0.289,0.0,0.0
2912,743.299,3.261,17.9387,-1.3178,67.459,4t4d,0.321,0.0,0.0
2913,743.512,3.2621,17.9413,-1.3177,67.509,4t4d,0.292,0.0,0.0
2914,743.73,3.2621,17.9416,-1.3177,67.494,4t4d,0.292,0.0,3.96
2915,743.943,3.2621,17.9415,-1.3177,67.506,4t4d,0.28,0.0,0.0
2916,744.155,3.2623,17.9422,-1.3177,67.511,4t4d,0.219,0.0,0.0
2917,744.366,3.2622,17.942,-1.3178,67.502,4t4d,0.175,0.0,0.0
2918,744.576,3.2623,17.942,-1.3176,67.51,4t4d,0.063,0.0,0.0
2919,744.788,3.2619,17.9413,-1.3175,67.499,4t4d,0.006,0.0,0.0
2920,745.0,3.2609,17.9388,-1.3174,67.5,4t4d,0.002,0.0,0.0
2921,745.215,3.2577,17.9305,-1.3173,67.506,4t4d,0.0,0.0,0.0
2922,745.429,3.2502,17.9116,-1.3174,67.488,4t4d,0.001,0.0,0.0
2923,745.639,3.2437,17.8951,-1.3183,67.436,4t4d,0.0,0.0,0.0
2924,745.846,3.2194,17.8337,-1.3179,67.384,4t4d,0.0,0.0,0.0
2925,746.056,3.2077,17.8048,-1.3176,67.435,4t4d,-0.001,0.0,0.0
2926,746.268,3.1936,17.7685,-1.3181,67.473,4t4d,-0.054,0.0,0.0
2927,746.479,3.179,17.7325,-1.3181,67.445,4t4d,-0.094,0.0,0.0
2928,746.685,3.1673,17.7,-1.3153,67.488,4t4d,-0.188,0.0,0.0
2929,746.892,3.1484,17.6526,-1.3163,67.508,4t4d,-0.17,0.0,0.0
2930,747.102,3.1328,17.6116,-1.3166,67.573,4t4d,-0.171,0.0,0.0
2931,747.316,3.109,17.551,-1.317,67.409,4t4d,-0.186,0.0,0.0
2932,747.529,3.1007,17.5298,-1.3168,67.35,4t4d,-0.195,0.0,0.0
2933,747.743,3.0848,17.4898,-1.3151,67.332,4t4d,-0.192,0.0,0.0
2934,747.961,3.0611,17.4304,-1.3144,67.129,4t4d,-0.231,0.0,0.0
2935,748.169,3.0455,17.3906,-1.3139,67.144,4t4d,-0.211,0.0,0.0
2936,748.384,3.0203,17.3279,-1.3141,67.266,4t4d,-0.229,0.0,0.0
2937,748.593,3.0008,17.2802,-1.3135,67.163,4t4d,-0.226,0.0,0.0
2938,748.807,2.9839,17.2389,-1.3133,67.22,4t4d,-0.233,0.0,0.0
2939,749.019,2.9653,17.1925,-1.3134,67.198,4t4d,-0.223,0.0,0.0
2940,749.232,2.9463,17.1446,-1.3137,67.167,4t4d,-0.203,0.0,0.0
2941,749.444,2.9195,17.0776,-1.3129,67.162,4t4d,-0.236,0.0,0.0
2942,749.658,2.9012,17.032,-1.3124,67.157,4t4d,-0.228,0.0,0.0
2943,749.868,2.8836,16.9879,-1.312,67.171,4t4d,-0.246,0.0,0.0
2944,750.079,2.866,16.943,-1.3096,67.192,4t4d,-0.219,0.0,0.0
2945,750.293,2.8436,16.8862,-1.3087,67.161,4t4d,-0.247,0.0,0.0
2946,750.506,2.8223,16.8333,-1.3076,67.231,4t4d,-0.256,0.0,0.0
2947,750.717,2.8021,16.782,-1.3075,67.213,4t4d,-0.221,0.0,0.0
2948,750.927,2.7707,16.7039,-1.3076,67.214,4t4d,-0.224,0.0,0.0
2949,751.142,2.7504,16.6526,-1.3065,67.293,4t4d,-0.27,0.0,0.0
2950,751.363,2.7294,16.599,-1.3069,67.371,4t4d,-0.255,0.0,0.0
2951,751.575,2.7099,16.5482,-1.3065,67.359,4t4d,-0.314,0.0,0.0
2952,751.784,2.6807,16.4738,-1.3063,67.377,4t4d,-0.267,0.0,0.0
2953,752.004,2.6718,16.4515,-1.3065,67.372,4t4d,-0.267,0.0,0.0
2954,752.224,2.6427,16.3779,-1.306,67.398,4t4d,-0.292,0.0,0.0
2955,752.438,2.624,16.3297,-1.3062,67.275,4t4d,-0.29,0.0,0.0
2956,752.649,2.6028,16.2755,-1.3068,67.23,4t4d,-0.242,0.0,0.0
2957,752.86,2.5822,16.2238,-1.306,67.184,4t4d,-0.193,0.0,0.0
2958,753.071,2.561,16.1694,-1.3055,67.282,4t4d,-0.243,0.0,0.0
2959,753.281,2.532,16.097,-1.3054,67.412,4t4d,-0.285,0.0,0.0
2960,753.496,2.5202,16.0676,-1.3052,67.445,4t4d,-0.288,0.0,0.0
2961,753.709,2.49,15.9903,-1.3052,67.596,4t4d,-0.265,0.0,0.0
2962,753.919,2.459,15.9097,-1.3034,67.666,4t4d,-0.284,0.0,0.0
2963,754.133,2.4388,15.8587,-1.3024,67.645,4t4d,-0.294,0.0,0.0
2964,754.344,2.4137,15.7952,-1.3026,67.615,4t4d,-0.266,0.0,0.0
2965,754.554,2.3936,15.7452,-1.3011,67.797,4t4d,-0.303,0.0,0.0
2966,754.77,2.3708,15.6866,-1.2998,68.543,4t4d,-0.281,0.0,0.0
2967,754.98,2.352,15.6355,-1.2972,68.952,4t4d,-0.299,0.0,0.0
2968,755.19,2.332,15.5806,-1.2964,69.071,4t4d,-0.287,0.0,0.0
2969,755.405,2.3034,15.5023,-1.2964,69.096,4t4d,-0.309,0.0,0.0
2970,755.619,2.2835,15.4462,-1.2951,69.147,4t4d,-0.33,0.0,0.0
2971,755.835,2.265,15.3953,-1.2939,68.999,4t4d,-0.302,0.0,0.0
2972,756.048,2.2535,15.3635,-1.2935,68.852,4t4d,-0.299,0.0,0.0
2973,756.269,2.2225,15.2776,-1.2928,68.767,4t4d,-0.292,0.0,0.0
2974,756.475,2.1926,15.1976,-1.2918,68.557,4t4d,-0.28,0.0,0.0
2975,756.685,2.1818,15.1679,-1.2923,68.511,4t4d,-0.309,0.0,0.0
2976,756.898,2.1609,15.1119,-1.292,68.488,4t4d,-0.323,0.0,0.0
2977,757.112,2.1414,15.0608,-1.2901,68.518,4t4d,-0.321,0.0,0.0
2978,757.326,2.112,14.9815,-1.2898,68.468,4t4d,-0.3,0.0,0.0
2979,757.538,2.0926,14.9298,-1.2896,68.32,4t4d,-0.301,0.0,0.0
2980,757.758,2.0643,14.8532,-1.291,67.937,4t4d,-0.293,0.0,0.0
2981,757.971,2.0543,14.8251,-1.2906,67.911,4t4d,-0.301,0.0,0.0
2982,758.193,2.0347,14.773,-1.2893,67.934,4t4d,-0.333,0.0,0.0
2983,758.402,1.9984,14.6779,-1.2898,67.833,4t4d,-0.264,0.0,0.0
2984,758.614,1.9654,14.5912,-1.2886,67.732,4t4d,-0.286,0.0,0.0
2985,758.831,1.942,14.5299,-1.2876,67.728,4t4d,-0.232,0.0,0.0
2986,759.064,1.9209,14.4747,-1.2883,67.853,4t4d,-0.282,0.0,0.0
2987,759.276,1.8952,14.4091,-1.2874,67.825,4t4d,-0.308,0.0,0.0
2988,759.483,1.874,14.3551,-1.2867,67.721,4t4d,-0.321,0.0,0.0
2989,759.698,1.8478,14.2858,-1.2858,67.89,4t4d,-0.279,0.0,0.0
2990,759.911,1.8374,14.2589,-1.2857,67.881,4t4d,-0.323,0.0,0.0
2991,760.123,1.8105,14.1886,-1.2839,67.88,4t4d,-0.332,0.0,0.0
2992,760.335,1.8009,14.1639,-1.2834,67.857,4t4d,-0.308,0.0,0.0
2993,760.545,1.7728,14.0916,-1.2825,67.888,4t4d,-0.309,0.0,0.0
2994,760.756,1.7519,14.0367,-1.2818,67.86,4t4d,-0.239,0.0,0.0
2995,760.969,1.7235,13.9616,-1.2809,67.677,4t4d,-0.254,0.0,0.0
2996,761.18,1.7042,13.9113,-1.2804,67.469,4t4d,-0.247,0.0,0.0
2997,761.397,1.6957,13.8898,-1.2802,67.502,4t4d,-0.273,0.0,0.0
2998,761.609,1.6658,13.8131,-1.2801,67.537,4t4d,-0.294,0.0,0.0
2999,761.82,1.6456,13.7616,-1.2793,67.631,4t4d,-0.27,0.0,0.0
3000,762.031,1.6135,13.6828,-1.2791,67.37,4t4d,-0.291,0.0,0.0
3001,762.241,1.6066,13.6627,-1.2791,67.44,4t4d,-0.24,0.0,0.0
3002,762.454,1.5862,13.6123,-1.2781,67.467,4t4d,-0.301,0.0,0.0
3003,762.67,1.5591,13.5423,-1.2772,67.395,4t4d,-0.263,0.0,0.0
3004,762.886,1.5294,13.4669,-1.2757,67.455,4t4d,-0.271,0.0,0.0
3005,763.095,1.5211,13.4454,-1.2753,67.448,4t4d,-0.271,0.0,0.0
3006,763.312,1.5034,13.4008,-1.2752,67.449,4t4d,-0.25,0.0,0.0
3007,763.527,1.478,13.3361,-1.2751,67.69,4t4d,-0.242,0.0,0.0
3008,763.736,1.4583,13.2843,-1.2735,67.631,4t4d,-0.251,0.0,0.0
3009,763.947,1.4402,13.2368,-1.273,67.682,4t4d,-0.266,0.0,0.0
3010,764.16,1.4225,13.1903,-1.2718,67.656,4t4d,-0.265,0.0,0.0
3011,764.371,1.3948,13.118,-1.2704,67.638,4t4d,-0.24,0.0,0.0
3012,764.58,1.3763,13.0694,-1.2693,67.477,4t4d,-0.237,0.0,0.0
3013,764.791,1.3577,13.0212,-1.2684,67.479,4t4d,-0.241,0.0,0.0
3014,765.004,1.3372,12.9689,-1.2689,67.432,4t4d,-0.232,0.0,0.0
3015,765.214,1.3207,12.9287,-1.2683,67.498,4t4d,-0.272,0.0,0.0
3016,765.423,1.3005,12.8764,-1.2674,67.453,4t4d,-0.261,0.0,0.0
3017,765.63,1.2816,12.8282,-1.2681,67.456,4t4d,-0.242,0.0,0.0
3018,765.838,1.2458,12.7364,-1.2675,67.47,4t4d,-0.235,0.0,0.0
3019,766.045,1.2236,12.6805,-1.2656,67.466,4t4d,-0.233,0.0,0.0
3020,766.255,1.2117,12.6499,-1.2651,67.462,4t4d,-0.28,0.0,0.0
3021,766.467,1.1778,12.5643,-1.264,67.452,4t4d,-0.282,0.0,0.0
3022,766.682,1.1542,12.5054,-1.263,67.363,4t4d,-0.262,0.0,0.0
3023,766.893,1.1303,12.4438,-1.2625,67.286,4t4d,-0.309,0.0,0.0
3024,767.106,1.1124,12.3984,-1.2607,67.374,4t4d,-0.32,0.0,0.0
3025,767.319,1.0752,12.3023,-1.2577,67.222,4t4d,-0.342,0.0,0.0
3026,767.53,1.0644,12.2748,-1.2579,67.29,4t4d,-0.332,0.0,0.0
3027,767.747,1.027,12.1783,-1.2576,67.404,4t4d,-0.317,0.0,0.0
3028,767.958,1.0025,12.1187,-1.2562,67.39,4t4d,-0.311,0.0,0.0
3029,768.171,0.9779,12.0565,-1.2564,67.458,4t4d,-0.303,0.0,0.0
3030,768.384,0.9416,11.9642,-1.2552,67.39,4t4d,-0.317,0.0,0.0
3031,768.598,0.9307,11.938,-1.2554,67.4,4t4d,-0.325,0.0,0.0
3032,768.812,0.9077,11.8793,-1.2548,67.303,4t4d,-0.355,0.0,0.0
3033,769.024,0.8729,11.789,-1.2523,67.237,4t4d,-0.338,0.0,0.0
3034,769.235,0.8505,11.734,-1.2537,67.205,4t4d,-0.339,0.0,0.0
3035,769.443,0.8196,11.6566,-1.2519,67.144,4t4d,-0.328,0.0,0.0
3036,769.654,0.795,11.5943,-1.251,67.211,4t4d,-0.309,0.0,0.0
3037,769.865,0.7729,11.5392,-1.2501,67.235,4t4d,-0.315,0.0,0.0
3038,770.075,0.7616,11.5122,-1.2498,67.319,4t4d,-0.312,0.0,0.0
3039,770.286,0.7275,11.4288,-1.249,67.205,4t4d,-0.323,0.0,0.0
3040,770.495,0.7053,11.3726,-1.2483,67.239,4t4d,-0.324,0.0,0.0
3041,770.719,0.6719,11.2874,-1.2485,67.198,4t4d,-0.354,0.0,0.0
3042,770.927,0.6479,11.227,-1.2471,67.158,4t4d,-0.343,0.0,0.0
3043,771.132,0.6261,11.1721,-1.2474,67.178,4t4d,-0.327,0.0,0.0
3044,771.341,0.6037,11.1162,-1.2468,67.228,4t4d,-0.274,0.0,0.0
3045,771.551,0.5818,11.0607,-1.246,67.285,4t4d,-0.296,0.0,0.0
3046,771.763,0.5487,10.9758,-1.2458,67.243,4t4d,-0.356,0.0,0.0
3047,771.976,0.5373,10.9479,-1.2458,67.277,4t4d,-0.319,0.0,0.0
3048,772.186,0.5057,10.8682,-1.2451,67.285,4t4d,-0.297,0.0,0.0
3049,772.418,0.4865,10.8188,-1.2445,67.231,4t4d,-0.315,0.0,0.0
3050,772.634,0.467,10.771,-1.2438,67.226,4t4d,-0.309,0.0,0.0
3051,772.843,0.4456,10.7154,-1.2426,67.163,4t4d,-0.317,0.0,0.0
3052,773.054,0.4174,10.6427,-1.2431,67.304,4t4d,-0.323,0.0,0.0
3053,773.267,0.4078,10.6186,-1.243,67.266,4t4d,-0.304,0.0,0.0
3054,773.495,0.3868,10.5646,-1.2439,67.309,4t4d,-0.259,0.0,0.0
3055,773.713,0.3583,10.4913,-1.2429,67.327,4t4d,-0.27,0.0,0.0
3056,773.936,0.3397,10.4435,-1.2422,67.323,4t4d,-0.303,0.0,0.0
3057,774.146,0.3102,10.3702,-1.2416,67.447,4t4d,-0.259,0.0,0.0
3058,774.357,0.3007,10.3444,-1.2415,67.408,4t4d,-0.274,0.0,0.0
3059,774.572,0.2708,10.2692,-1.2411,67.277,4t4d,-0.258,0.0,0.0
3060,774.783,0.2523,10.2215,-1.24,67.122,4t4d,-0.276,0.0,0.0
3061,774.994,0.2324,10.1728,-1.2401,67.422,4t4d,-0.267,0.0,0.0
3062,775.205,0.199,10.0882,-1.2394,67.385,4t4d,-0.269,0.0,0.0
3063,775.416,0.1772,10.0334,-1.2389,67.391,4t4d,-0.306,0.0,0.0
3064,775.632,0.1585,9.9862,-1.2387,67.444,4t4d,-0.267,0.0,0.0
3065,775.845,0.1344,9.926,-1.2385,67.36,4t4d,-0.276,0.0,0.0
3066,776.055,0.1019,9.8429,-1.2378,67.274,4t4d,-0.295,0.0,0.0
3067,776.27,0.0833,9.7971,-1.2363,67.339,4t4d,-0.256,0.0,0.0
3068,776.479,0.0587,9.7338,-1.2357,67.277,4t4d,-0.274,0.0,0.0
3069,776.69,0.037,9.6787,-1.2351,67.271,4t4d,-0.312,0.0,0.0
3070,776.899,0.0172,9.63,-1.2339,67.318,4t4d,-0.289,0.0,0.0
3071,777.111,-0.005,9.5721,-1.233,67.302,4t4d,-0.294,0.0,0.0
3072,777.327,-0.0355,9.4968,-1.2313,67.358,4t4d,-0.276,0.0,0.0
3073,777.538,-0.0559,9.4456,-1.2304,67.379,4t4d,-0.287,0.0,0.0
3074,777.748,-0.0772,9.3945,-1.2296,67.767,4t4d,-0.318,0.0,0.0
3075,777.958,-0.0976,9.3424,-1.2293,67.976,4t4d,-0.309,0.0,0.0
3076,778.171,-0.1183,9.2883,-1.2291,68.118,4t4d,-0.298,0.0,0.0
3077,778.38,-0.1394,9.2319,-1.2276,68.152,4t4d,-0.296,0.0,0.0
3078,778.591,-0.1687,9.1546,-1.2267,68.23,4t4d,-0.259,0.0,0.0
3079,778.809,-0.1797,9.1263,-1.2265,68.239,4t4d,-0.298,0.0,0.0
3080,779.027,-0.2095,9.0497,-1.2256,68.302,4t4d,-0.275,0.0,0.0
3081,779.251,-0.2277,9.003,-1.2242,68.276,4t4d,-0.305,0.0,0.0
3082,779.462,-0.257,8.9277,-1.2232,68.387,4t4d,-0.299,0.0,0.0
3083,779.678,-0.2751,8.879,-1.2236,68.41,4t4d,-0.266,0.0,0.0
3084,779.888,-0.2851,8.8539,-1.2237,68.533,4t4d,-0.281,0.0,0.0
3085,780.098,-0.304,8.8036,-1.2227,68.532,4t4d,-0.235,0.0,0.0
3086,780.313,-0.3224,8.7545,-1.2219,68.578,4t4d,-0.285,0.0,0.0
3087,780.525,-0.3495,8.6819,-1.2218,68.615,4t4d,-0.269,0.0,0.0
3088,780.736,-0.3678,8.6343,-1.2216,68.558,4t4d,-0.281,0.0,0.0
3089,780.954,-0.3929,8.5675,-1.2213,68.627,4t4d,-0.271,0.0,0.0
3090,781.165,-0.4012,8.5454,-1.2214,68.651,4t4d,-0.258,0.0,0.0
3091,781.377,-0.426,8.4787,-1.2208,68.821,4t4d,-0.257,0.0,0.0
3092,781.589,-0.4425,8.4346,-1.2199,68.907,4t4d,-0.238,0.0,0.0
3093,781.81,-0.4602,8.3868,-1.2187,68.8,4t4d,-0.225,0.0,0.0
3094,782.023,-0.4773,8.3394,-1.2189,68.474,4t4d,-0.271,0.0,0.0
3095,782.249,-0.5015,8.2726,-1.219,67.166,4t4d,-0.269,0.0,0.0
3096,782.461,-0.5088,8.2541,-1.2188,67.138,4t4d,-0.255,0.0,0.0
3097,782.673,-0.5325,8.1945,-1.2189,67.09,4t4d,-0.257,0.0,0.0
3098,782.887,-0.5552,8.1359,-1.2176,67.008,4t4d,-0.251,0.0,0.0
3099,783.097,-0.5621,8.1185,-1.2171,66.986,4t4d,-0.246,0.0,-5.52
3100,783.313,-0.5817,8.0681,-1.2154,67.051,4t4d,-0.24,0.0,-5.52
3101,783.535,-0.5944,8.0365,-1.215,67.042,4t4d,-0.232,0.0,0.0
3102,783.745,-0.6075,8.0041,-1.2146,67.034,4t4d,-0.232,0.0,0.0
3103,783.95,-0.6211,7.9707,-1.2154,66.999,4t4d,-0.207,0.0,0.0
3104,784.162,-0.6348,7.9378,-1.2161,66.98,4t4d,-0.198,0.0,0.0
3105,784.374,-0.6544,7.8892,-1.2155,66.951,4t4d,-0.177,0.0,0.0
3106,784.589,-0.6612,7.8719,-1.215,67.002,4t4d,-0.162,0.0,0.0
3107,784.807,-0.6757,7.8351,-1.2144,66.991,4t4d,-0.185,0.0,0.0
3108,785.022,-0.6981,7.7804,-1.2123,66.951,4t4d,-0.193,0.0,0.0
3109,785.235,-0.7234,7.716,-1.212,67.021,4t4d,-0.171,0.0,0.0
3110,785.448,-0.7309,7.6982,-1.2118,66.99,4t4d,-0.124,0.0,0.0
3111,785.672,-0.7543,7.6387,-1.2119,67.024,4t4d,-0.216,0.0,0.0
3112,785.883,-0.7697,7.5992,-1.2126,67.107,4t4d,-0.223,0.0,0.0
3113,786.093,-0.7915,7.5454,-1.2107,67.11,4t4d,-0.205,0.0,0.0
3114,786.301,-0.7991,7.5266,-1.2104,67.111,4t4d,-0.225,0.0,0.0
3115,786.512,-0.821,7.4704,-1.2099,67.088,4t4d,-0.218,0.0,0.0
3116,786.723,-0.8357,7.433,-1.2094,67.089,4t4d,-0.232,0.0,0.0
3117,786.933,-0.8522,7.394,-1.2106,67.126,4t4d,-0.21,0.0,0.0
3118,787.143,-0.8675,7.355,-1.2106,67.124,4t4d,-0.215,0.0,0.0
3119,787.352,-0.8823,7.3184,-1.2101,67.106,4t4d,-0.197,0.0,0.0
3120,787.562,-0.8983,7.278,-1.2098,67.099,4t4d,-0.207,0.0,0.0
3121,787.772,-0.9136,7.2396,-1.2091,67.079,4t4d,-0.206,0.0,0.0
3122,787.983,-0.9274,7.2077,-1.2078,67.053,4t4d,-0.213,0.0,0.0
3123,788.202,-0.9482,7.1559,-1.2077,66.977,4t4d,-0.236,0.0,0.0
3124,788.421,-0.9618,7.1223,-1.2069,66.974,4t4d,-0.187,0.0,0.0
3125,788.635,-0.9754,7.0875,-1.2064,66.926,4t4d,-0.193,0.0,0.0
3126,788.859,-0.9968,7.0366,-1.2068,66.889,4t4d,-0.208,0.0,0.0
3127,789.089,-1.0034,7.0208,-1.2074,66.894,4t4d,-0.186,0.0,0.0
3128,789.302,-1.0242,6.9683,-1.2058,66.871,4t4d,-0.204,0.0,0.0
3129,789.516,-1.0449,6.9156,-1.2047,66.819,4t4d,-0.181,0.0,0.0
3130,789.728,-1.0513,6.9001,-1.2041,66.83,4t4d,-0.164,0.0,0.0
3131,789.942,-1.0646,6.8659,-1.2038,66.85,4t4d,-0.185,0.0,0.0
3132,790.151,-1.0786,6.8317,-1.204,66.911,4t4d,-0.193,0.0,0.0
3133,790.358,-1.0985,6.7821,-1.2033,66.844,4t4d,-0.193,0.0,0.0
3134,790.57,-1.1054,6.7661,-1.2029,66.827,4t4d,-0.196,0.0,0.0
3135,790.781,-1.1334,6.6973,-1.202,66.81,4t4d,-0.173,0.0,0.0
3136,790.991,-1.1494,6.6604,-1.2031,67.18,4t4d,-0.18,0.0,0.0
3137,791.201,-1.1547,6.6482,-1.2032,67.571,4t4d,-0.174,0.0,0.0
3138,791.417,-1.1739,6.5985,-1.2029,68.644,4t4d,-0.181,0.0,0.0
3139,791.63,-1.1867,6.5638,-1.2024,68.744,4t4d,-0.178,0.0,0.0
3140,791.842,-1.1983,6.5313,-1.2023,68.795,4t4d,-0.178,0.0,0.0
3141,792.058,-1.2173,6.4802,-1.2033,68.96,4t4d,-0.192,0.0,0.0
3142,792.271,-1.229,6.4492,-1.203,68.937,4t4d,-0.171,0.0,4.46
3143,792.486,-1.235,6.4338,-1.203,68.808,4t4d,-0.208,0.0,3.69
3144,792.701,-1.2546,6.3809,-1.2026,68.471,4t4d,-0.184,0.0,0.0
3145,792.915,-1.2686,6.3434,-1.2023,68.427,4t4d,-0.191,0.0,0.0
3146,793.125,-1.2901,6.285,-1.201,68.35,4t4d,-0.18,0.0,0.0
3147,793.337,-1.2981,6.2641,-1.201,68.285,4t4d,-0.174,0.0,0.0
3148,793.549,-1.3171,6.2132,-1.2007,67.994,4t4d,-0.198,0.0,0.0
3149,793.762,-1.3246,6.193,-1.2006,67.6,4t4d,-0.179,0.0,0.0
3150,793.973,-1.346,6.1388,-1.1994,67.466,4t4d,-0.206,0.0,0.0
3151,794.183,-1.3591,6.1061,-1.1996,67.502,4t4d,-0.217,0.0,0.0
3152,794.393,-1.3729,6.0723,-1.2002,67.439,4t4d,-0.224,0.0,0.0
3153,794.605,-1.3856,6.0405,-1.2005,67.407,4t4d,-0.183,0.0,0.0
3154,794.82,-1.4053,5.9915,-1.1997,67.377,4t4d,-0.214,0.0,-3.43
3155,795.033,-1.4189,5.957,-1.1993,67.509,4t4d,-0.21,0.0,0.0
3156,795.261,-1.4311,5.9265,-1.1987,68.062,4t4d,-0.178,0.0,0.0
3157,795.484,-1.4507,5.8749,-1.1981,68.454,4t4d,-0.205,0.0,0.0
3158,795.695,-1.456,5.8593,-1.198,68.34,4t4d,-0.145,0.0,0.0
3159,795.922,-1.4762,5.8025,-1.1976,66.495,4t4d,-0.183,0.0,0.0
3160,796.143,-1.491,5.7667,-1.1972,66.419,4t4d,-0.201,0.0,0.0
3161,796.362,-1.5124,5.7158,-1.1977,66.374,4t4d,-0.184,0.0,3.14
3162,796.588,-1.5267,5.6812,-1.197,66.317,4t4d,-0.181,0.0,0.0
3163,796.801,-1.5404,5.6476,-1.1968,66.324,4t4d,-0.156,0.0,0.0
3164,797.019,-1.5541,5.6154,-1.1964,66.308,4t4d,-0.191,0.0,-7.65
3165,797.239,-1.5682,5.5803,-1.1961,66.294,4t4d,-0.185,0.0,0.0
3166,797.449,-1.5821,5.5469,-1.1966,66.269,4t4d,-0.197,0.0,0.0
3167,797.664,-1.5958,5.5135,-1.1959,66.256,4t4d,-0.196,0.0,0.0
3168,797.873,-1.6174,5.4627,-1.1946,66.172,4t4d,-0.178,0.0,0.0
3169,798.082,-1.631,5.4308,-1.1941,66.138,4t4d,-0.169,0.0,0.0
3170,798.309,-1.6508,5.3843,-1.1932,66.129,4t4d,-0.185,0.0,0.0
3171,798.52,-1.6646,5.3511,-1.1927,66.093,4t4d,-0.191,0.0,0.0
3172,798.731,-1.6786,5.3189,-1.192,66.111,4t4d,-0.189,0.0,0.0
3173,798.942,-1.6988,5.2721,-1.1908,66.235,4t4d,-0.175,0.0,0.0
3174,799.151,-1.7066,5.2548,-1.1906,66.467,4t4d,-0.165,0.0,0.0
3175,799.361,-1.7201,5.223,-1.1898,67.065,4t4d,-0.167,0.0,0.0
3176,799.569,-1.7334,5.1921,-1.189,67.637,4t4d,-0.176,0.0,0.0
3177,799.774,-1.7463,5.1598,-1.1882,67.882,4t4d,-0.197,0.0,0.0
3178,799.984,-1.7582,5.1295,-1.1877,68.013,4t4d,-0.171,0.0,0.0
3179,800.202,-1.7713,5.0956,-1.1871,68.003,4t4d,-0.178,0.0,0.0
3180,800.415,-1.7939,5.0391,-1.1864,68.011,4t4d,-0.179,0.0,3.11
3181,800.624,-1.8193,4.9728,-1.1865,68.011,4t4d,-0.171,0.0,2.47
3182,800.838,-1.8272,4.9528,-1.1867,68.088,4t4d,-0.181,0.0,0.0
3183,801.05,-1.8538,4.8849,-1.1857,68.076,4t4d,-0.15,0.0,0.0
3184,801.261,-1.8617,4.8636,-1.1855,68.069,4t4d,-0.159,0.0,0.0
3185,801.472,-1.8872,4.7952,-1.1846,68.077,4t4d,-0.23,0.0,0.0
3186,801.694,-1.9136,4.7276,-1.1843,68.27,4t4d,-0.211,0.0,0.0
3187,801.907,-1.93,4.6848,-1.1839,68.342,4t4d,-0.255,0.0,0.0
3188,802.119,-1.9389,4.6616,-1.1836,68.352,4t4d,-0.256,0.0,0.0
3189,802.326,-1.9641,4.5961,-1.1826,68.47,4t4d,-0.22,0.0,0.0
3190,802.539,-1.9804,4.5535,-1.1823,68.506,4t4d,-0.239,0.0,0.0
3191,802.748,-1.9975,4.5071,-1.1818,68.499,4t4d,-0.26,0.0,0.0
3192,802.958,-2.0213,4.4429,-1.1808,68.449,4t4d,-0.276,0.0,0.0
3193,803.168,-2.037,4.401,-1.1796,68.664,4t4d,-0.241,0.0,0.0
3194,803.382,-2.0549,4.3532,-1.1793,68.72,4t4d,-0.244,0.0,0.0
3195,803.595,-2.0736,4.3039,-1.1785,68.769,4t4d,-0.241,0.0,0.0
3196,803.804,-2.0922,4.2551,-1.1785,68.84,4t4d,-0.247,0.0,0.0
3197,804.016,-2.1088,4.2098,-1.1776,68.87,4t4d,-0.237,0.0,0.0
3198,804.228,-2.1363,4.1364,-1.1774,68.876,4t4d,-0.233,0.0,0.0
3199,804.435,-2.1432,4.1181,-1.177,68.906,4t4d,-0.225,0.0,0.0
3200,804.661,-2.1605,4.0711,-1.1762,68.885,4t4d,-0.286,0.0,0.0
3201,804.873,-2.1867,4.0008,-1.1759,68.756,4t4d,-0.273,0.0,0.0
3202,805.102,-2.2021,3.9581,-1.1764,68.555,4t4d,-0.24,0.0,0.0
3203,805.314,-2.2189,3.9132,-1.1765,68.363,4t4d,-0.24,0.0,0.0
3204,805.523,-2.2442,3.8454,-1.1759,68.36,4t4d,-0.226,0.0,0.0
3205,805.735,-2.2513,3.8266,-1.176,68.334,4t4d,-0.246,0.0,0.0
3206,805.946,-2.2763,3.7595,-1.1756,68.283,4t4d,-0.28,0.0,0.0
3207,806.154,-2.2935,3.7136,-1.1752,68.266,4t4d,-0.253,0.0,0.0
3208,806.363,-2.3117,3.6667,-1.1746,68.259,4t4d,-0.235,0.0,0.0
3209,806.578,-2.3347,3.6059,-1.1743,68.254,4t4d,-0.255,0.0,0.0
3210,806.796,-2.3438,3.5827,-1.1744,68.239,4t4d,-0.235,0.0,0.0
3211,807.025,-2.3595,3.5408,-1.1743,68.24,4t4d,-0.225,0.0,0.0
3212,807.245,-2.3831,3.4782,-1.1741,68.146,4t4d,-0.237,0.0,0.0
3213,807.455,-2.407,3.4152,-1.1727,68.154,4t4d,-0.262,0.0,0.0
3214,807.67,-2.415,3.3939,-1.1722,68.148,4t4d,-0.18,0.0,0.0
3215,807.881,-2.4383,3.3317,-1.1717,68.172,4t4d,-0.243,0.0,0.0
3216,808.097,-2.448,3.3062,-1.1722,68.168,4t4d,-0.22,0.0,0.0
3217,808.307,-2.4698,3.2494,-1.1702,68.121,4t4d,-0.211,0.0,0.0
3218,808.519,-2.4854,3.2081,-1.1699,68.116,4t4d,-0.23,0.0,0.0
3219,808.732,-2.5094,3.1448,-1.1695,68.164,4t4d,-0.217,0.0,0.0
3220,808.948,-2.5259,3.1018,-1.169,68.175,4t4d,-0.221,0.0,0.0
3221,809.166,-2.5413,3.0603,-1.1692,68.153,4t4d,-0.262,0.0,0.0
3222,809.378,-2.5578,3.0179,-1.1685,68.182,4t4d,-0.242,0.0,0.0
3223,809.592,-2.581,2.9567,-1.1683,68.104,4t4d,-0.225,0.0,0.0
3224,809.802,-2.5987,2.9106,-1.1673,68.007,4t4d,-0.225,0.0,0.0
3225,810.016,-2.6094,2.8837,-1.167,67.966,4t4d,-0.235,0.0,0.0
3226,810.227,-2.6266,2.8384,-1.1656,68.001,4t4d,-0.218,0.0,0.0
3227,810.434,-2.655,2.7638,-1.1631,67.971,4t4d,-0.234,0.0,0.0
3228,810.64,-2.6749,2.7116,-1.1628,67.982,4t4d,-0.216,0.0,0.0
3229,810.851,-2.7051,2.6325,-1.1589,68.013,4t4d,-0.237,0.0,0.0
3230,811.061,-2.7257,2.5783,-1.1563,68.049,4t4d,-0.253,0.0,0.0
3231,811.276,-2.7465,2.5244,-1.153,68.173,4t4d,-0.249,0.0,0.0
3232,811.501,-2.7553,2.4999,-1.1513,68.2,4t4d,-0.277,0.0,0.0
3233,811.713,-2.7849,2.4221,-1.1454,68.226,4t4d,-0.264,0.0,0.0
3234,811.924,-2.804,2.3714,-1.1416,68.233,4t4d,-0.298,0.0,0.0
3235,812.134,-2.8212,2.3256,-1.1344,68.367,4t4d,-0.281,0.0,0.0
3236,812.343,-2.847,2.2551,-1.1257,68.178,4t4d,-0.292,0.0,0.0
3237,812.554,-2.8648,2.2078,-1.1193,68.195,4t4d,-0.241,0.0,0.0
3238,812.77,-2.8731,2.1855,-1.1163,68.182,4t4d,-0.277,0.0,0.0
3239,812.985,-2.8992,2.1149,-1.1055,68.147,4t4d,-0.27,0.0,0.0
3240,813.202,-2.9234,2.0509,-1.0976,68.055,4t4d,-0.26,0.0,0.0
3241,813.412,-2.9393,2.0084,-1.0924,68.022,4t4d,-0.259,0.0,0.0
3242,813.623,-2.9573,1.9607,-1.0887,68.071,4t4d,-0.288,0.0,0.0
3243,813.837,-2.9743,1.916,-1.084,68.025,4t4d,-0.239,0.0,0.0
3244,814.046,-2.9925,1.8675,-1.0798,68.016,4t4d,-0.256,0.0,0.0
3245,814.255,-3.01,1.8217,-1.0758,67.972,4t4d,-0.255,0.0,0.0
3246,814.463,-3.0275,1.7753,-1.0704,67.933,4t4d,-0.237,0.0,0.0
3247,814.676,-3.0537,1.7066,-1.0653,68.039,4t4d,-0.258,0.0,0.0
3248,814.893,-3.0631,1.6821,-1.0638,68.047,4t4d,-0.25,0.0,0.0
3249,815.128,-3.0822,1.6321,-1.062,68.032,4t4d,-0.256,0.0,0.0
3250,815.339,-3.1225,1.5259,-1.0613,68.029,4t4d,-0.28,0.0,0.0
3251,815.554,-3.1328,1.499,-1.0613,68.041,4t4d,-0.307,0.0,0.0
3252,815.766,-3.1547,1.4403,-1.0605,67.985,4t4d,-0.278,0.0,0.0
3253,815.983,-3.1465,1.4614,-1.0604,67.928,4t4d,-0.291,0.0,0.0
3254,816.193,-3.1471,1.4605,-1.0602,67.931,4t4d,-0.281,0.0,0.0
3255,816.403,-3.1472,1.4605,-1.0602,67.931,4t4d,-0.28,0.0,0.0
3256,816.614,-3.1478,1.4592,-1.0602,67.931,4t4d,-0.292,0.0,0.0
3257,816.826,-3.1477,1.4594,-1.0603,67.929,4t4d,-0.279,0.0,0.0
3258,817.032,-3.1474,1.4602,-1.0605,67.931,4t4d,0.11,0.0,0.0
3259,817.24,-3.1476,1.4603,-1.0606,67.787,4t4d,-0.026,0.0,0.0
3260,817.453,-3.1472,1.4599,-1.0607,67.276,disable,0.002,0.0,0.0
3261,817.664,-3.1469,1.4589,-1.0609,66.547,disable,0.0,0.0,0.0
3262,817.872,-3.1469,1.4587,-1.0609,66.546,disable,0.0,0.0,0.0
3263,818.094,-3.1469,1.4588,-1.0609,66.547,disable,0.0,0.0,0.0
3264,818.318,-3.1498,1.4601,-1.0609,66.546,crab,0.0,0.0643,-0.039
3265,818.527,-3.1611,1.4665,-1.0608,66.539,crab,0.0,0.081,-0.195
3266,818.736,-3.1759,1.473,-1.0609,66.5,crab,0.0,0.1504,-0.282
3267,818.951,-3.2035,1.4851,-1.061,66.443,crab,0.0,0.3563,-0.149
3268,819.164,-3.2689,1.5133,-1.0614,66.413,crab,0.0,0.3156,-0.156
3269,819.376,-3.3273,1.5373,-1.0614,66.382,crab,0.0,0.3448,-0.367
3270,819.591,-3.3904,1.5651,-1.0609,66.309,crab,0.0,0.3574,-0.341
3271,819.801,-3.4561,1.5933,-1.0607,66.241,crab,0.0,0.54,-0.499
3272,820.015,-3.5553,1.6358,-1.0605,66.141,crab,0.0,0.3764,-0.929
3273,820.234,-3.6247,1.6653,-1.0597,65.955,crab,0.0,0.3866,-0.223
3274,820.446,-3.696,1.6951,-1.0597,65.91,crab,0.0,0.3905,-0.639
3275,820.656,-3.7676,1.7263,-1.06,65.783,crab,0.0,0.3944,-0.664
3276,820.868,-3.8386,1.7608,-1.0608,65.65,crab,0.0,0.3811,-0.146
3277,821.076,-3.9084,1.7914,-1.0621,65.621,crab,0.0,0.3791,-0.477
3278,821.29,-3.9779,1.8216,-1.063,65.525,crab,0.0,0.5308,-0.391
3279,821.5,-4.075,1.8648,-1.0643,65.447,crab,0.0,0.1718,-0.233
3280,821.711,-4.1066,1.8783,-1.0649,65.4,crab,0.0,0.4863,-0.472
3281,821.932,-4.1957,1.9173,-1.0658,65.306,crab,0.0,0.1186,-0.162
3282,822.146,-4.2169,1.928,-1.0661,65.273,crab,0.0,0.0631,0.248
3283,822.356,-4.2061,1.9213,-1.0659,65.323,crab,0.002,0.394,0.0
3284,822.567,-4.2045,1.9244,-1.0662,65.474,crab,0.002,0.345,0.0
3285,822.776,-4.2038,1.9254,-1.0664,65.59,crab,0.002,0.353,0.0
3286,823.0,-4.2048,1.9253,-1.0666,65.594,crab,0.002,0.354,0.0
3287,823.225,-4.2048,1.9254,-1.0668,65.596,crab,0.001,0.173,0.0
3288,823.44,-4.2048,1.9255,-1.0669,65.59,crab,-0.016,-0.029,0.0
3289,823.649,-4.1994,1.9378,-1.0672,65.579,crab,0.01,0.007,0.0
3290,823.861,-4.1922,1.9544,-1.0674,65.563,crab,0.0,0.0,0.0
3291,824.069,-4.1845,1.9724,-1.0675,65.695,crab,0.0,0.0,0.0
3292,824.285,-4.1759,1.9928,-1.0679,65.714,4t4d,0.0,0.0,0.0
3293,824.515,-4.1658,2.0179,-1.0684,65.708,4t4d,0.0,0.0,0.0
3294,824.726,-4.1487,2.063,-1.0688,67.118,4t4d,0.052,0.0,0.0
3295,824.937,-4.1377,2.0991,-1.0695,69.809,4t4d,0.069,0.0,0.0
3296,825.15,-4.1277,2.1348,-1.0701,72.278,4t4d,0.101,0.0,0.0
3297,825.363,-4.1185,2.167,-1.0712,72.701,4t4d,0.108,0.0,0.0
3298,825.575,-4.109,2.1997,-1.0729,72.701,4t4d,0.142,0.0,0.0
3299,825.787,-4.0944,2.2519,-1.0761,73.424,4t4d,0.145,0.0,2.05
3300,825.998,-4.0841,2.2901,-1.0797,73.971,4t4d,0.179,0.0,13.64
3301,826.21,-4.0748,2.3228,-1.0825,73.915,4t4d,0.161,0.0,14.02
3302,826.44,-4.0661,2.3555,-1.0858,73.81,4t4d,0.166,0.0,2.15
3303,826.651,-4.0551,2.3945,-1.0894,73.709,4t4d,0.173,0.0,0.0
3304,826.861,-4.0452,2.429,-1.0929,73.357,4t4d,0.192,0.0,3.55
3305,827.076,-4.0301,2.4817,-1.0993,72.042,4t4d,0.197,0.0,0.0
3306,827.286,-4.0177,2.5209,-1.1032,71.633,4t4d,0.174,0.0,0.0
3307,827.501,-4.0058,2.5591,-1.1081,71.521,4t4d,0.195,0.0,0.0
3308,827.714,-3.9847,2.6238,-1.1181,70.462,4t4d,0.204,0.0,0.0
3309,827.929,-3.969,2.6695,-1.1243,70.381,4t4d,0.206,0.0,0.0
3310,828.139,-3.9546,2.7119,-1.1301,70.11,4t4d,0.21,0.0,-4.58
3311,828.347,-3.938,2.7591,-1.1364,69.838,4t4d,0.214,0.0,0.0
3312,828.551,-3.9205,2.8094,-1.1438,69.802,4t4d,0.205,0.0,0.0
3313,828.763,-3.9119,2.8341,-1.1461,69.671,4t4d,0.186,0.0,-3.34
3314,828.975,-3.8841,2.9137,-1.1507,69.556,4t4d,0.256,0.0,0.0
3315,829.186,-3.8644,2.9692,-1.1534,69.573,4t4d,0.252,0.0,0.0
3316,829.399,-3.8348,3.0574,-1.1561,70.762,4t4d,0.252,0.0,0.0
3317,829.609,-3.8157,3.1147,-1.158,70.881,4t4d,0.25,0.0,0.0
3318,829.827,-3.7961,3.1752,-1.16,70.899,4t4d,0.248,0.0,0.0
3319,830.049,-3.7702,3.2545,-1.1627,70.603,4t4d,0.261,0.0,0.0
3320,830.259,-3.7613,3.2843,-1.1626,70.526,4t4d,0.295,0.0,0.0
3321,830.469,-3.7444,3.335,-1.1631,70.581,4t4d,0.266,0.0,5.7
3322,830.678,-3.7297,3.3803,-1.163,70.615,4t4d,0.276,0.0,0.0
3323,830.887,-3.7063,3.4455,-1.162,68.907,4t4d,0.298,0.0,0.0
3324,831.1,-3.6889,3.487,-1.1619,67.32,4t4d,0.314,0.0,0.0
3325,831.316,-3.6723,3.5283,-1.1623,66.842,4t4d,0.308,0.0,0.0
3326,831.533,-3.6555,3.572,-1.1633,66.759,4t4d,0.309,0.0,0.0
3327,831.749,-3.6292,3.636,-1.164,66.676,4t4d,0.282,0.0,0.0
3328,831.957,-3.6207,3.6573,-1.1642,66.643,4t4d,0.215,0.0,-7.21
3329,832.166,-3.5936,3.7243,-1.1646,66.542,4t4d,0.26,0.0,-9.37
3330,832.382,-3.5654,3.7935,-1.1663,66.808,4t4d,0.248,0.0,0.0
3331,832.597,-3.556,3.8129,-1.1669,66.671,4t4d,0.249,0.0,0.0
3332,832.806,-3.5371,3.861,-1.1678,67.03,4t4d,0.252,0.0,0.0
3333,833.018,-3.5066,3.9371,-1.1705,67.501,4t4d,0.229,0.0,0.0
3334,833.236,-3.4926,3.9726,-1.1728,67.4,4t4d,0.237,0.0,0.0
3335,833.45,-3.4725,4.0237,-1.1725,67.494,4t4d,0.23,0.0,0.0
3336,833.66,-3.4531,4.0709,-1.1729,67.442,4t4d,0.256,0.0,0.0
3337,833.871,-3.4249,4.1423,-1.1749,67.428,4t4d,0.245,0.0,3.32
3338,834.084,-3.4108,4.1791,-1.1751,67.561,4t4d,0.262,0.0,0.0
3339,834.295,-3.3824,4.2509,-1.1754,67.497,4t4d,0.26,0.0,0.0
3340,834.508,-3.3624,4.302,-1.1762,67.46,4t4d,0.238,0.0,0.0
3341,834.722,-3.345,4.3452,-1.1776,67.423,4t4d,0.238,0.0,0.0
3342,834.933,-3.3225,4.4033,-1.1769,67.545,4t4d,0.274,0.0,0.0
3343,835.147,-3.3135,4.4256,-1.1767,67.48,4t4d,0.297,0.0,0.0
3344,835.363,-3.282,4.5059,-1.1766,67.551,4t4d,0.273,0.0,0.0
3345,835.579,-3.2517,4.5834,-1.1763,67.709,4t4d,0.278,0.0,0.0
3346,835.792,-3.2323,4.6334,-1.1764,67.725,4t4d,0.279,0.0,0.0
3347,836.004,-3.2008,4.7168,-1.1779,67.652,4t4d,0.268,0.0,0.0
3348,836.222,-3.1788,4.7727,-1.1795,67.594,4t4d,0.288,0.0,0.0
3349,836.438,-3.1581,4.8267,-1.1799,67.596,4t4d,0.272,0.0,0.0
3350,836.659,-3.1383,4.8772,-1.1802,67.648,4t4d,0.286,0.0,0.0
3351,836.868,-3.1167,4.9343,-1.1793,67.67,4t4d,0.27,0.0,0.0
3352,837.077,-3.0971,4.9838,-1.1799,67.643,4t4d,0.31,0.0,0.0
3353,837.293,-3.0656,5.0647,-1.1803,67.715,4t4d,0.313,0.0,0.0
3354,837.508,-3.0453,5.1168,-1.1795,67.725,4t4d,0.306,0.0,0.0
3355,837.721,-3.0237,5.1718,-1.1803,67.767,4t4d,0.29,0.0,0.0
3356,837.933,-3.0033,5.2244,-1.1816,67.869,4t4d,0.314,0.0,0.0
3357,838.145,-2.9816,5.2804,-1.1819,67.926,4t4d,0.315,0.0,0.0
3358,838.357,-2.9504,5.3578,-1.1833,67.944,4t4d,0.307,0.0,0.0
3359,838.569,-2.9404,5.3851,-1.1839,67.923,4t4d,0.299,0.0,0.0
3360,838.78,-2.9113,5.4585,-1.1843,67.268,4t4d,0.274,0.0,0.0
3361,838.991,-2.9022,5.4826,-1.1838,67.269,4t4d,0.284,0.0,0.0
3362,839.201,-2.8735,5.555,-1.1839,67.173,4t4d,0.3,0.0,0.0
3363,839.417,-2.846,5.622,-1.1846,67.083,4t4d,0.292,0.0,0.0
3364,839.636,-2.8346,5.6508,-1.1843,67.182,4t4d,0.29,0.0,0.0
3365,839.861,-2.818,5.6909,-1.1841,67.03,4t4d,0.292,0.0,0.0
3366,840.078,-2.7876,5.766,-1.1845,66.903,4t4d,0.262,0.0,0.0
3367,840.292,-2.7657,5.8184,-1.1845,66.782,4t4d,0.275,0.0,0.0
3368,840.505,-2.7326,5.8963,-1.1856,66.569,4t4d,0.251,0.0,0.0
3369,840.716,-2.7118,5.9467,-1.187,66.417,4t4d,0.243,0.0,0.0
3370,840.944,-2.692,5.9944,-1.1878,66.342,4t4d,0.271,0.0,0.0
3371,841.161,-2.6714,6.0437,-1.1871,66.349,4t4d,0.26,0.0,0.0
3372,841.37,-2.6386,6.1206,-1.1877,66.299,4t4d,0.29,0.0,0.0
3373,841.58,-2.6184,6.1679,-1.1875,66.32,4t4d,0.285,0.0,0.0
3374,841.791,-2.6074,6.1939,-1.1876,66.292,4t4d,0.295,0.0,0.0
3375,842.014,-2.5763,6.2679,-1.1893,66.307,4t4d,0.266,0.0,0.0
3376,842.237,-2.5558,6.3167,-1.1902,66.279,4t4d,0.264,0.0,0.0
3377,842.469,-2.5243,6.3911,-1.1921,66.184,4t4d,0.281,0.0,0.0
3378,842.68,-2.5051,6.4381,-1.1924,66.208,4t4d,0.275,0.0,0.0
3379,842.892,-2.4848,6.4875,-1.1926,66.177,4t4d,0.286,0.0,0.0
3380,843.101,-2.4663,6.5301,-1.1927,66.091,4t4d,0.254,0.0,0.0
3381,843.311,-2.443,6.585,-1.1925,66.097,4t4d,0.262,0.0,0.0
3382,843.521,-2.4118,6.6577,-1.194,66.111,4t4d,0.287,0.0,0.0
3383,843.734,-2.4014,6.6841,-1.1945,66.399,4t4d,0.271,0.0,0.0
3384,843.953,-2.3701,6.7596,-1.1968,66.456,4t4d,0.254,0.0,0.0
3385,844.175,-2.3493,6.8098,-1.1982,66.567,4t4d,0.269,0.0,0.0
3386,844.386,-2.328,6.8638,-1.1992,67.364,4t4d,0.254,0.0,0.0
3387,844.595,-2.2961,6.9435,-1.2,67.53,4t4d,0.265,0.0,0.0
3388,844.804,-2.2773,6.9922,-1.2003,67.914,4t4d,0.266,0.0,0.0
3389,845.022,-2.2656,7.0242,-1.2011,68.312,4t4d,0.306,0.0,0.0
3390,845.236,-2.2384,7.0979,-1.2029,68.405,4t4d,0.286,0.0,0.0
3391,845.447,-2.2163,7.1577,-1.203,68.471,4t4d,0.278,0.0,4.77
3392,845.666,-2.2,7.2014,-1.2029,68.386,4t4d,0.281,0.0,0.0
3393,845.877,-2.1816,7.2543,-1.2041,68.346,4t4d,0.257,0.0,0.0
3394,846.089,-2.1551,7.3259,-1.2051,68.12,4t4d,0.264,0.0,0.0
3395,846.308,-2.1332,7.3827,-1.2055,68.054,4t4d,0.291,0.0,0.0
3396,846.52,-2.1132,7.4345,-1.2063,67.918,4t4d,0.27,0.0,0.0
3397,846.731,-2.0848,7.5058,-1.2083,67.769,4t4d,0.243,0.0,0.0
3398,846.94,-2.0713,7.5412,-1.2077,67.848,4t4d,0.251,0.0,0.0
3399,847.149,-2.0505,7.5938,-1.2086,67.762,4t4d,0.281,0.0,0.0
3400,847.369,-2.0188,7.6751,-1.2091,67.769,4t4d,0.266,0.0,0.0
3401,847.58,-2.0004,7.7236,-1.2104,67.69,4t4d,0.297,0.0,0.0
3402,847.792,-1.97,7.8013,-1.212,67.675,4t4d,0.308,0.0,0.0
3403,848.017,-1.9511,7.8491,-1.2137,67.599,4t4d,0.285,0.0,0.0
3404,848.233,-1.9315,7.8989,-1.2145,67.567,4t4d,0.295,0.0,0.0
3405,848.45,-1.9089,7.9569,-1.2151,67.611,4t4d,0.275,0.0,0.0
3406,848.667,-1.8988,7.982,-1.2157,67.541,4t4d,0.285,0.0,0.0
3407,848.881,-1.8661,8.0621,-1.2183,67.389,4t4d,0.295,0.0,0.0
3408,849.099,-1.8459,8.1118,-1.2184,67.366,4t4d,0.29,0.0,0.0
3409,849.313,-1.8147,8.1898,-1.2194,67.298,4t4d,0.302,0.0,0.0
3410,849.523,-1.7929,8.2455,-1.2211,67.313,4t4d,0.256,0.0,0.0
3411,849.733,-1.773,8.2973,-1.2224,67.885,4t4d,0.266,0.0,0.0
3412,849.944,-1.7526,8.3543,-1.2233,68.342,4t4d,0.297,0.0,0.0
3413,850.159,-1.7232,8.4358,-1.2243,68.915,4t4d,0.286,0.0,0.0
3414,850.369,-1.7031,8.494,-1.2235,69.832,4t4d,0.261,0.0,0.0
3415,850.582,-1.6828,8.5519,-1.2244,70.341,4t4d,0.276,0.0,0.0
3416,850.798,-1.6639,8.6072,-1.2248,70.587,4t4d,0.252,0.0,0.0
3417,851.013,-1.6445,8.6665,-1.2256,70.533,4t4d,0.287,0.0,0.0
3418,851.224,-1.616,8.7529,-1.2271,70.572,4t4d,0.284,0.0,3.65
3419,851.435,-1.5982,8.8071,-1.2278,70.583,4t4d,0.324,0.0,4.5
3420,851.646,-1.5808,8.8594,-1.2296,70.628,4t4d,0.322,0.0,0.0
3421,851.858,-1.5713,8.8877,-1.2301,70.607,4t4d,0.314,0.0,0.0
3422,852.082,-1.5435,8.9703,-1.2312,69.689,4t4d,0.29,0.0,0.0
3423,852.293,-1.5245,9.0209,-1.2308,68.582,4t4d,0.308,0.0,0.0
3424,852.515,-1.5044,9.074,-1.2326,68.224,4t4d,0.283,0.0,0.0
3425,852.722,-1.4713,9.1604,-1.2344,67.523,4t4d,0.269,0.0,0.0
3426,852.935,-1.4538,9.2028,-1.2343,67.028,4t4d,0.298,0.0,0.0
3427,853.146,-1.4327,9.2544,-1.2338,66.929,4t4d,0.284,0.0,-4.49
3428,853.355,-1.4111,9.3082,-1.2336,66.865,4t4d,0.286,0.0,-5.64
3429,853.564,-1.3777,9.3906,-1.2329,66.826,4t4d,0.303,0.0,0.0
3430,853.775,-1.3565,9.4406,-1.2328,66.673,4t4d,0.29,0.0,0.0
3431,853.999,-1.3451,9.4683,-1.2331,66.626,4t4d,0.274,0.0,0.0
3432,854.213,-1.3114,9.5486,-1.2342,66.711,4t4d,0.302,0.0,0.0
3433,854.423,-1.2811,9.6202,-1.2354,66.556,4t4d,0.298,0.0,0.0
3434,854.635,-1.2707,9.6471,-1.2361,66.88,4t4d,0.268,0.0,0.0
3435,854.845,-1.2431,9.7183,-1.2384,67.347,4t4d,0.268,0.0,0.0
3436,855.056,-1.2231,9.7672,-1.2384,67.345,4t4d,0.291,0.0,0.0
3437,855.288,-1.2035,9.8169,-1.2387,67.358,4t4d,0.3,0.0,0.0
3438,855.503,-1.1715,9.8962,-1.2399,67.57,4t4d,0.266,0.0,0.0
3439,855.722,-1.1532,9.9413,-1.241,67.491,4t4d,0.278,0.0,0.0
3440,855.933,-1.1327,9.9921,-1.2416,67.556,4t4d,0.267,0.0,0.0
3441,856.139,-1.11,10.0491,-1.2413,67.567,4t4d,0.281,0.0,0.0
3442,856.351,-1.0901,10.0992,-1.2417,67.494,4t4d,0.263,0.0,0.0
3443,856.56,-1.0568,10.183,-1.2415,67.567,4t4d,0.276,0.0,0.0
3444,856.786,-1.0352,10.2382,-1.241,67.592,4t4d,0.299,0.0,0.0
3445,856.998,-1.0134,10.2927,-1.2413,67.593,4t4d,0.289,0.0,0.0
3446,857.209,-0.9937,10.3424,-1.2401,67.615,4t4d,0.297,0.0,0.0
3447,857.421,-0.9744,10.3933,-1.2402,67.67,4t4d,0.325,0.0,0.0
3448,857.631,-0.9553,10.4416,-1.2405,67.546,4t4d,0.313,0.0,0.0
3449,857.845,-0.9291,10.5087,-1.2418,67.398,4t4d,0.303,0.0,0.0
3450,858.056,-0.907,10.5651,-1.242,67.488,4t4d,0.284,0.0,0.0
3451,858.265,-0.8888,10.6105,-1.2424,67.226,4t4d,0.307,0.0,0.0
3452,858.475,-0.8689,10.6608,-1.2422,67.122,4t4d,0.255,0.0,0.0
3453,858.691,-0.8508,10.7065,-1.2423,67.0,4t4d,0.268,0.0,0.0
3454,858.914,-0.8306,10.7571,-1.2428,66.991,4t4d,0.26,0.0,0.0
3455,859.127,-0.8014,10.8292,-1.2434,67.027,4t4d,0.295,0.0,0.0
3456,859.336,-0.7823,10.8765,-1.2435,67.046,4t4d,0.277,0.0,0.0
3457,859.547,-0.7639,10.9217,-1.2441,66.981,4t4d,0.223,0.0,0.0
3458,859.764,-0.754,10.9463,-1.2445,67.014,4t4d,0.268,0.0,0.0
3459,859.976,-0.7248,11.0175,-1.2447,66.851,4t4d,0.272,0.0,0.0
3460,860.189,-0.6961,11.0845,-1.246,66.281,4t4d,0.255,0.0,0.0
3461,860.4,-0.6754,11.1344,-1.2467,66.193,4t4d,0.239,0.0,0.0
3462,860.625,-0.6546,11.1832,-1.2479,66.228,4t4d,0.246,0.0,0.0
3463,860.837,-0.6327,11.2345,-1.2469,66.031,4t4d,0.258,0.0,0.0
3464,861.043,-0.603,11.3055,-1.2467,66.099,4t4d,0.271,0.0,0.0
3465,861.249,-0.5926,11.3301,-1.2468,66.223,4t4d,0.243,0.0,0.0
3466,861.455,-0.5634,11.4013,-1.2472,66.575,4t4d,0.259,0.0,0.0
3467,861.666,-0.5425,11.4539,-1.2475,66.63,4t4d,0.267,0.0,0.0
3468,861.875,-0.534,11.4744,-1.2479,66.629,4t4d,0.274,0.0,0.0
3469,862.088,-0.5062,11.5421,-1.2491,66.612,4t4d,0.286,0.0,0.0
3470,862.318,-0.4891,11.585,-1.2491,66.858,4t4d,0.246,0.0,0.0
3471,862.526,-0.4625,11.6544,-1.2489,67.64,4t4d,0.228,0.0,0.0
3472,862.736,-0.4459,11.6967,-1.2489,67.638,4t4d,0.281,0.0,0.0
3473,862.948,-0.4278,11.7431,-1.2487,67.619,4t4d,0.243,0.0,0.0
3474,863.16,-0.4097,11.7898,-1.2498,67.566,4t4d,0.24,0.0,0.0
3475,863.371,-0.3935,11.831,-1.2497,67.727,4t4d,0.214,0.0,0.0
3476,863.58,-0.3759,11.8797,-1.2493,68.597,4t4d,0.239,0.0,3.09
3477,863.789,-0.3521,11.9449,-1.25,69.492,4t4d,0.238,0.0,0.0
3478,864.004,-0.3362,11.99,-1.2511,69.49,4t4d,0.237,0.0,0.0
3479,864.229,-0.3201,12.0371,-1.2517,70.217,4t4d,0.227,0.0,0.0
3480,864.44,-0.3062,12.0822,-1.2513,71.03,4t4d,0.242,0.0,0.0
3481,864.649,-0.2907,12.1299,-1.2513,71.044,4t4d,0.247,0.0,4.61
3482,864.858,-0.2698,12.1991,-1.2521,71.07,4t4d,0.244,0.0,4.38
3483,865.08,-0.2619,12.2261,-1.2526,71.096,4t4d,0.219,0.0,0.0
3484,865.292,-0.2416,12.2903,-1.2528,71.098,4t4d,0.229,0.0,5.03
3485,865.518,-0.2268,12.3374,-1.2534,71.099,4t4d,0.253,0.0,5.84
3486,865.734,-0.2138,12.3789,-1.2537,71.114,4t4d,0.256,0.0,0.0
3487,865.943,-0.1929,12.4433,-1.2546,70.957,4t4d,0.238,0.0,0.0
3488,866.154,-0.1799,12.4846,-1.255,70.754,4t4d,0.24,0.0,0.0
3489,866.362,-0.1649,12.5294,-1.2561,70.389,4t4d,0.236,0.0,0.0
3490,866.571,-0.1505,12.5661,-1.2576,69.109,4t4d,0.243,0.0,0.0
3491,866.781,-0.1339,12.6068,-1.258,67.754,4t4d,0.228,0.0,0.0
3492,866.991,-0.1172,12.6494,-1.2581,67.415,4t4d,0.231,0.0,0.0
3493,867.208,-0.1,12.6928,-1.2588,67.389,4t4d,0.223,0.0,0.0
3494,867.427,-0.0821,12.7379,-1.2591,67.287,4t4d,0.236,0.0,0.0
3495,867.643,-0.0569,12.8014,-1.2596,67.188,4t4d,0.224,0.0,-5.6
3496,867.853,-0.0397,12.8453,-1.2601,67.178,4t4d,0.202,0.0,-7.04
3497,868.06,-0.0208,12.8911,-1.2604,67.217,4t4d,0.226,0.0,0.0
3498,868.269,-0.0033,12.9324,-1.2612,67.175,4t4d,0.241,0.0,0.0
3499,868.48,0.0223,12.9997,-1.2605,67.13,4t4d,0.244,0.0,0.0
3500,868.69,0.0385,13.0406,-1.2613,67.102,4t4d,0.217,0.0,0.0
3501,868.901,0.0545,13.0807,-1.2614,67.035,4t4d,0.215,0.0,0.0
3502,869.125,0.0711,13.1211,-1.2634,66.988,4t4d,0.242,0.0,0.0
3503,869.338,0.0953,13.1797,-1.2646,66.923,4t4d,0.245,0.0,0.0
3504,869.554,0.1089,13.2122,-1.2653,66.891,4t4d,0.249,0.0,0.0
3505,869.773,0.1215,13.2433,-1.2652,66.877,4t4d,0.228,0.0,0.0
3506,869.989,0.1273,13.2581,-1.2655,66.876,4t4d,0.242,0.0,0.0
3507,870.199,0.1376,13.282,-1.2652,66.84,4t4d,0.24,0.0,0.0
3508,870.41,0.1436,13.2968,-1.2655,66.827,4t4d,0.187,0.0,0.0
3509,870.626,0.1516,13.3169,-1.2658,66.833,4t4d,0.184,0.0,0.0
3510,870.841,0.1602,13.3375,-1.266,66.816,4t4d,0.175,0.0,0.0
3511,871.05,0.1676,13.356,-1.266,66.796,4t4d,0.159,0.0,0.0
3512,871.264,0.1751,13.3739,-1.2662,66.78,4t4d,0.11,0.0,0.0
3513,871.473,0.1815,13.3895,-1.2663,66.768,4t4d,0.066,0.0,0.0
3514,871.681,0.1917,13.4145,-1.2665,66.731,4t4d,0.062,0.0,0.0
3515,871.891,0.1983,13.4304,-1.2666,66.718,4t4d,0.109,0.0,0.0
3516,872.101,0.2059,13.4498,-1.2673,66.732,4t4d,0.096,0.0,0.0
3517,872.319,0.2125,13.4675,-1.2676,66.715,4t4d,0.091,0.0,0.0
3518,872.524,0.2186,13.4835,-1.268,66.721,4t4d,0.083,0.0,0.0
3519,872.731,0.2225,13.4934,-1.2686,66.718,4t4d,0.088,0.0,0.0
3520,872.943,0.2332,13.5191,-1.2677,66.785,4t4d,0.096,0.0,0.0
3521,873.153,0.2434,13.5432,-1.2671,66.76,4t4d,0.091,0.0,0.0
3522,873.361,0.2494,13.5575,-1.2672,66.769,4t4d,0.063,0.0,0.0
3523,873.579,0.2553,13.5724,-1.2673,66.754,4t4d,0.077,0.0,0.0
3524,873.794,0.2614,13.5874,-1.2675,66.739,4t4d,0.12,0.0,0.0
3525,874.02,0.267,13.6008,-1.2675,66.724,4t4d,0.111,0.0,0.0
3526,874.231,0.2717,13.612,-1.2673,66.721,4t4d,0.098,0.0,0.0
3527,874.437,0.2805,13.6337,-1.2681,66.683,4t4d,0.074,0.0,0.0
3528,874.643,0.2862,13.6481,-1.2681,66.662,4t4d,0.08,0.0,0.0
3529,874.858,0.2913,13.6616,-1.2686,66.659,4t4d,0.083,0.0,0.0
3530,875.069,0.2968,13.6754,-1.2688,66.627,4t4d,0.069,0.0,0.0
3531,875.285,0.3026,13.6899,-1.2682,66.652,4t4d,0.06,0.0,0.0
3532,875.514,0.3104,13.71,-1.2681,67.045,4t4d,0.071,0.0,0.0
3533,875.742,0.3162,13.7247,-1.2679,67.179,4t4d,0.086,0.0,0.0
3534,875.964,0.3212,13.7375,-1.2679,67.26,4t4d,0.07,0.0,0.0
3535,876.175,0.3295,13.759,-1.268,67.313,4t4d,0.099,0.0,0.0
3536,876.384,0.3345,13.7716,-1.2681,67.326,4t4d,0.076,0.0,0.0
3537,876.594,0.3394,13.784,-1.2684,67.36,4t4d,0.077,0.0,0.0
3538,876.805,0.3436,13.7946,-1.2685,67.38,4t4d,0.081,0.0,0.0
3539,877.019,0.347,13.8033,-1.2688,67.411,4t4d,0.07,0.0,0.0
3540,877.247,0.3543,13.8219,-1.2696,67.383,4t4d,0.079,0.0,0.0
3541,877.467,0.356,13.8264,-1.2696,67.394,4t4d,0.071,0.0,0.0
3542,877.688,0.3632,13.8451,-1.2695,67.426,4t4d,0.062,0.0,0.0
3543,877.898,0.3682,13.858,-1.2696,67.443,4t4d,0.06,0.0,0.0
3544,878.111,0.3724,13.8688,-1.2701,67.441,4t4d,0.056,0.0,0.0
3545,878.332,0.3787,13.8849,-1.27,67.462,4t4d,0.059,0.0,0.0
3546,878.581,0.3825,13.8945,-1.2699,67.483,4t4d,0.054,0.0,0.0
3547,878.796,0.3867,13.9053,-1.2703,67.509,4t4d,0.082,0.0,0.0
3548,879.012,0.3911,13.9171,-1.2709,67.507,4t4d,0.08,0.0,0.0
3549,879.229,0.3973,13.933,-1.271,67.506,4t4d,0.073,0.0,0.0
3550,879.442,0.3991,13.9375,-1.2712,67.505,4t4d,0.039,0.0,0.0
3551,879.657,0.4053,13.9536,-1.2717,67.5,4t4d,0.043,0.0,0.0
3552,879.869,0.4098,13.9647,-1.2719,67.508,4t4d,0.059,0.0,0.0
3553,880.078,0.4141,13.9757,-1.272,67.499,4t4d,0.076,0.0,0.0
3554,880.289,0.4206,13.9923,-1.2719,67.497,4t4d,0.068,0.0,0.0
3555,880.499,0.425,14.0037,-1.2721,67.421,4t4d,0.067,0.0,0.0
3556,880.709,0.4298,14.0161,-1.2722,67.381,4t4d,0.055,0.0,0.0
3557,880.921,0.4363,14.033,-1.2721,67.368,4t4d,0.052,0.0,0.0
3558,881.134,0.443,14.0506,-1.2731,67.331,4t4d,0.059,0.0,0.0
3559,881.345,0.4515,14.0726,-1.2736,67.296,4t4d,0.06,0.0,0.0
3560,881.555,0.4574,14.0879,-1.2745,67.281,4t4d,0.071,0.0,0.0
3561,881.766,0.4626,14.1017,-1.275,67.283,4t4d,0.07,0.0,0.0
3562,881.975,0.4675,14.1143,-1.2753,67.282,4t4d,0.101,0.0,0.0
3563,882.188,0.4729,14.128,-1.2754,67.292,4t4d,0.094,0.0,0.0
3564,882.398,0.4782,14.1414,-1.2752,67.287,4t4d,0.09,0.0,0.0
3565,882.611,0.4857,14.1608,-1.2751,67.275,4t4d,0.103,0.0,0.0
3566,882.83,0.488,14.1672,-1.275,67.274,4t4d,0.066,0.0,0.0
3567,883.042,0.4961,14.1888,-1.2759,67.284,4t4d,0.06,0.0,0.0
3568,883.261,0.5004,14.2008,-1.2761,67.29,4t4d,0.081,0.0,0.0
3569,883.47,0.5059,14.2146,-1.2762,67.287,4t4d,0.077,0.0,0.0
3570,883.679,0.5116,14.2283,-1.2764,67.284,4t4d,0.067,0.0,0.0
3571,883.898,0.5168,14.2418,-1.2759,67.288,4t4d,0.073,0.0,0.0
3572,884.124,0.5256,14.2639,-1.2765,67.295,4t4d,0.074,0.0,0.0
3573,884.337,0.5311,14.2766,-1.2766,67.31,4t4d,0.085,0.0,0.0
3574,884.546,0.5362,14.2888,-1.2767,67.322,4t4d,0.069,0.0,0.0
3575,884.756,0.5416,14.3024,-1.277,67.331,4t4d,0.091,0.0,0.0
3576,884.967,0.5491,14.3221,-1.2769,67.353,4t4d,0.099,0.0,0.0
3577,885.177,0.5511,14.3271,-1.2768,67.369,4t4d,0.063,0.0,0.0
3578,885.39,0.5594,14.3486,-1.2767,67.378,4t4d,0.065,0.0,0.0
3579,885.603,0.565,14.3626,-1.2767,67.377,4t4d,0.054,0.0,0.0
3580,885.818,0.5741,14.3861,-1.2771,67.386,4t4d,0.08,0.0,0.0
3581,886.03,0.5796,14.3999,-1.2772,67.381,4t4d,0.069,0.0,0.0
3582,886.25,0.5843,14.4126,-1.2776,67.379,4t4d,0.065,0.0,0.0
3583,886.471,0.5891,14.4249,-1.2778,67.371,4t4d,0.072,0.0,0.0
3584,886.68,0.5952,14.4402,-1.2775,67.384,4t4d,0.079,0.0,0.0
3585,886.893,0.6028,14.4598,-1.2778,67.397,4t4d,0.093,0.0,0.0
3586,887.112,0.6079,14.4727,-1.2781,67.419,4t4d,0.087,0.0,0.0
3587,887.327,0.613,14.4863,-1.2786,67.432,4t4d,0.06,0.0,0.0
3588,887.542,0.6183,14.4998,-1.279,67.448,4t4d,0.092,0.0,0.0
3589,887.751,0.6233,14.5131,-1.2793,67.465,4t4d,0.087,0.0,0.0
3590,887.975,0.63,14.5306,-1.2795,67.488,4t4d,0.056,0.0,0.0
3591,888.184,0.6359,14.5462,-1.2793,67.512,4t4d,0.064,0.0,0.0
3592,888.395,0.643,14.5656,-1.2788,67.543,4t4d,0.082,0.0,0.0
3593,888.605,0.6488,14.5796,-1.2784,67.551,4t4d,0.078,0.0,0.0
3594,888.815,0.6537,14.5925,-1.2783,67.558,4t4d,0.066,0.0,0.0
3595,889.025,0.662,14.6149,-1.2774,67.569,4t4d,0.093,0.0,0.0
3596,889.243,0.6681,14.6305,-1.277,67.516,4t4d,0.088,0.0,0.0
3597,889.458,0.6746,14.6478,-1.2769,67.506,4t4d,0.061,0.0,0.0
3598,889.68,0.6816,14.6655,-1.2767,67.49,4t4d,0.087,0.0,0.0
3599,889.897,0.6897,14.6862,-1.2767,67.486,4t4d,0.061,0.0,0.0
3600,890.104,0.7016,14.7178,-1.2776,67.478,4t4d,0.056,0.0,0.0
3601,890.319,0.7089,14.7365,-1.278,67.474,4t4d,0.092,0.0,0.0
3602,890.53,0.7146,14.7515,-1.2779,67.346,4t4d,0.098,0.0,0.0
3603,890.743,0.7222,14.7711,-1.2781,67.386,4t4d,0.096,0.0,0.0
3604,890.961,0.728,14.786,-1.2779,67.368,4t4d,0.109,0.0,0.0
3605,891.172,0.7342,14.8024,-1.28,67.258,4t4d,0.127,0.0,0.0
3606,891.384,0.7439,14.8274,-1.28,67.316,4t4d,0.106,0.0,0.0
3607,891.596,0.7509,14.8449,-1.2804,67.257,4t4d,0.083,0.0,0.0
3608,891.836,0.7576,14.8618,-1.2809,67.324,4t4d,0.099,0.0,0.0
3609,892.048,0.7651,14.8813,-1.2808,67.242,4t4d,0.081,0.0,0.0
3610,892.263,0.7757,14.9081,-1.2817,67.211,4t4d,0.088,0.0,0.0
3611,892.473,0.7835,14.9264,-1.2824,67.245,4t4d,0.076,0.0,0.0
3612,892.687,0.7904,14.9435,-1.2829,67.38,4t4d,0.101,0.0,0.0
3613,892.896,0.7971,14.961,-1.2836,67.351,4t4d,0.097,0.0,0.0
3614,893.108,0.8041,14.9786,-1.284,67.362,4t4d,0.101,0.0,0.0
3615,893.325,0.8106,14.9965,-1.2832,67.358,4t4d,0.082,0.0,0.0
3616,893.543,0.8213,15.0237,-1.2831,67.342,4t4d,0.101,0.0,0.0
3617,893.768,0.828,15.0415,-1.2833,67.427,4t4d,0.094,0.0,0.0
3618,893.984,0.8359,15.0622,-1.2833,67.826,4t4d,0.107,0.0,0.0
3619,894.203,0.844,15.0825,-1.283,68.195,4t4d,0.095,0.0,0.0
3620,894.422,0.8564,15.1133,-1.2833,68.293,4t4d,0.098,0.0,0.0
3621,894.633,0.8654,15.1367,-1.2845,68.357,4t4d,0.068,0.0,0.0
3622,894.845,0.8728,15.1558,-1.2846,68.368,4t4d,0.09,0.0,1.07
3623,895.055,0.88,15.1748,-1.2844,68.387,4t4d,0.103,0.0,0.0
3624,895.264,0.8918,15.2061,-1.284,68.361,4t4d,0.108,0.0,1.82
3625,895.491,0.8994,15.2263,-1.2841,68.354,4t4d,0.106,0.0,0.0
3626,895.7,0.9068,15.246,-1.2843,68.251,4t4d,0.125,0.0,0.0
3627,895.915,0.9142,15.2652,-1.2845,68.016,4t4d,0.08,0.0,0.0
3628,896.123,0.9221,15.2853,-1.2851,67.969,4t4d,0.096,0.0,0.0
3629,896.336,0.9298,15.3059,-1.2857,67.959,4t4d,0.121,0.0,0.0
3630,896.55,0.9404,15.3342,-1.2854,67.951,4t4d,0.097,0.0,0.0
3631,896.765,0.9437,15.3431,-1.2856,67.964,4t4d,0.109,0.0,0.0
3632,896.978,0.9563,15.3743,-1.285,67.941,4t4d,0.114,0.0,0.0
3633,897.216,0.9644,15.395,-1.285,67.925,4t4d,0.112,0.0,0.0
3634,897.433,0.976,15.425,-1.2847,67.885,4t4d,0.113,0.0,0.0
3635,897.644,0.9841,15.4467,-1.2852,67.852,4t4d,0.138,0.0,0.0
3636,897.856,0.9913,15.4665,-1.2856,67.82,4t4d,0.088,0.0,0.0
3637,898.064,0.9991,15.4874,-1.2863,67.796,4t4d,0.095,0.0,0.0
3638,898.271,1.0046,15.503,-1.2867,67.764,4t4d,0.121,0.0,0.0
3639,898.484,1.014,15.5272,-1.2866,67.749,4t4d,0.13,0.0,0.0
3640,898.698,1.0257,15.5575,-1.2868,67.686,4t4d,0.119,0.0,0.0
3641,898.912,1.0352,15.5829,-1.2869,67.767,4t4d,0.101,0.0,0.0
3642,899.133,1.0399,15.5952,-1.2872,67.764,4t4d,0.108,0.0,0.0
3643,899.339,1.0557,15.6356,-1.2877,67.751,4t4d,0.073,0.0,0.0
3644,899.549,1.0729,15.6801,-1.2887,67.719,4t4d,0.162,0.0,0.0
3645,899.76,1.0772,15.6919,-1.2889,67.727,4t4d,0.129,0.0,0.0
3646,899.971,1.0915,15.7294,-1.2887,67.716,4t4d,0.129,0.0,0.0
3647,900.182,1.1013,15.7543,-1.2881,67.662,4t4d,0.136,0.0,0.0
3648,900.394,1.1116,15.7807,-1.2886,67.618,4t4d,0.148,0.0,0.0
3649,900.603,1.1239,15.8124,-1.2883,67.55,4t4d,0.163,0.0,0.0
3650,900.817,1.1358,15.8429,-1.2885,67.485,4t4d,0.149,0.0,0.0
3651,901.026,1.1517,15.8839,-1.2891,66.956,4t4d,0.138,0.0,0.0
3652,901.24,1.1648,15.9129,-1.2901,65.58,4t4d,0.146,0.0,0.0
3653,901.45,1.1702,15.9231,-1.2911,64.867,4t4d,0.134,0.0,0.0
3654,901.664,1.189,15.9616,-1.2924,63.63,4t4d,0.148,0.0,0.0
3655,901.881,1.2015,15.9882,-1.2924,63.495,4t4d,0.174,0.0,0.0
3656,902.092,1.2236,16.0349,-1.2911,64.053,4t4d,0.161,0.0,0.0
3657,902.308,1.2358,16.0639,-1.2917,65.567,4t4d,0.155,0.0,-5.73
3658,902.519,1.2414,16.0777,-1.2916,65.671,4t4d,0.146,0.0,-5.73
3659,902.741,1.2537,16.1071,-1.2917,65.762,4t4d,0.156,0.0,-3.16
3660,902.95,1.2722,16.1515,-1.2916,65.796,4t4d,0.148,0.0,0.0
3661,903.16,1.2846,16.1816,-1.2916,65.817,4t4d,0.143,0.0,3.92
3662,903.37,1.3043,16.2282,-1.292,65.819,4t4d,0.163,0.0,7.13
3663,903.582,1.3181,16.2603,-1.2928,65.858,4t4d,0.122,0.0,0.0
3664,903.793,1.3246,16.2753,-1.2929,65.877,4t4d,0.145,0.0,0.0
3665,904.005,1.3381,16.3063,-1.2935,65.871,4t4d,0.165,0.0,0.0
3666,904.218,1.3602,16.3541,-1.2955,66.619,4t4d,0.157,0.0,0.0
3667,904.429,1.3799,16.4046,-1.2956,67.424,4t4d,0.168,0.0,0.0
3668,904.64,1.3919,16.4352,-1.2952,67.433,4t4d,0.181,0.0,0.0
3669,904.851,1.406,16.4716,-1.2955,67.444,4t4d,0.169,0.0,0.0
3670,905.057,1.4183,16.5039,-1.2959,67.462,4t4d,0.135,0.0,0.0
3671,905.269,1.4314,16.5375,-1.2964,67.455,4t4d,0.177,0.0,3.33
3672,905.482,1.4378,16.5539,-1.2966,67.492,4t4d,0.183,0.0,3.9
3673,905.694,1.457,16.6034,-1.2962,67.557,4t4d,0.179,0.0,0.0
3674,905.905,1.4772,16.6525,-1.2974,67.634,4t4d,0.171,0.0,0.0
3675,906.118,1.4844,16.6702,-1.2969,67.629,4t4d,0.172,0.0,0.0
3676,906.34,1.497,16.7019,-1.2974,67.612,4t4d,0.187,0.0,0.0
3677,906.551,1.5215,16.7659,-1.2979,67.651,4t4d,0.189,0.0,0.0
3678,906.761,1.5276,16.7818,-1.2979,67.67,4t4d,0.184,0.0,0.0
3679,906.971,1.547,16.8322,-1.2983,67.61,4t4d,0.173,0.0,0.0
3680,907.193,1.5538,16.8501,-1.2976,67.598,4t4d,0.179,0.0,0.0
3681,907.417,1.5733,16.9007,-1.2977,67.634,4t4d,0.168,0.0,0.0
3682,907.641,1.5864,16.935,-1.298,67.651,4t4d,0.173,0.0,0.0
3683,907.853,1.6056,16.9845,-1.2989,67.694,4t4d,0.168,0.0,0.0
3684,908.064,1.618,17.017,-1.2989,67.778,4t4d,0.196,0.0,0.0
3685,908.279,1.6311,17.0505,-1.2975,67.883,4t4d,0.196,0.0,0.0
3686,908.494,1.6374,17.0673,-1.2976,67.9,4t4d,0.197,0.0,0.0
3687,908.703,1.6568,17.1176,-1.2979,67.8,4t4d,0.17,0.0,0.0
3688,908.913,1.6705,17.1523,-1.2985,67.792,4t4d,0.197,0.0,0.0
3689,909.123,1.6896,17.2023,-1.2979,67.784,4t4d,0.168,0.0,0.0
3690,909.339,1.7026,17.2359,-1.2996,67.681,4t4d,0.187,0.0,0.0
3691,909.548,1.7144,17.268,-1.3011,67.651,4t4d,0.189,0.0,0.0
3692,909.759,1.7281,17.3031,-1.3017,67.586,4t4d,0.187,0.0,0.0
3693,909.969,1.7407,17.3366,-1.3028,67.572,4t4d,0.177,0.0,0.0
3694,910.179,1.7598,17.3871,-1.3043,67.685,4t4d,0.165,0.0,0.0
3695,910.388,1.7668,17.4042,-1.3049,67.645,4t4d,0.193,0.0,0.0
3696,910.597,1.7852,17.4535,-1.3039,67.664,4t4d,0.185,0.0,0.0
3697,910.807,1.798,17.4857,-1.3041,67.665,4t4d,0.18,0.0,0.0
3698,911.023,1.8047,17.5031,-1.3045,67.665,4t4d,0.188,0.0,0.0
3699,911.243,1.8251,17.5553,-1.3054,67.678,4t4d,0.199,0.0,0.0
3700,911.453,1.8443,17.6043,-1.3062,67.795,4t4d,0.192,0.0,0.0
3701,911.665,1.8576,17.6373,-1.3065,67.781,4t4d,0.154,0.0,0.0
3702,911.875,1.8706,17.6694,-1.3068,67.726,4t4d,0.154,0.0,0.0
3703,912.085,1.8829,17.701,-1.3074,67.737,4t4d,0.189,0.0,0.0
3704,912.295,1.8968,17.7369,-1.308,67.713,4t4d,0.184,0.0,0.0
3705,912.507,1.9102,17.7689,-1.3082,67.645,4t4d,0.207,0.0,0.0
3706,912.726,1.9294,17.8196,-1.3083,68.392,4t4d,0.191,0.0,0.0
3707,912.938,1.9425,17.8551,-1.3088,68.471,4t4d,0.16,0.0,0.0
3708,913.16,1.9544,17.8878,-1.3087,68.446,4t4d,0.17,0.0,0.0
3709,913.37,1.9664,17.9197,-1.3087,68.44,4t4d,0.179,0.0,0.0
3710,913.582,1.9783,17.9509,-1.309,68.492,4t4d,0.167,0.0,0.0
3711,913.794,1.9893,17.9795,-1.3092,68.487,4t4d,0.185,0.0,3.39
3712,914.008,2.0049,18.0234,-1.3096,68.866,4t4d,0.185,0.0,0.0
3713,914.225,2.0152,18.0518,-1.3102,68.868,4t4d,0.177,0.0,0.0
3714,914.447,2.0259,18.081,-1.3101,68.971,4t4d,0.18,0.0,0.0
3715,914.654,2.0358,18.1082,-1.3101,68.998,4t4d,0.152,0.0,0.0
3716,914.86,2.0516,18.1498,-1.3104,68.638,4t4d,0.164,0.0,0.0
3717,915.069,2.0622,18.1762,-1.3106,68.081,4t4d,0.171,0.0,0.0
3718,915.279,2.0732,18.2027,-1.3111,67.628,4t4d,0.152,0.0,0.0
3719,915.49,2.0829,18.2275,-1.3123,67.254,4t4d,0.149,0.0,0.0
3720,915.7,2.0922,18.2498,-1.3129,67.214,4t4d,0.147,0.0,0.0
3721,915.911,2.1026,18.275,-1.3135,67.203,4t4d,0.135,0.0,0.0
3722,916.119,2.1118,18.2985,-1.315,67.097,4t4d,0.15,0.0,-2.77
3723,916.33,2.1253,18.332,-1.3159,66.943,4t4d,0.146,0.0,-2.62
3724,916.553,2.1325,18.3505,-1.3144,66.907,4t4d,0.154,0.0,-2.69
3725,916.765,2.1361,18.3587,-1.315,66.812,4t4d,0.13,0.0,0.0
3726,916.978,2.1352,18.3577,-1.3144,66.994,4t4d,0.153,0.0,0.0
3727,917.188,2.135,18.3576,-1.3144,67.128,4t4d,0.153,0.0,0.0
3728,917.398,2.1345,18.3572,-1.3148,67.083,4t4d,0.096,0.0,0.0
3729,917.614,2.1319,18.3499,-1.3148,67.087,4t4d,0.118,0.0,0.0
3730,917.848,2.1254,18.3338,-1.3154,67.141,4t4d,0.11,0.0,0.0
3731,918.061,2.1187,18.3172,-1.3153,67.145,4t4d,-0.02,0.0,0.0
3732,918.271,2.1118,18.3006,-1.3149,67.255,4t4d,0.018,0.0,0.0
3733,918.479,2.1031,18.2786,-1.3143,67.305,4t4d,0.008,0.0,0.0
3734,918.688,2.0899,18.2462,-1.3137,67.262,4t4d,-0.02,0.0,0.0
3735,918.909,2.0781,18.216,-1.3123,67.41,4t4d,-0.082,0.0,0.0
3736,919.12,2.0651,18.1835,-1.3116,67.366,4t4d,-0.121,0.0,0.0
3737,919.33,2.0521,18.1501,-1.3105,67.392,4t4d,-0.086,0.0,0.0
3738,919.551,2.0377,18.115,-1.3103,67.386,4t4d,-0.113,0.0,0.0
3739,919.765,2.0184,18.0676,-1.3104,67.434,4t4d,-0.106,0.0,0.0
3740,919.973,2.0066,18.0381,-1.31,67.472,4t4d,-0.17,0.0,0.0
3741,920.185,1.9954,18.0092,-1.3096,67.539,4t4d,-0.176,0.0,0.0
3742,920.396,1.9828,17.9775,-1.3096,67.441,4t4d,-0.186,0.0,0.0
3743,920.607,1.964,17.9293,-1.3104,67.599,4t4d,-0.18,0.0,0.0
3744,920.817,1.9579,17.9144,-1.3101,67.623,4t4d,-0.171,0.0,0.0
3745,921.03,1.9405,17.8696,-1.3106,67.697,4t4d,-0.142,0.0,0.0
3746,921.245,1.9293,17.8401,-1.3107,67.762,4t4d,-0.163,0.0,0.0
3747,921.461,1.9174,17.8099,-1.3107,67.825,4t4d,-0.164,0.0,0.0
3748,921.671,1.906,17.7807,-1.3107,67.855,4t4d,-0.166,0.0,0.0
3749,921.88,1.8947,17.7497,-1.3107,67.179,4t4d,-0.164,0.0,0.0
3750,922.093,1.8775,17.705,-1.3097,66.675,4t4d,-0.165,0.0,0.0
3751,922.303,1.8661,17.6767,-1.309,66.67,4t4d,-0.169,0.0,0.0
3752,922.515,1.8605,17.6627,-1.3089,66.692,4t4d,-0.173,0.0,0.0
3753,922.73,1.8491,17.6342,-1.3084,66.681,4t4d,-0.17,0.0,0.0
3754,922.939,1.8319,17.5927,-1.3082,66.88,4t4d,-0.148,0.0,-4.26
3755,923.149,1.8134,17.5463,-1.3077,66.807,4t4d,-0.15,0.0,0.0
3756,923.36,1.8021,17.5183,-1.3076,66.822,4t4d,-0.157,0.0,0.0
3757,923.569,1.7903,17.4894,-1.3075,66.821,4t4d,-0.154,0.0,0.0
3758,923.782,1.7845,17.4751,-1.3076,66.824,4t4d,-0.153,0.0,0.0
3759,923.999,1.7671,17.4321,-1.3078,66.813,4t4d,-0.154,0.0,0.0
3760,924.211,1.7497,17.3889,-1.3071,66.794,4t4d,-0.148,0.0,0.0
3761,924.42,1.7382,17.3614,-1.3062,66.694,4t4d,-0.161,0.0,0.0
3762,924.635,1.7323,17.347,-1.3057,66.661,4t4d,-0.141,0.0,0.0
3763,924.847,1.7205,17.3179,-1.3052,66.678,4t4d,-0.15,0.0,0.0
3764,925.071,1.7082,17.2883,-1.3047,66.652,4t4d,-0.159,0.0,0.0
3765,925.284,1.6893,17.2426,-1.3044,66.634,4t4d,-0.174,0.0,0.0
3766,925.493,1.6781,17.2147,-1.3029,66.508,4t4d,-0.17,0.0,0.0
3767,925.718,1.6606,17.1718,-1.3026,66.512,4t4d,-0.156,0.0,0.0
3768,925.931,1.6481,17.141,-1.3019,66.533,4t4d,-0.15,0.0,0.0
3769,926.149,1.6359,17.111,-1.3011,66.533,4t4d,-0.174,0.0,0.0
3770,926.368,1.6241,17.0819,-1.3006,66.525,4t4d,-0.169,0.0,0.0
3771,926.584,1.6054,17.0373,-1.3009,66.581,4t4d,-0.168,0.0,0.0
3772,926.801,1.5921,17.0053,-1.3012,66.555,4t4d,-0.178,0.0,0.0
3773,927.028,1.5803,16.9768,-1.3012,66.518,4t4d,-0.171,0.0,0.0
3774,927.238,1.5678,16.9463,-1.3012,66.501,4t4d,-0.17,0.0,0.0
3775,927.448,1.5554,16.9157,-1.3009,66.487,4t4d,-0.158,0.0,0.0
3776,927.656,1.5435,16.8861,-1.3003,66.48,4t4d,-0.163,0.0,0.0
3777,927.866,1.5247,16.8399,-1.3005,66.457,4t4d,-0.157,0.0,0.0
3778,928.087,1.5126,16.8108,-1.3001,66.477,4t4d,-0.139,0.0,0.0
3779,928.297,1.4991,16.7783,-1.2995,66.489,4t4d,-0.189,0.0,0.0
3780,928.511,1.4864,16.7468,-1.299,66.489,4t4d,-0.18,0.0,0.0
3781,928.724,1.467,16.6987,-1.2986,66.501,4t4d,-0.177,0.0,0.0
3782,928.95,1.4599,16.6811,-1.2992,66.469,4t4d,-0.137,0.0,0.0
3783,929.171,1.4409,16.6351,-1.2992,66.577,4t4d,-0.188,0.0,0.0
3784,929.382,1.4265,16.6005,-1.2993,66.51,4t4d,-0.18,0.0,0.0
3785,929.592,1.4059,16.5528,-1.2989,67.321,4t4d,-0.167,0.0,0.0
3786,929.8,1.3988,16.5363,-1.2987,67.656,4t4d,-0.158,0.0,0.0
3787,930.009,1.3803,16.4894,-1.2981,67.815,4t4d,-0.177,0.0,0.0
3788,930.228,1.3739,16.4732,-1.298,67.882,4t4d,-0.192,0.0,0.0
3789,930.438,1.3573,16.4312,-1.2979,68.82,4t4d,-0.155,0.0,0.0
3790,930.65,1.3466,16.4008,-1.2977,69.137,4t4d,-0.175,0.0,2.63
3791,930.858,1.3307,16.3566,-1.2975,69.216,4t4d,-0.179,0.0,0.0
3792,931.082,1.32,16.3276,-1.2974,69.257,4t4d,-0.179,0.0,0.0
3793,931.296,1.3102,16.3005,-1.2972,69.311,4t4d,-0.185,0.0,0.0
3794,931.508,1.2994,16.2708,-1.2968,69.362,4t4d,-0.156,0.0,4.06
3795,931.72,1.2806,16.2177,-1.296,69.398,4t4d,-0.163,0.0,0.0
3796,931.949,1.2682,16.1821,-1.2958,69.442,4t4d,-0.16,0.0,0.0
3797,932.161,1.2573,16.1512,-1.2953,69.486,4t4d,-0.155,0.0,0.0
3798,932.373,1.2515,16.1342,-1.2951,69.506,4t4d,-0.141,0.0,0.0
3799,932.588,1.2369,16.0915,-1.294,68.761,4t4d,-0.181,0.0,0.0
3800,932.802,1.2282,16.0681,-1.2939,68.551,4t4d,-0.161,0.0,0.0
3801,933.03,1.2134,16.0289,-1.2936,68.491,4t4d,-0.163,0.0,0.0
3802,933.244,1.2092,16.0177,-1.2935,68.452,4t4d,-0.177,0.0,0.0
3803,933.453,1.1903,15.9682,-1.2935,68.372,4t4d,-0.154,0.0,0.0
3804,933.662,1.185,15.9541,-1.2933,68.373,4t4d,-0.167,0.0,-3.85
3805,933.872,1.1717,15.918,-1.2917,68.344,4t4d,-0.128,0.0,0.0
3806,934.084,1.1631,15.8949,-1.2907,68.275,4t4d,-0.133,0.0,0.0
3807,934.295,1.1564,15.8771,-1.2917,68.169,4t4d,-0.141,0.0,0.0
3808,934.505,1.1474,15.8526,-1.2914,68.228,4t4d,-0.145,0.0,0.0
3809,934.719,1.1328,15.8131,-1.2911,68.363,4t4d,-0.144,0.0,0.0
3810,934.929,1.1228,15.7861,-1.2908,68.332,4t4d,-0.128,0.0,0.0
3811,935.137,1.1073,15.7442,-1.2912,68.386,4t4d,-0.145,0.0,0.0
3812,935.35,1.103,15.7328,-1.2911,68.393,4t4d,-0.145,0.0,0.0
3813,935.56,1.0929,15.7054,-1.2911,68.422,4t4d,-0.145,0.0,0.0
3814,935.793,1.0851,15.684,-1.2905,68.343,4t4d,-0.152,0.0,0.0
3815,936.003,1.0701,15.6445,-1.2898,68.277,4t4d,-0.149,0.0,0.0
3816,936.218,1.0602,15.6178,-1.2893,68.348,4t4d,-0.147,0.0,0.0
3817,936.43,1.0441,15.5759,-1.2886,68.302,4t4d,-0.134,0.0,0.0
3818,936.64,1.034,15.5492,-1.2878,68.182,4t4d,-0.163,0.0,0.0
3819,936.854,1.0253,15.5261,-1.2873,68.258,4t4d,-0.124,0.0,0.0
3820,937.073,1.0148,15.4984,-1.2873,68.246,4t4d,-0.147,0.0,0.0
3821,937.291,1.0002,15.4601,-1.2873,68.28,4t4d,-0.147,0.0,0.0
3822,937.509,0.9962,15.4495,-1.2873,68.282,4t4d,-0.147,0.0,0.0
3823,937.723,0.9822,15.4125,-1.287,68.288,4t4d,-0.157,0.0,0.0
3824,937.939,0.9717,15.3847,-1.2871,68.296,4t4d,-0.144,0.0,0.0
3825,938.149,0.9602,15.3542,-1.2876,68.271,4t4d,-0.165,0.0,0.0
3826,938.363,0.9504,15.3278,-1.2875,68.256,4t4d,-0.133,0.0,0.0
3827,938.575,0.9363,15.2903,-1.2873,68.239,4t4d,-0.102,0.0,0.0
3828,938.791,0.9266,15.2641,-1.2867,68.23,4t4d,-0.132,0.0,0.0
3829,939.002,0.916,15.2363,-1.2861,68.256,4t4d,-0.17,0.0,0.0
3830,939.232,0.9016,15.1977,-1.2857,68.263,4t4d,-0.148,0.0,0.0
3831,939.442,0.8915,15.1704,-1.2862,68.272,4t4d,-0.176,0.0,0.0
3832,939.652,0.8866,15.1564,-1.2861,68.268,4t4d,-0.106,0.0,0.0
3833,939.862,0.8775,15.1318,-1.2854,68.311,4t4d,-0.119,0.0,0.0
3834,940.074,0.8607,15.0871,-1.2846,68.255,4t4d,-0.162,0.0,0.0
3835,940.302,0.8503,15.0599,-1.2844,68.244,4t4d,-0.126,0.0,0.0
3836,940.517,0.8405,15.0336,-1.2841,68.246,4t4d,-0.132,0.0,0.0
3837,940.728,0.8304,15.0066,-1.284,68.252,4t4d,-0.138,0.0,0.0
3838,940.937,0.8159,14.9682,-1.2837,68.261,4t4d,-0.177,0.0,0.0
3839,941.147,0.8061,14.9429,-1.2836,68.219,4t4d,-0.149,0.0,0.0
3840,941.358,0.7982,14.9216,-1.2826,68.172,4t4d,-0.147,0.0,0.0
3841,941.57,0.7889,14.8959,-1.282,68.147,4t4d,-0.14,0.0,0.0
3842,941.78,0.7747,14.8561,-1.2823,67.632,4t4d,-0.141,0.0,0.0
3843,941.99,0.7655,14.8305,-1.2818,67.251,4t4d,-0.158,0.0,0.0
3844,942.202,0.7564,14.8076,-1.281,67.16,4t4d,-0.136,0.0,0.0
3845,942.432,0.745,14.7781,-1.2797,67.149,4t4d,-0.118,0.0,0.0
3846,942.645,0.7324,14.7463,-1.2799,67.163,4t4d,-0.115,0.0,0.0
3847,942.854,0.7193,14.7132,-1.2793,67.047,4t4d,-0.143,0.0,-1.78
3848,943.062,0.7037,14.6747,-1.2786,67.111,4t4d,-0.134,0.0,-2.93
3849,943.272,0.68,14.616,-1.2787,67.17,4t4d,-0.132,0.0,0.0
3850,943.484,0.6715,14.5948,-1.2787,67.146,4t4d,-0.137,0.0,0.0
3851,943.701,0.6587,14.5643,-1.2789,67.222,4t4d,-0.165,0.0,0.0
3852,943.918,0.6354,14.5074,-1.2789,67.159,4t4d,-0.234,0.0,0.0
3853,944.13,0.6128,14.4502,-1.2781,66.937,4t4d,-0.196,0.0,0.0
3854,944.341,0.5985,14.4147,-1.2782,66.791,4t4d,-0.202,0.0,0.0
3855,944.559,0.5831,14.3753,-1.2775,66.752,4t4d,-0.182,0.0,0.0
3856,944.767,0.5684,14.3392,-1.2771,66.777,4t4d,-0.216,0.0,0.0
3857,944.976,0.5522,14.2991,-1.2768,66.727,4t4d,-0.198,0.0,0.0
3858,945.185,0.5398,14.2684,-1.277,66.708,4t4d,-0.185,0.0,0.0
3859,945.399,0.5207,14.219,-1.2775,66.713,4t4d,-0.189,0.0,0.0
3860,945.617,0.5147,14.2038,-1.2771,66.707,4t4d,-0.196,0.0,0.0
3861,945.831,0.4932,14.1495,-1.2765,66.671,4t4d,-0.221,0.0,0.0
3862,946.041,0.4779,14.1111,-1.2761,66.666,4t4d,-0.195,0.0,0.0
3863,946.255,0.4619,14.0701,-1.2754,66.651,4t4d,-0.139,0.0,0.0
3864,946.465,0.4479,14.0347,-1.2738,66.672,4t4d,-0.173,0.0,0.0
3865,946.681,0.4228,13.9716,-1.273,66.754,4t4d,-0.161,0.0,0.0
3866,946.898,0.406,13.9313,-1.2727,66.764,4t4d,-0.207,0.0,0.0
3867,947.123,0.3898,13.8907,-1.2721,66.777,4t4d,-0.188,0.0,0.0
3868,947.339,0.365,13.8296,-1.2712,66.782,4t4d,-0.242,0.0,0.0
3869,947.552,0.3476,13.7865,-1.2708,66.726,4t4d,-0.25,0.0,0.0
3870,947.764,0.3383,13.7647,-1.2707,66.729,4t4d,-0.223,0.0,0.0
3871,947.977,0.3108,13.6969,-1.2709,66.681,4t4d,-0.22,0.0,0.0
3872,948.188,0.2933,13.6534,-1.2708,66.552,4t4d,-0.229,0.0,0.0
3873,948.402,0.276,13.611,-1.2699,66.578,4t4d,-0.239,0.0,0.0
3874,948.623,0.2594,13.57,-1.2698,66.613,4t4d,-0.234,0.0,0.0
3875,948.84,0.2436,13.5304,-1.27,66.618,4t4d,-0.226,0.0,0.0
3876,949.049,0.2259,13.4869,-1.2708,66.545,4t4d,-0.239,0.0,0.0
3877,949.259,0.1946,13.4089,-1.2689,66.581,4t4d,-0.222,0.0,0.0
3878,949.469,0.186,13.3867,-1.2685,66.578,4t4d,-0.217,0.0,0.0
3879,949.68,0.1612,13.3261,-1.2679,66.585,4t4d,-0.258,0.0,0.0
3880,949.892,0.1448,13.286,-1.2679,66.541,4t4d,-0.23,0.0,0.0
3881,950.104,0.1289,13.2471,-1.2678,66.574,4t4d,-0.217,0.0,0.0
3882,950.324,0.1119,13.2047,-1.2677,66.533,4t4d,-0.22,0.0,0.0
3883,950.531,0.0946,13.1619,-1.2674,66.52,4t4d,-0.257,0.0,0.0
3884,950.742,0.0778,13.1209,-1.2674,66.524,4t4d,-0.238,0.0,0.0
3885,950.955,0.0548,13.0645,-1.2662,66.574,4t4d,-0.223,0.0,0.0
3886,951.174,0.0475,13.0463,-1.2661,66.586,4t4d,-0.239,0.0,0.0
3887,951.395,0.0239,12.9867,-1.2658,66.546,4t4d,-0.244,0.0,0.0
3888,951.611,0.008,12.9475,-1.2655,66.546,4t4d,-0.207,0.0,0.0
3889,951.831,-0.0159,12.8881,-1.2651,66.513,4t4d,-0.212,0.0,0.0
3890,952.042,-0.0241,12.8681,-1.2652,66.455,4t4d,-0.225,0.0,0.0
3891,952.252,-0.0462,12.8157,-1.264,67.042,4t4d,-0.214,0.0,0.0
3892,952.463,-0.0603,12.7802,-1.263,67.199,4t4d,-0.216,0.0,0.0
3893,952.672,-0.0743,12.7449,-1.2625,67.34,4t4d,-0.209,0.0,0.0
3894,952.884,-0.0955,12.6909,-1.2622,67.47,4t4d,-0.201,0.0,0.0
3895,953.096,-0.1098,12.6562,-1.2617,68.062,4t4d,-0.217,0.0,0.0
3896,953.331,-0.1234,12.6212,-1.2609,68.466,4t4d,-0.207,0.0,0.0
3897,953.543,-0.1369,12.5847,-1.2603,68.556,4t4d,-0.18,0.0,0.0
3898,953.752,-0.1517,12.5454,-1.2598,68.677,4t4d,-0.178,0.0,0.0
3899,953.962,-0.1646,12.5102,-1.2595,68.737,4t4d,-0.197,0.0,0.0
3900,954.171,-0.1773,12.4765,-1.2584,68.777,4t4d,-0.205,0.0,0.0
3901,954.385,-0.1964,12.4266,-1.2585,68.772,4t4d,-0.208,0.0,3.01
3902,954.6,-0.2029,12.4089,-1.2584,68.76,4t4d,-0.189,0.0,0.0
3903,954.812,-0.2223,12.3568,-1.2584,68.704,4t4d,-0.199,0.0,0.0
3904,955.024,-0.2338,12.3251,-1.258,68.803,4t4d,-0.213,0.0,0.0
3905,955.243,-0.2524,12.2733,-1.2573,68.825,4t4d,-0.171,0.0,0.0
3906,955.454,-0.2644,12.241,-1.257,68.855,4t4d,-0.161,0.0,0.0
3907,955.661,-0.2708,12.2242,-1.2568,68.868,4t4d,-0.186,0.0,0.0
3908,955.875,-0.2815,12.1952,-1.2564,68.889,4t4d,-0.191,0.0,0.0
3909,956.084,-0.2996,12.1464,-1.256,68.951,4t4d,-0.161,0.0,0.0
3910,956.298,-0.3119,12.1122,-1.2557,68.921,4t4d,-0.162,0.0,0.0
3911,956.508,-0.3302,12.0624,-1.255,68.984,4t4d,-0.198,0.0,0.0
3912,956.725,-0.3421,12.0288,-1.2548,68.969,4t4d,-0.164,0.0,0.0
3913,956.95,-0.3538,11.9971,-1.2545,68.979,4t4d,-0.158,0.0,0.0
3914,957.163,-0.3657,11.9642,-1.2538,68.681,4t4d,-0.152,0.0,0.0
3915,957.376,-0.384,11.9139,-1.2535,68.458,4t4d,-0.163,0.0,0.0
3916,957.59,-0.3962,11.8817,-1.2528,68.461,4t4d,-0.184,0.0,0.0
3917,957.801,-0.4025,11.8651,-1.2525,68.4,4t4d,-0.186,0.0,0.0
3918,958.015,-0.4154,11.8312,-1.2521,68.284,4t4d,-0.166,0.0,0.0
3919,958.227,-0.4311,11.7877,-1.2517,68.256,4t4d,-0.171,0.0,0.0
3920,958.437,-0.4488,11.7409,-1.2499,68.332,4t4d,-0.187,0.0,0.0
3921,958.647,-0.4596,11.7116,-1.2499,68.373,4t4d,-0.183,0.0,0.0
3922,958.863,-0.4647,11.6984,-1.2497,68.257,4t4d,-0.159,0.0,0.0
3923,959.077,-0.482,11.6515,-1.2495,67.995,4t4d,-0.157,0.0,0.0
3924,959.301,-0.4938,11.6206,-1.2492,67.96,4t4d,-0.168,0.0,0.0
3925,959.51,-0.5103,11.5773,-1.2496,67.99,4t4d,-0.168,0.0,0.0
3926,959.723,-0.5155,11.5632,-1.2496,67.954,4t4d,-0.137,0.0,0.0
3927,959.95,-0.532,11.5191,-1.2497,67.987,4t4d,-0.167,0.0,0.0
3928,960.161,-0.5385,11.5019,-1.2493,67.992,4t4d,-0.163,0.0,0.0
3929,960.371,-0.5553,11.4571,-1.2484,68.006,4t4d,-0.167,0.0,0.0
3930,960.581,-0.5662,11.4279,-1.2481,68.02,4t4d,-0.171,0.0,0.0
3931,960.794,-0.5828,11.3817,-1.2465,68.056,4t4d,-0.159,0.0,0.0
3932,961.021,-0.5942,11.351,-1.2459,68.031,4t4d,-0.162,0.0,0.0
3933,961.253,-0.6123,11.3037,-1.2449,68.031,4t4d,-0.15,0.0,0.0
3934,961.474,-0.6238,11.2734,-1.2447,68.039,4t4d,-0.17,0.0,0.0
3935,961.687,-0.6342,11.2448,-1.2447,68.032,4t4d,-0.151,0.0,0.0
3936,961.904,-0.6469,11.2107,-1.2464,67.97,4t4d,-0.142,0.0,0.0
3937,962.116,-0.6577,11.1834,-1.2466,67.992,4t4d,-0.153,0.0,0.0
3938,962.326,-0.6698,11.1519,-1.2466,67.982,4t4d,-0.183,0.0,0.0
3939,962.54,-0.6827,11.1187,-1.2457,67.969,4t4d,-0.177,0.0,0.0
3940,962.749,-0.6946,11.0879,-1.245,67.97,4t4d,-0.152,0.0,0.0
3941,962.962,-0.7125,11.0389,-1.2434,67.974,4t4d,-0.164,0.0,0.0
3942,963.173,-0.724,11.0087,-1.2422,67.977,4t4d,-0.13,0.0,0.0
3943,963.383,-0.7355,10.9784,-1.242,67.974,4t4d,-0.15,0.0,0.0
3944,963.594,-0.7537,10.9302,-1.2408,68.016,4t4d,-0.196,0.0,0.0
3945,963.805,-0.7663,10.8976,-1.2401,67.995,4t4d,-0.182,0.0,0.0
3946,964.025,-0.7794,10.8635,-1.2396,67.996,4t4d,-0.161,0.0,0.0
3947,964.249,-0.7923,10.83,-1.2403,67.945,4t4d,-0.161,0.0,0.0
3948,964.466,-0.8058,10.795,-1.2401,67.943,4t4d,-0.164,0.0,0.0
3949,964.673,-0.8184,10.7627,-1.2394,67.889,4t4d,-0.179,0.0,0.0
3950,964.884,-0.8372,10.7136,-1.2384,67.877,4t4d,-0.186,0.0,0.0
3951,965.095,-0.8439,10.6964,-1.2378,67.87,4t4d,-0.194,0.0,0.0
3952,965.307,-0.8568,10.6629,-1.2373,67.867,4t4d,-0.17,0.0,0.0
3953,965.523,-0.8729,10.6205,-1.2369,67.843,4t4d,-0.173,0.0,0.0
3954,965.741,-0.8857,10.5873,-1.2373,67.819,4t4d,-0.187,0.0,0.0
3955,965.952,-0.8971,10.557,-1.2372,67.792,4t4d,-0.165,0.0,0.0
3956,966.164,-0.9159,10.5083,-1.2369,67.825,4t4d,-0.18,0.0,0.0
3957,966.374,-0.9278,10.4774,-1.2369,67.824,4t4d,-0.183,0.0,0.0
3958,966.582,-0.9394,10.4478,-1.2365,67.882,4t4d,-0.157,0.0,0.0
3959,966.794,-0.9521,10.4142,-1.2363,67.945,4t4d,-0.176,0.0,0.0
3960,967.007,-0.963,10.382,-1.2359,68.0,4t4d,-0.151,0.0,0.0
3961,967.226,-0.9758,10.3485,-1.2351,68.036,4t4d,-0.177,0.0,0.0
3962,967.437,-0.9948,10.2991,-1.2342,67.979,4t4d,-0.167,0.0,0.0
3963,967.647,-1.0093,10.2611,-1.2351,67.964,4t4d,-0.168,0.0,0.0
3964,967.863,-1.0212,10.2304,-1.2346,67.972,4t4d,-0.204,0.0,0.0
3965,968.073,-1.0343,10.1963,-1.2338,67.924,4t4d,-0.162,0.0,0.0
3966,968.281,-1.0529,10.1446,-1.2345,67.028,4t4d,-0.195,0.0,0.0
3967,968.492,-1.0596,10.1283,-1.2344,66.82,4t4d,-0.16,0.0,0.0
3968,968.71,-1.0804,10.0766,-1.235,66.673,4t4d,-0.186,0.0,0.0
3969,968.922,-1.0861,10.062,-1.2348,66.669,4t4d,-0.176,0.0,0.0
3970,969.139,-1.1122,9.998,-1.2347,66.687,4t4d,-0.168,0.0,0.0
3971,969.349,-1.1253,9.9648,-1.2351,66.696,4t4d,-0.179,0.0,-4.42
3972,969.567,-1.1397,9.9294,-1.2351,66.687,4t4d,-0.177,0.0,0.0
3973,969.776,-1.1528,9.8971,-1.2348,66.66,4t4d,-0.184,0.0,0.0
3974,969.986,-1.1586,9.883,-1.234,66.669,4t4d,-0.158,0.0,0.0
3975,970.199,-1.1702,9.8544,-1.2336,66.687,4t4d,-0.191,0.0,0.0
3976,970.411,-1.1896,9.8069,-1.2322,66.621,4t4d,-0.194,0.0,0.0
3977,970.621,-1.208,9.7612,-1.232,66.63,4t4d,-0.171,0.0,0.0
3978,970.83,-1.2211,9.7291,-1.2319,66.633,4t4d,-0.163,0.0,0.0
3979,971.039,-1.2333,9.6981,-1.2324,66.709,4t4d,-0.175,0.0,0.0
3980,971.249,-1.2442,9.6696,-1.2327,66.672,4t4d,-0.155,0.0,0.0
3981,971.464,-1.2502,9.6545,-1.2324,66.762,4t4d,-0.151,0.0,0.0
3982,971.674,-1.269,9.6085,-1.2318,66.652,4t4d,-0.162,0.0,0.0
3983,971.885,-1.2812,9.5801,-1.2313,66.639,4t4d,-0.175,0.0,0.0
3984,972.097,-1.2999,9.5326,-1.2318,66.604,4t4d,-0.16,0.0,0.0
3985,972.308,-1.3126,9.5032,-1.2319,66.566,4t4d,-0.165,0.0,0.0
3986,972.521,-1.3171,9.4925,-1.232,66.673,4t4d,-0.169,0.0,0.0
3987,972.731,-1.3377,9.443,-1.2314,67.174,4t4d,-0.16,0.0,0.0
3988,972.939,-1.3521,9.407,-1.2314,67.282,4t4d,-0.163,0.0,0.0
3989,973.15,-1.3642,9.3781,-1.2311,67.347,4t4d,-0.164,0.0,0.0
3990,973.363,-1.3831,9.33,-1.2327,67.484,4t4d,-0.163,0.0,0.0
3991,973.589,-1.3886,9.3163,-1.2325,67.515,4t4d,-0.173,0.0,0.0
3992,973.802,-1.4025,9.2818,-1.2329,67.607,4t4d,-0.167,0.0,0.0
3993,974.015,-1.4202,9.2356,-1.2331,67.664,4t4d,-0.188,0.0,0.0
3994,974.229,-1.4383,9.1894,-1.2331,67.796,4t4d,-0.165,0.0,0.0
3995,974.446,-1.4496,9.16,-1.2337,67.837,4t4d,-0.165,0.0,0.0
3996,974.658,-1.4556,9.1451,-1.2339,67.929,4t4d,-0.174,0.0,0.0
3997,974.87,-1.4673,9.115,-1.2331,67.877,4t4d,-0.17,0.0,0.0
3998,975.081,-1.4846,9.0708,-1.2317,67.857,4t4d,-0.164,0.0,0.0
3999,975.292,-1.4965,9.0398,-1.2305,67.833,4t4d,-0.169,0.0,0.0
4000,975.502,-1.5143,8.9944,-1.229,67.852,4t4d,-0.163,0.0,0.0
4001,975.715,-1.5254,8.9659,-1.2298,67.798,4t4d,-0.153,0.0,0.0
4002,975.929,-1.5307,8.9524,-1.2298,67.85,4t4d,-0.155,0.0,0.0
4003,976.141,-1.5492,8.9047,-1.2297,67.778,4t4d,-0.165,0.0,0.0
4004,976.349,-1.5602,8.876,-1.2295,67.824,4t4d,-0.148,0.0,0.0
4005,976.559,-1.5711,8.8493,-1.2291,67.844,4t4d,-0.163,0.0,0.0
4006,976.769,-1.589,8.8035,-1.2284,67.875,4t4d,-0.16,0.0,0.0
4007,976.993,-1.5995,8.775,-1.2278,67.893,4t4d,-0.16,0.0,0.0
4008,977.204,-1.6121,8.7427,-1.2266,67.93,4t4d,-0.174,0.0,0.0
4009,977.426,-1.624,8.7128,-1.2262,67.915,4t4d,-0.157,0.0,0.0
4010,977.637,-1.6402,8.6718,-1.2247,67.96,4t4d,-0.165,0.0,0.0
4011,977.849,-1.6453,8.6587,-1.2243,67.967,4t4d,-0.162,0.0,0.0
4012,978.06,-1.6617,8.6165,-1.2232,68.009,4t4d,-0.172,0.0,0.0
4013,978.269,-1.6735,8.5857,-1.2228,68.029,4t4d,-0.156,0.0,0.0
4014,978.48,-1.6843,8.5575,-1.2217,68.101,4t4d,-0.138,0.0,0.0
4015,978.692,-1.6951,8.5295,-1.2215,68.169,4t4d,-0.133,0.0,0.0
4016,978.903,-1.7058,8.501,-1.2213,68.168,4t4d,-0.146,0.0,0.0
4017,979.122,-1.7221,8.458,-1.2208,68.182,4t4d,-0.16,0.0,0.0
4018,979.333,-1.7276,8.4435,-1.2205,68.189,4t4d,-0.163,0.0,0.0
4019,979.544,-1.7428,8.4035,-1.2199,68.243,4t4d,-0.139,0.0,0.0
4020,979.758,-1.7482,8.3903,-1.2201,68.275,4t4d,-0.162,0.0,0.0
4021,979.969,-1.7636,8.3503,-1.2191,68.276,4t4d,-0.148,0.0,0.0
4022,980.178,-1.7731,8.3254,-1.2183,68.246,4t4d,-0.155,0.0,0.0
4023,980.399,-1.7833,8.2978,-1.2178,68.28,4t4d,-0.153,0.0,0.0
4024,980.61,-1.7978,8.2593,-1.2173,68.3,4t4d,-0.151,0.0,0.0
4025,980.826,-1.8024,8.2469,-1.2172,68.303,4t4d,-0.141,0.0,0.0
4026,981.043,-1.8156,8.2104,-1.2175,68.299,4t4d,-0.149,0.0,0.0
4027,981.252,-1.8303,8.1727,-1.2166,68.313,4t4d,-0.149,0.0,0.0
4028,981.463,-1.8396,8.1488,-1.2164,68.338,4t4d,-0.146,0.0,0.0
4029,981.676,-1.8498,8.1223,-1.2159,68.368,4t4d,-0.143,0.0,0.0
4030,981.89,-1.8586,8.099,-1.2157,68.393,4t4d,-0.13,0.0,0.0
4031,982.102,-1.8678,8.0743,-1.2154,68.417,4t4d,-0.14,0.0,0.0
4032,982.317,-1.8775,8.0487,-1.2148,68.433,4t4d,-0.153,0.0,0.0
4033,982.528,-1.8867,8.0246,-1.2144,68.444,4t4d,-0.132,0.0,0.0
4034,982.735,-1.8958,8.0003,-1.2134,68.483,4t4d,-0.139,0.0,0.0
4035,982.946,-1.9048,7.9763,-1.2129,68.486,4t4d,-0.116,0.0,0.0
4036,983.167,-1.9194,7.9381,-1.2123,68.566,4t4d,-0.127,0.0,0.0
4037,983.382,-1.9284,7.9142,-1.212,68.572,4t4d,-0.127,0.0,0.0
4038,983.597,-1.9425,7.8767,-1.2115,68.601,4t4d,-0.134,0.0,0.0
4039,983.819,-1.95,7.8593,-1.2131,68.594,4t4d,-0.134,0.0,0.0
4040,984.037,-1.9549,7.8464,-1.2132,68.608,4t4d,-0.119,0.0,0.0
4041,984.248,-1.9639,7.8226,-1.2134,68.613,4t4d,-0.135,0.0,0.0
4042,984.457,-1.9774,7.7868,-1.2126,68.63,4t4d,-0.126,0.0,0.0
4043,984.674,-1.9866,7.7621,-1.212,68.633,4t4d,-0.135,0.0,0.0
4044,984.888,-1.9945,7.7404,-1.2118,68.645,4t4d,-0.131,0.0,0.0
4045,985.122,-2.0082,7.7044,-1.2111,68.662,4t4d,-0.145,0.0,0.0
4046,985.33,-2.0156,7.6841,-1.2115,68.68,4t4d,-0.127,0.0,0.0
4047,985.536,-2.0246,7.6604,-1.2114,68.694,4t4d,-0.118,0.0,0.0
4048,985.744,-2.0315,7.641,-1.2108,68.673,4t4d,-0.135,0.0,0.0
4049,985.953,-2.0448,7.6059,-1.2101,68.703,4t4d,-0.126,0.0,0.0
4050,986.163,-2.0538,7.5821,-1.2095,68.684,4t4d,-0.125,0.0,0.0
4051,986.375,-2.0584,7.5699,-1.2093,68.693,4t4d,-0.12,0.0,0.0
4052,986.587,-2.0713,7.5358,-1.209,68.747,4t4d,-0.132,0.0,0.0
4053,986.812,-2.0846,7.5,-1.2083,68.789,4t4d,-0.137,0.0,0.0
4054,987.032,-2.0888,7.4886,-1.2083,68.808,4t4d,-0.114,0.0,0.0
4055,987.244,-2.1012,7.4555,-1.2078,68.816,4t4d,-0.115,0.0,0.0
4056,987.454,-2.11,7.4319,-1.2075,68.82,4t4d,-0.125,0.0,0.0
4057,987.665,-2.1189,7.4086,-1.2069,68.842,4t4d,-0.132,0.0,0.0
4058,987.875,-2.1313,7.3743,-1.2059,68.898,4t4d,-0.122,0.0,0.0
4059,988.115,-2.1352,7.363,-1.2059,68.906,4t4d,-0.12,0.0,0.0
4060,988.331,-2.1442,7.3386,-1.2053,68.92,4t4d,-0.128,0.0,0.0
4061,988.544,-2.1564,7.3051,-1.2049,68.964,4t4d,-0.152,0.0,0.0
4062,988.763,-2.1646,7.2823,-1.2048,68.996,4t4d,-0.13,0.0,0.0
4063,988.974,-2.1763,7.2513,-1.2036,69.035,4t4d,-0.121,0.0,0.0
4064,989.185,-2.1799,7.2415,-1.2035,69.026,4t4d,-0.124,0.0,0.0
4065,989.4,-2.1914,7.2101,-1.2033,69.063,4t4d,-0.138,0.0,0.0
4066,989.622,-2.2003,7.1862,-1.2028,69.099,4t4d,-0.12,0.0,0.0
4067,989.832,-2.2121,7.154,-1.2024,69.114,4t4d,-0.116,0.0,0.0
4068,990.041,-2.2215,7.1287,-1.2021,69.137,4t4d,-0.091,0.0,0.0
4069,990.252,-2.2306,7.1045,-1.202,69.172,4t4d,-0.097,0.0,0.0
4070,990.462,-2.2399,7.0795,-1.2015,69.194,4t4d,-0.14,0.0,0.0
4071,990.67,-2.2487,7.0561,-1.2009,69.233,4t4d,-0.146,0.0,0.0
4072,990.879,-2.2555,7.0361,-1.2005,69.241,4t4d,-0.128,0.0,0.0
4073,991.092,-2.2644,7.0119,-1.2002,69.204,4t4d,-0.107,0.0,0.0
4074,991.303,-2.2769,6.9785,-1.2,69.225,4t4d,-0.134,0.0,0.0
4075,991.52,-2.2853,6.9561,-1.1997,69.285,4t4d,-0.15,0.0,0.0
4076,991.726,-2.2937,6.9337,-1.1993,69.813,4t4d,-0.134,0.0,0.0
4077,991.937,-2.3014,6.9114,-1.1993,70.057,4t4d,-0.109,0.0,0.0
4078,992.149,-2.3077,6.8893,-1.1993,70.061,4t4d,-0.116,0.0,0.0
4079,992.362,-2.3157,6.8662,-1.1993,70.086,4t4d,-0.112,0.0,0.0
4080,992.574,-2.3269,6.8331,-1.1996,69.791,4t4d,-0.136,0.0,0.0
4081,992.782,-2.3307,6.8208,-1.1995,69.259,4t4d,-0.13,0.0,2.45
4082,993.013,-2.3389,6.7941,-1.199,67.978,4t4d,-0.108,0.0,0.0
4083,993.227,-2.351,6.7609,-1.1991,67.708,4t4d,-0.11,0.0,0.0
4084,993.438,-2.3599,6.7376,-1.1988,67.669,4t4d,-0.137,0.0,0.0
4085,993.65,-2.3693,6.7123,-1.1987,67.703,4t4d,-0.122,0.0,0.0
4086,993.86,-2.3833,6.6766,-1.1979,67.683,4t4d,-0.112,0.0,0.0
4087,994.079,-2.3874,6.6655,-1.1976,67.706,4t4d,-0.119,0.0,0.0
4088,994.289,-2.4028,6.6214,-1.1964,67.676,4t4d,-0.123,0.0,0.0
4089,994.505,-2.412,6.5976,-1.1963,67.672,4t4d,-0.13,0.0,0.0
4090,994.722,-2.4212,6.5741,-1.196,67.666,4t4d,-0.137,0.0,0.0
4091,994.93,-2.4304,6.5502,-1.1957,67.67,4t4d,-0.128,0.0,0.0
4092,995.14,-2.4346,6.5393,-1.1955,67.658,4t4d,-0.107,0.0,0.0
4093,995.351,-2.4483,6.5041,-1.1961,67.692,4t4d,-0.151,0.0,0.0
4094,995.559,-2.4579,6.4799,-1.1958,67.688,4t4d,-0.136,0.0,0.0
4095,995.768,-2.4665,6.4577,-1.1956,67.679,4t4d,-0.116,0.0,0.0
4096,995.979,-2.4745,6.4367,-1.1954,67.677,4t4d,-0.13,0.0,0.0
4097,996.19,-2.4836,6.4135,-1.195,67.667,4t4d,-0.133,0.0,0.0
4098,996.402,-2.4961,6.3809,-1.1947,67.647,4t4d,-0.094,0.0,0.0
4099,996.61,-2.5048,6.3585,-1.1943,67.631,4t4d,-0.149,0.0,0.0
4100,996.826,-2.5133,6.3365,-1.1936,67.63,4t4d,-0.127,0.0,0.0
4101,997.038,-2.523,6.31,-1.1928,67.645,4t4d,-0.116,0.0,0.0
4102,997.253,-2.5326,6.2851,-1.1928,67.679,4t4d,-0.131,0.0,0.0
4103,997.463,-2.5438,6.2546,-1.192,67.591,4t4d,-0.111,0.0,0.0
4104,997.676,-2.5598,6.2094,-1.1907,65.342,4t4d,-0.131,0.0,0.0
4105,997.885,-2.571,6.1819,-1.1902,64.647,4t4d,-0.127,0.0,0.0
4106,998.095,-2.5825,6.1553,-1.1896,64.543,4t4d,-0.185,0.0,0.0
4107,998.305,-2.5984,6.1204,-1.1895,64.469,4t4d,-0.137,0.0,0.0
4108,998.52,-2.6051,6.1063,-1.1895,64.444,4t4d,-0.14,0.0,0.0
4109,998.73,-2.6167,6.0804,-1.1897,64.469,4t4d,-0.178,0.0,-11.31
4110,998.94,-2.6339,6.0426,-1.19,64.437,4t4d,-0.131,0.0,-2.31
4111,999.164,-2.6502,6.0057,-1.1898,64.427,4t4d,-0.143,0.0,0.0
4112,999.376,-2.6561,5.9927,-1.1898,64.415,4t4d,-0.117,0.0,0.0
4113,999.589,-2.668,5.9665,-1.1901,64.381,4t4d,-0.156,0.0,0.0
4114,999.8,-2.6847,5.9294,-1.1903,64.389,4t4d,-0.128,0.0,0.0
4115,1000.025,-2.6896,5.9184,-1.1897,64.416,4t4d,-0.15,0.0,0.0
4116,1000.239,-2.7066,5.8822,-1.1884,64.36,4t4d,-0.15,0.0,0.0
4117,1000.448,-2.7228,5.8458,-1.1882,64.379,4t4d,-0.137,0.0,0.0
4118,1000.663,-2.7344,5.8206,-1.1878,64.333,4t4d,-0.143,0.0,0.0
4119,1000.873,-2.7387,5.8114,-1.1878,64.306,4t4d,-0.125,0.0,0.0
4120,1001.089,-2.7558,5.7746,-1.1879,64.593,4t4d,-0.122,0.0,0.0
4121,1001.31,-2.767,5.7526,-1.1876,65.242,4t4d,-0.142,0.0,0.0
4122,1001.525,-2.7817,5.7199,-1.1877,65.803,4t4d,-0.127,0.0,0.0
4123,1001.75,-2.7865,5.7084,-1.1876,65.8,4t4d,-0.131,0.0,0.0
4124,1001.96,-2.8011,5.6735,-1.188,66.001,4t4d,-0.124,0.0,0.0
4125,1002.178,-2.8063,5.6621,-1.188,66.268,4t4d,-0.133,0.0,0.0
4126,1002.39,-2.82,5.6311,-1.1874,67.096,4t4d,-0.136,0.0,3.98
4127,1002.609,-2.8338,5.5971,-1.1873,67.33,4t4d,-0.142,0.0,0.0
4128,1002.819,-2.8422,5.5773,-1.1869,67.343,4t4d,-0.115,0.0,0.0
4129,1003.031,-2.8502,5.5573,-1.1864,67.369,4t4d,-0.131,0.0,0.0
4130,1003.243,-2.8604,5.5324,-1.1855,67.419,4t4d,-0.128,0.0,3.42
4131,1003.457,-2.8702,5.5084,-1.1849,67.422,4t4d,-0.117,0.0,0.0
4132,1003.668,-2.8801,5.4837,-1.1845,67.455,4t4d,-0.125,0.0,0.0
4133,1003.881,-2.89,5.4593,-1.1844,67.469,4t4d,-0.101,0.0,0.0
4134,1004.096,-2.9053,5.4219,-1.1841,67.454,4t4d,-0.111,0.0,0.0
4135,1004.308,-2.91,5.4099,-1.1844,67.476,4t4d,-0.126,0.0,0.0
4136,1004.522,-2.9243,5.3739,-1.1844,67.513,4t4d,-0.134,0.0,0.0
4137,1004.733,-2.934,5.3503,-1.1847,67.561,4t4d,-0.137,0.0,0.0
4138,1004.943,-2.9494,5.3121,-1.1844,67.552,4t4d,-0.138,0.0,0.0
4139,1005.161,-2.9544,5.2994,-1.1843,67.543,4t4d,-0.134,0.0,0.0
4140,1005.379,-2.9634,5.2765,-1.1842,67.553,4t4d,-0.138,0.0,0.0
4141,1005.589,-2.9793,5.2373,-1.1834,67.518,4t4d,-0.15,0.0,0.0
4142,1005.799,-2.988,5.215,-1.1821,67.516,4t4d,-0.143,0.0,0.0
4143,1006.01,-3.0036,5.1743,-1.1821,67.582,4t4d,-0.133,0.0,0.0
4144,1006.224,-3.0087,5.1606,-1.182,67.602,4t4d,-0.141,0.0,0.0
4145,1006.437,-3.0243,5.1253,-1.1814,67.607,4t4d,-0.136,0.0,0.0
4146,1006.649,-3.0347,5.0984,-1.181,67.639,4t4d,-0.133,0.0,0.0
4147,1006.872,-3.0456,5.0705,-1.1806,67.636,4t4d,-0.121,0.0,0.0
4148,1007.082,-3.0628,5.0264,-1.1816,67.62,4t4d,-0.143,0.0,0.0
4149,1007.293,-3.0761,4.9935,-1.1808,67.612,4t4d,-0.14,0.0,0.0
4150,1007.508,-3.0891,4.9606,-1.1804,67.688,4t4d,-0.143,0.0,0.0
4151,1007.729,-3.0949,4.9477,-1.1804,67.675,4t4d,-0.137,0.0,0.0
4152,1007.941,-3.1135,4.9002,-1.1798,67.733,4t4d,-0.136,0.0,0.0
4153,1008.153,-3.1261,4.8679,-1.18,67.768,4t4d,-0.163,0.0,0.0
4154,1008.365,-3.1371,4.8396,-1.1808,67.757,4t4d,-0.171,0.0,0.0
4155,1008.581,-3.1498,4.8065,-1.181,67.618,4t4d,-0.142,0.0,0.0
4156,1008.797,-3.1686,4.7596,-1.1805,67.538,4t4d,-0.167,0.0,0.0
4157,1009.012,-3.1815,4.7264,-1.1802,67.5,4t4d,-0.18,0.0,0.0
4158,1009.223,-3.1946,4.6922,-1.1802,67.485,4t4d,-0.185,0.0,0.0
4159,1009.434,-3.2086,4.6562,-1.1788,67.484,4t4d,-0.19,0.0,0.0
4160,1009.655,-3.2298,4.6017,-1.1778,67.503,4t4d,-0.172,0.0,0.0
4161,1009.871,-3.2442,4.5649,-1.1777,67.486,4t4d,-0.185,0.0,0.0
4162,1010.084,-3.2595,4.5254,-1.1773,67.214,4t4d,-0.183,0.0,0.0
4163,1010.294,-3.2763,4.4824,-1.1777,66.62,4t4d,-0.187,0.0,0.0
4164,1010.506,-3.2972,4.4311,-1.1775,66.602,4t4d,-0.2,0.0,0.0
4165,1010.726,-3.3099,4.3994,-1.1773,66.585,4t4d,-0.165,0.0,0.0
4166,1010.941,-3.317,4.3819,-1.1771,66.592,4t4d,-0.213,0.0,0.0
4167,1011.151,-3.3376,4.33,-1.177,66.547,4t4d,-0.227,0.0,0.0
4168,1011.363,-3.3526,4.2933,-1.1753,66.518,4t4d,-0.214,0.0,-3.1
4169,1011.575,-3.3679,4.2558,-1.1741,66.566,4t4d,-0.217,0.0,0.0
4170,1011.786,-3.3923,4.1965,-1.1731,66.544,4t4d,-0.143,0.0,0.0
4171,1011.997,-3.4078,4.1591,-1.1724,66.512,4t4d,-0.189,0.0,0.0
4172,1012.209,-3.4152,4.141,-1.1721,66.504,4t4d,-0.201,0.0,0.0
4173,1012.42,-3.4364,4.0894,-1.1713,66.487,4t4d,-0.21,0.0,0.0
4174,1012.63,-3.4502,4.0559,-1.17,66.604,4t4d,-0.22,0.0,0.0
4175,1012.84,-3.4737,3.9991,-1.1685,66.786,4t4d,-0.208,0.0,0.0
4176,1013.085,-3.4896,3.9597,-1.1679,66.857,4t4d,-0.197,0.0,0.0
4177,1013.295,-3.5063,3.9179,-1.1664,66.858,4t4d,-0.179,0.0,0.0
4178,1013.511,-3.5217,3.8813,-1.1655,66.898,4t4d,-0.176,0.0,0.0
4179,1013.724,-3.547,3.82,-1.1639,67.047,4t4d,-0.183,0.0,0.0
4180,1013.933,-3.5613,3.7834,-1.1636,67.022,4t4d,-0.218,0.0,0.0
4181,1014.137,-3.5767,3.746,-1.1629,67.1,4t4d,-0.23,0.0,0.0
4182,1014.353,-3.5928,3.7054,-1.1629,67.166,4t4d,-0.205,0.0,0.0
4183,1014.559,-3.6096,3.6647,-1.1621,67.145,4t4d,-0.231,0.0,0.0
4184,1014.762,-3.6259,3.6257,-1.1614,67.228,4t4d,-0.243,0.0,0.0
4185,1014.973,-3.6397,3.5913,-1.1614,67.256,4t4d,-0.204,0.0,0.0
4186,1015.183,-3.6639,3.5318,-1.1609,67.207,4t4d,-0.244,0.0,0.0
4187,1015.393,-3.6803,3.4899,-1.1593,67.394,4t4d,-0.217,0.0,0.0
4188,1015.608,-3.6985,3.443,-1.1591,67.471,4t4d,-0.225,0.0,0.0
4189,1015.823,-3.714,3.4031,-1.1595,67.546,4t4d,-0.207,0.0,0.0
4190,1016.034,-3.7308,3.3613,-1.1598,67.558,4t4d,-0.177,0.0,0.0
4191,1016.249,-3.7582,3.2908,-1.1601,67.627,4t4d,-0.256,0.0,0.0
4192,1016.462,-3.7668,3.2691,-1.16,67.666,4t4d,-0.221,0.0,0.0
4193,1016.674,-3.7922,3.2043,-1.1588,67.721,4t4d,-0.255,0.0,0.0
4194,1016.894,-3.8119,3.1545,-1.1568,67.587,4t4d,-0.216,0.0,0.0
4195,1017.104,-3.8292,3.1105,-1.1556,67.675,4t4d,-0.221,0.0,0.0
4196,1017.318,-3.8477,3.0642,-1.1535,67.61,4t4d,-0.296,0.0,0.0
4197,1017.529,-3.867,3.0157,-1.1514,67.503,4t4d,-0.259,0.0,0.0
4198,1017.739,-3.8862,2.9674,-1.1493,67.431,4t4d,-0.239,0.0,0.0
4199,1017.958,-3.9056,2.9173,-1.1465,67.308,4t4d,-0.261,0.0,0.0
4200,1018.174,-3.9332,2.8495,-1.1428,67.266,4t4d,-0.232,0.0,0.0
4201,1018.411,-3.9582,2.788,-1.1368,67.214,4t4d,-0.225,0.0,0.0
4202,1018.622,-3.9749,2.7455,-1.1308,67.337,4t4d,-0.237,0.0,0.0
4203,1018.835,-3.9913,2.7042,-1.125,67.396,4t4d,-0.221,0.0,0.0
4204,1019.046,-4.0079,2.6626,-1.1191,67.394,4t4d,-0.242,0.0,0.0
4205,1019.262,-4.0244,2.6212,-1.1135,67.44,4t4d,-0.25,0.0,0.0
4206,1019.481,-4.0455,2.5663,-1.1054,67.36,4t4d,-0.242,0.0,0.0
4207,1019.691,-4.0511,2.5528,-1.103,67.382,4t4d,-0.25,0.0,0.0
4208,1019.905,-4.0651,2.5169,-1.0985,67.362,4t4d,-0.237,0.0,0.0
4209,1020.115,-4.0847,2.4667,-1.0925,67.493,4t4d,-0.221,0.0,0.0
4210,1020.32,-4.1044,2.417,-1.0873,67.529,4t4d,-0.226,0.0,0.0
4211,1020.532,-4.1112,2.3992,-1.0858,67.656,4t4d,-0.193,0.0,0.0
4212,1020.742,-4.1258,2.3621,-1.0827,67.681,4t4d,-0.187,0.0,0.0
4213,1020.972,-4.1463,2.3109,-1.0783,67.646,4t4d,-0.223,0.0,0.0
4214,1021.183,-4.1593,2.2774,-1.0753,67.647,4t4d,-0.173,0.0,0.0
4215,1021.393,-4.1716,2.2472,-1.0733,67.837,4t4d,-0.234,0.0,0.0
4216,1021.606,-4.1879,2.2051,-1.0711,67.914,4t4d,-0.203,0.0,0.0
4217,1021.827,-4.2015,2.1696,-1.069,67.951,4t4d,-0.205,0.0,0.0
4218,1022.039,-4.2213,2.1171,-1.0676,67.969,4t4d,-0.218,0.0,0.0
4219,1022.249,-4.2372,2.0757,-1.0666,68.012,4t4d,-0.195,0.0,0.0
4220,1022.459,-4.252,2.0365,-1.0658,68.042,4t4d,-0.204,0.0,0.0
4221,1022.666,-4.2677,1.9954,-1.0651,68.095,4t4d,-0.215,0.0,0.0
4222,1022.886,-4.2927,1.9302,-1.0643,68.154,4t4d,-0.201,0.0,0.0
4223,1023.098,-4.3079,1.8903,-1.0636,68.176,4t4d,-0.197,0.0,0.0
4224,1023.316,-4.3156,1.8697,-1.0633,68.204,4t4d,-0.229,0.0,0.0
4225,1023.527,-4.3366,1.814,-1.0626,68.296,4t4d,-0.197,0.0,0.0
4226,1023.741,-4.331,1.832,-1.0632,68.276,4t4d,-0.218,0.0,0.0
4227,1023.951,-4.3313,1.8319,-1.0631,68.264,4t4d,-0.256,0.0,0.0
4228,1024.162,-4.3309,1.8332,-1.0631,68.257,4t4d,-0.208,0.0,0.0
4229,1024.378,-4.331,1.8332,-1.0631,68.255,4t4d,-0.231,0.0,0.0
4230,1024.599,-4.3315,1.8328,-1.063,68.227,4t4d,-0.221,0.0,0.0
4231,1024.81,-4.3314,1.832,-1.0632,68.189,4t4d,0.098,0.0,0.0
4232,1025.022,-4.3303,1.8323,-1.0633,68.279,disable,0.0,0.0,0.0
4233,1025.233,-4.3333,1.8336,-1.0633,68.254,crab,0.0027,0.1125,-0.012
4234,1025.441,-4.354,1.8425,-1.0634,68.252,crab,-0.0018,0.0565,-0.094
4235,1025.649,-4.3647,1.8463,-1.0635,68.233,crab,0.0,0.2792,-0.355
4236,1025.861,-4.4166,1.8669,-1.0636,68.162,crab,0.0,0.2224,-0.843
4237,1026.07,-4.4579,1.8834,-1.0637,67.993,crab,0.0,0.2208,-0.427
4238,1026.324,-4.4979,1.9023,-1.0648,67.908,crab,0.0,0.2597,-0.083
4239,1026.538,-4.5458,1.9222,-1.0656,67.891,crab,0.0,0.4233,-0.208
4240,1026.748,-4.6245,1.9536,-1.0669,67.85,crab,0.0,0.4405,-0.521
4241,1026.958,-4.7049,1.9896,-1.0678,67.745,crab,0.0,0.1542,-0.05
4242,1027.17,-4.7338,2.0006,-1.0681,67.735,crab,0.0,0.4561,-0.194
4243,1027.38,-4.8187,2.0339,-1.0689,67.696,crab,0.0,0.3211,-0.276
4244,1027.592,-4.8784,2.0576,-1.0689,67.641,crab,0.0,0.1611,-0.183
4245,1027.81,-4.9086,2.0689,-1.0687,67.605,crab,0.0,0.4886,-0.043
4246,1028.02,-4.9988,2.1063,-1.0684,67.596,crab,0.0,0.3199,-0.171
4247,1028.231,-5.0583,2.1299,-1.0685,67.562,crab,0.0,0.4868,0.104
4248,1028.442,-5.1492,2.1649,-1.068,67.583,crab,0.0,0.1647,-0.039
4249,1028.653,-5.1802,2.1761,-1.0679,67.575,crab,0.0,0.3196,0.117
4250,1028.866,-5.2385,2.2025,-1.069,67.598,crab,0.0,0.4721,-0.588
4251,1029.079,-5.3265,2.2368,-1.0691,67.481,crab,0.0,0.2997,-0.234
4252,1029.289,-5.3821,2.259,-1.0693,67.434,crab,0.0,0.2847,0.756
4253,1029.529,-5.4342,2.282,-1.0703,67.585,crab,0.002,0.33,0.0
4254,1029.74,-5.4302,2.2823,-1.0705,67.681,crab,0.002,0.33,0.0
4255,1029.952,-5.4316,2.284,-1.0708,67.731,crab,0.002,0.329,0.0
4256,1030.162,-5.4325,2.2835,-1.0708,67.724,crab,0.001,0.297,0.0
4257,1030.373,-5.4328,2.2832,-1.0707,67.724,crab,0.001,0.308,0.0
4258,1030.585,-5.433,2.2831,-1.0707,67.723,crab,0.013,0.266,0.0
4259,1030.799,-5.433,2.2831,-1.0708,67.724,crab,-0.014,-0.038,0.0
4260,1031.026,-5.4314,2.2871,-1.0706,67.722,crab,-0.002,0.0,0.0
4261,1031.236,-5.413,2.3355,-1.0704,67.651,crab,0.0,0.0,0.0
4262,1031.447,-5.3979,2.3746,-1.0702,67.57,crab,0.0,0.0,0.0
4263,1031.659,-5.3812,2.4171,-1.0702,67.515,crab,0.0,0.0,0.0
4264,1031.867,-5.3655,2.459,-1.0708,67.495,crab,0.0,0.0,0.0
4265,1032.077,-5.3414,2.5231,-1.0719,67.418,4t4d,0.022,0.0,0.0
4266,1032.29,-5.3231,2.5701,-1.0729,67.424,4t4d,0.163,0.0,0.0
4267,1032.501,-5.3063,2.6186,-1.0745,67.358,4t4d,0.211,0.0,0.0
4268,1032.717,-5.2827,2.6809,-1.0793,67.577,4t4d,0.236,0.0,0.0
4269,1032.932,-5.2682,2.7212,-1.0827,67.658,4t4d,0.22,0.0,0.0
4270,1033.142,-5.2605,2.7411,-1.0838,67.644,4t4d,0.249,0.0,0.0
4271,1033.352,-5.2349,2.8044,-1.0887,67.562,4t4d,0.259,0.0,0.0
4272,1033.561,-5.2186,2.8464,-1.0924,67.475,4t4d,0.261,0.0,0.0
4273,1033.771,-5.2023,2.8887,-1.0965,67.427,4t4d,0.251,0.0,0.0
4274,1033.98,-5.1759,2.9561,-1.105,67.559,4t4d,0.219,0.0,0.0
4275,1034.191,-5.1561,3.0056,-1.1097,67.672,4t4d,0.251,0.0,0.0
4276,1034.41,-5.1473,3.0281,-1.1125,67.815,4t4d,0.238,0.0,0.0
4277,1034.648,-5.1185,3.1032,-1.1221,67.888,4t4d,0.237,0.0,0.0
4278,1034.859,-5.1021,3.1453,-1.1273,67.798,4t4d,0.242,0.0,0.0
4279,1035.069,-5.0836,3.1926,-1.1332,67.799,4t4d,0.244,0.0,0.0
4280,1035.282,-5.0572,3.2614,-1.1437,67.763,4t4d,0.227,0.0,0.0
4281,1035.496,-5.0489,3.2841,-1.1448,67.885,4t4d,0.25,0.0,0.0
4282,1035.708,-5.0206,3.3583,-1.1501,67.871,4t4d,0.267,0.0,0.0
4283,1035.934,-4.9927,3.431,-1.1551,67.969,4t4d,0.268,0.0,0.0
4284,1036.145,-4.982,3.4594,-1.1579,67.959,4t4d,0.265,0.0,0.0
4285,1036.351,-4.9494,3.5446,-1.1636,68.078,4t4d,0.213,0.0,0.0
4286,1036.565,-4.9297,3.5958,-1.1669,68.128,4t4d,0.253,0.0,0.0
4287,1036.794,-4.9105,3.6451,-1.1689,68.173,4t4d,0.255,0.0,0.0
4288,1037.006,-4.8914,3.6971,-1.168,68.356,4t4d,0.228,0.0,0.0
4289,1037.225,-4.8618,3.7754,-1.1695,68.521,4t4d,0.251,0.0,0.0
4290,1037.441,-4.8432,3.8243,-1.1707,68.599,4t4d,0.278,0.0,0.0
4291,1037.655,-4.8244,3.8761,-1.1725,68.645,4t4d,0.258,0.0,0.0
4292,1037.864,-4.7982,3.9441,-1.1733,67.987,4t4d,0.256,0.0,0.0
4293,1038.078,-4.7893,3.9663,-1.1736,67.7,4t4d,0.226,0.0,0.0
4294,1038.296,-4.7635,4.0311,-1.1743,67.502,4t4d,0.256,0.0,0.0
4295,1038.524,-4.746,4.0772,-1.1731,67.467,4t4d,0.275,0.0,0.0
4296,1038.742,-4.7287,4.1218,-1.1739,67.367,4t4d,0.268,0.0,0.0
4297,1038.957,-4.6995,4.1938,-1.1755,67.179,4t4d,0.244,0.0,0.0
4298,1039.167,-4.6907,4.2144,-1.1757,67.139,4t4d,0.249,0.0,-3.99
4299,1039.377,-4.6597,4.2925,-1.1772,66.962,4t4d,0.22,0.0,0.0
4300,1039.588,-4.6403,4.3408,-1.1786,66.874,4t4d,0.264,0.0,0.0
4301,1039.802,-4.6222,4.3831,-1.1785,66.838,4t4d,0.275,0.0,0.0
4302,1040.016,-4.6035,4.429,-1.1789,66.906,4t4d,0.266,0.0,0.0
4303,1040.232,-4.583,4.4805,-1.1798,67.172,4t4d,0.261,0.0,0.0
4304,1040.455,-4.5566,4.5481,-1.1806,67.135,4t4d,0.27,0.0,0.0
4305,1040.668,-4.5465,4.5745,-1.181,67.102,4t4d,0.276,0.0,0.0
4306,1040.877,-4.5169,4.6473,-1.1797,67.119,4t4d,0.225,0.0,0.0
4307,1041.09,-4.4986,4.6931,-1.1798,67.054,4t4d,0.265,0.0,0.0
4308,1041.305,-4.4811,4.738,-1.181,67.153,4t4d,0.275,0.0,0.0
4309,1041.517,-4.4629,4.7844,-1.1812,67.357,4t4d,0.261,0.0,0.0
4310,1041.749,-4.4345,4.8559,-1.1822,67.522,4t4d,0.273,0.0,0.0
4311,1041.96,-4.4098,4.92,-1.1828,67.929,4t4d,0.261,0.0,0.0
4312,1042.168,-4.39,4.9728,-1.1832,67.983,4t4d,0.231,0.0,0.0
4313,1042.378,-4.3719,5.0161,-1.1843,67.531,4t4d,0.26,0.0,0.0
4314,1042.587,-4.3526,5.0609,-1.1846,67.003,4t4d,0.243,0.0,0.0
4315,1042.798,-4.3423,5.0855,-1.1849,66.92,4t4d,0.252,0.0,0.0
4316,1043.012,-4.3131,5.1568,-1.186,66.411,4t4d,0.253,0.0,0.0
4317,1043.228,-4.2957,5.1991,-1.1869,66.327,4t4d,0.252,0.0,0.0
4318,1043.44,-4.2768,5.2466,-1.1876,67.397,4t4d,0.219,0.0,0.0
4319,1043.652,-4.2472,5.3226,-1.1882,68.268,4t4d,0.268,0.0,0.0
4320,1043.862,-4.2362,5.3509,-1.1895,68.304,4t4d,0.26,0.0,0.0
4321,1044.078,-4.2101,5.4205,-1.1914,68.4,4t4d,0.274,0.0,0.0
4322,1044.295,-4.1924,5.471,-1.193,69.003,4t4d,0.248,0.0,0.0
4323,1044.513,-4.1643,5.5467,-1.194,69.122,4t4d,0.262,0.0,7.32
4324,1044.735,-4.1457,5.5975,-1.1934,69.187,4t4d,0.257,0.0,0.0
4325,1044.954,-4.1364,5.6232,-1.1932,69.228,4t4d,0.255,0.0,0.0
4326,1045.169,-4.1168,5.6749,-1.1937,68.972,4t4d,0.27,0.0,0.0
4327,1045.379,-4.0901,5.7476,-1.1954,68.855,4t4d,0.26,0.0,3.89
4328,1045.593,-4.0701,5.8024,-1.1957,68.662,4t4d,0.267,0.0,0.0
4329,1045.802,-4.0512,5.8534,-1.1957,68.465,4t4d,0.271,0.0,0.0
4330,1046.018,-4.0237,5.9239,-1.1945,68.263,4t4d,0.277,0.0,0.0
4331,1046.237,-4.0044,5.9719,-1.195,67.822,4t4d,0.295,0.0,0.0
4332,1046.453,-3.9857,6.0188,-1.1953,67.761,4t4d,0.269,0.0,0.0
4333,1046.669,-3.9539,6.0997,-1.1965,67.635,4t4d,0.268,0.0,0.0
4334,1046.886,-3.9367,6.1444,-1.1963,67.427,4t4d,0.254,0.0,0.0
4335,1047.114,-3.9261,6.1711,-1.1964,67.37,4t4d,0.28,0.0,0.0
4336,1047.33,-3.8891,6.2652,-1.1976,67.553,4t4d,0.306,0.0,0.0
4337,1047.558,-3.8825,6.2819,-1.198,67.455,4t4d,0.265,0.0,0.0
4338,1047.774,-3.8598,6.3429,-1.199,67.333,4t4d,0.267,0.0,0.0
4339,1047.987,-3.8459,6.378,-1.1994,67.292,4t4d,0.26,0.0,0.0
4340,1048.206,-3.8324,6.4111,-1.2003,67.243,4t4d,0.279,0.0,0.0
4341,1048.417,-3.811,6.4631,-1.1988,67.229,4t4d,0.247,0.0,0.0
4342,1048.629,-3.8031,6.4827,-1.1989,67.183,4t4d,0.224,0.0,0.0
4343,1048.844,-3.7816,6.5361,-1.1985,67.119,4t4d,0.214,0.0,0.0
4344,1049.062,-3.7737,6.5557,-1.1986,67.08,4t4d,0.187,0.0,0.0
4345,1049.274,-3.7543,6.6029,-1.1996,66.966,4t4d,0.195,0.0,0.0
4346,1049.488,-3.7331,6.6562,-1.2019,66.943,4t4d,0.213,0.0,0.0
4347,1049.697,-3.7173,6.6959,-1.2027,66.889,4t4d,0.25,0.0,0.0
4348,1049.91,-3.6999,6.738,-1.2039,66.818,4t4d,0.195,0.0,0.0
4349,1050.123,-3.6908,6.7599,-1.2049,66.769,4t4d,0.174,0.0,0.0
4350,1050.353,-3.6613,6.83,-1.2047,66.767,4t4d,0.19,0.0,0.0
4351,1050.566,-3.6424,6.8762,-1.2041,67.255,4t4d,0.194,0.0,0.0
4352,1050.778,-3.6136,6.9552,-1.2047,69.179,4t4d,0.17,0.0,0.0
4353,1050.99,-3.6047,6.9803,-1.2052,69.448,4t4d,0.235,0.0,0.0
4354,1051.206,-3.5761,7.0623,-1.2065,69.54,4t4d,0.218,0.0,0.0
4355,1051.416,-3.5581,7.1147,-1.2063,69.855,4t4d,0.267,0.0,0.0
4356,1051.629,-3.5315,7.1935,-1.2064,69.845,4t4d,0.258,0.0,0.0
4357,1051.844,-3.5118,7.2464,-1.2066,69.26,4t4d,0.307,0.0,7.05
4358,1052.06,-3.4911,7.2994,-1.2069,68.071,4t4d,0.263,0.0,0.0
4359,1052.275,-3.4715,7.3491,-1.2076,67.893,4t4d,0.278,0.0,0.0
4360,1052.486,-3.4471,7.4087,-1.2095,67.855,4t4d,0.312,0.0,0.0
4361,1052.696,-3.4176,7.4831,-1.2112,67.662,4t4d,0.276,0.0,0.0
4362,1052.907,-3.3982,7.5322,-1.2118,67.546,4t4d,0.312,0.0,0.0
4363,1053.12,-3.3759,7.5871,-1.2128,67.411,4t4d,0.305,0.0,-7.56
4364,1053.328,-3.3531,7.6465,-1.2141,67.414,4t4d,0.284,0.0,0.0
4365,1053.54,-3.3436,7.6715,-1.2143,67.364,4t4d,0.318,0.0,0.0
4366,1053.752,-3.3104,7.7576,-1.2158,67.494,4t4d,0.262,0.0,0.0
4367,1053.967,-3.291,7.8073,-1.2171,67.362,4t4d,0.291,0.0,0.0
4368,1054.176,-3.2583,7.8898,-1.2181,67.325,4t4d,0.295,0.0,0.0
4369,1054.386,-3.2382,7.9397,-1.2173,67.198,4t4d,0.291,0.0,0.0
4370,1054.598,-3.2158,7.9976,-1.2171,67.224,4t4d,0.295,0.0,0.0
4371,1054.813,-3.1943,8.0492,-1.2181,66.894,4t4d,0.279,0.0,0.0
4372,1055.029,-3.1719,8.103,-1.2183,66.872,4t4d,0.284,0.0,0.0
4373,1055.25,-3.1492,8.156,-1.2179,66.814,4t4d,0.292,0.0,0.0
4374,1055.467,-3.1164,8.2367,-1.2201,67.293,4t4d,0.266,0.0,0.0
4375,1055.688,-3.0967,8.2888,-1.2214,67.956,4t4d,0.288,0.0,0.0
4376,1055.897,-3.0741,8.3458,-1.221,68.025,4t4d,0.306,0.0,0.0
4377,1056.106,-3.0413,8.4293,-1.2212,67.989,4t4d,0.317,0.0,0.0
4378,1056.329,-3.0192,8.4853,-1.2223,67.929,4t4d,0.295,0.0,0.0
4379,1056.542,-2.9973,8.5392,-1.2236,68.077,4t4d,0.314,0.0,0.0
4380,1056.758,-2.9754,8.5971,-1.2259,68.014,4t4d,0.306,0.0,4.94
4381,1056.972,-2.9559,8.6495,-1.2272,68.056,4t4d,0.306,0.0,0.0
4382,1057.184,-2.9223,8.7369,-1.2269,68.054,4t4d,0.293,0.0,0.0
4383,1057.404,-2.9104,8.7669,-1.2268,68.057,4t4d,0.306,0.0,0.0
4384,1057.629,-2.8753,8.8575,-1.2279,68.049,4t4d,0.306,0.0,0.0
4385,1057.845,-2.8692,8.8704,-1.2301,67.826,4t4d,0.309,0.0,0.0
4386,1058.061,-2.8201,8.999,-1.2324,68.054,4t4d,0.303,0.0,0.0
4387,1058.277,-2.8008,9.0491,-1.2328,67.981,4t4d,0.287,0.0,0.0
4388,1058.487,-2.7802,9.1034,-1.232,68.169,4t4d,0.31,0.0,0.0
4389,1058.698,-2.7614,9.152,-1.2323,68.183,4t4d,0.285,0.0,0.0
4390,1058.907,-2.7395,9.2095,-1.2332,68.154,4t4d,0.301,0.0,0.0
4391,1059.116,-2.7207,9.2572,-1.2332,68.11,4t4d,0.321,0.0,0.0
4392,1059.327,-2.6948,9.3256,-1.2353,68.09,4t4d,0.305,0.0,0.0
4393,1059.538,-2.6854,9.3502,-1.2355,68.148,4t4d,0.285,0.0,0.0
4394,1059.756,-2.6571,9.4263,-1.2365,68.25,4t4d,0.277,0.0,0.0
4395,1059.973,-2.64,9.4713,-1.2375,68.21,4t4d,0.271,0.0,0.0
4396,1060.187,-2.6201,9.524,-1.2384,68.194,4t4d,0.263,0.0,0.0
4397,1060.4,-2.5923,9.5987,-1.2386,68.056,4t4d,0.273,0.0,0.0
4398,1060.62,-2.5717,9.6524,-1.2386,67.934,4t4d,0.258,0.0,0.0
4399,1060.835,-2.5522,9.7033,-1.2402,67.705,4t4d,0.263,0.0,0.0
4400,1061.056,-2.5331,9.7533,-1.2417,67.643,4t4d,0.257,0.0,0.0
4401,1061.266,-2.5143,9.8007,-1.2423,67.579,4t4d,0.302,0.0,0.0
4402,1061.494,-2.4819,9.8821,-1.2427,67.638,4t4d,0.283,0.0,0.0
4403,1061.722,-2.462,9.9323,-1.2435,67.613,4t4d,0.275,0.0,0.0
4404,1061.93,-2.4428,9.9789,-1.2434,67.606,4t4d,0.289,0.0,0.0
4405,1062.139,-2.4204,10.0357,-1.243,67.554,4t4d,0.269,0.0,0.0
4406,1062.346,-2.4041,10.0774,-1.243,67.479,4t4d,0.278,0.0,0.0
4407,1062.562,-2.3782,10.145,-1.2437,67.377,4t4d,0.293,0.0,0.0
4408,1062.778,-2.3608,10.187,-1.2444,67.278,4t4d,0.275,0.0,0.0
4409,1062.993,-2.3529,10.2087,-1.2446,67.262,4t4d,0.244,0.0,0.0
4410,1063.214,-2.3246,10.2785,-1.2451,67.037,4t4d,0.256,0.0,0.0
4411,1063.428,-2.2979,10.3462,-1.2461,66.883,4t4d,0.234,0.0,0.0
4412,1063.642,-2.2807,10.3893,-1.2467,66.851,4t4d,0.251,0.0,0.0
4413,1063.858,-2.2611,10.4373,-1.2467,66.802,4t4d,0.258,0.0,0.0
4414,1064.073,-2.2419,10.4833,-1.2475,66.714,4t4d,0.237,0.0,0.0
4415,1064.299,-2.2222,10.53,-1.2486,66.451,4t4d,0.252,0.0,0.0
4416,1064.516,-2.2012,10.5795,-1.248,66.234,4t4d,0.242,0.0,0.0
4417,1064.724,-2.171,10.6527,-1.2498,66.043,4t4d,0.26,0.0,0.0
4418,1064.937,-2.1601,10.6801,-1.2503,66.162,4t4d,0.251,0.0,0.0
4419,1065.151,-2.1318,10.7468,-1.2516,66.133,4t4d,0.256,0.0,0.0
4420,1065.36,-2.103,10.8149,-1.2516,66.269,4t4d,0.257,0.0,0.0
4421,1065.594,-2.0855,10.8555,-1.2516,66.146,4t4d,0.25,0.0,0.0
4422,1065.82,-2.0622,10.9137,-1.2504,66.185,4t4d,0.264,0.0,0.0
4423,1066.033,-2.0443,10.957,-1.2513,66.14,4t4d,0.252,0.0,0.0
4424,1066.242,-2.0238,11.0052,-1.2517,66.395,4t4d,0.266,0.0,0.0
4425,1066.455,-2.0051,11.0492,-1.2524,66.468,4t4d,0.27,0.0,0.0
4426,1066.666,-1.9721,11.1272,-1.2537,66.736,4t4d,0.246,0.0,0.0
4427,1066.877,-1.9535,11.1754,-1.2537,66.832,4t4d,0.306,0.0,0.0
4428,1067.088,-1.9333,11.2273,-1.2539,67.059,4t4d,0.277,0.0,0.0
4429,1067.299,-1.9151,11.2745,-1.2551,67.58,4t4d,0.253,0.0,0.0
4430,1067.509,-1.8864,11.3506,-1.2559,68.067,4t4d,0.276,0.0,0.0
4431,1067.721,-1.867,11.4021,-1.2563,68.379,4t4d,0.28,0.0,0.0
4432,1067.932,-1.8578,11.4261,-1.2564,68.495,4t4d,0.271,0.0,0.0
4433,1068.142,-1.8277,11.5058,-1.2572,68.545,4t4d,0.269,0.0,0.0
4434,1068.355,-1.8185,11.531,-1.2578,68.589,4t4d,0.29,0.0,3.83
4435,1068.565,-1.79,11.6073,-1.2598,68.662,4t4d,0.266,0.0,0.0
4436,1068.78,-1.7612,11.6857,-1.2587,68.738,4t4d,0.265,0.0,0.0
4437,1069.005,-1.7407,11.7428,-1.2589,68.681,4t4d,0.294,0.0,0.0
4438,1069.22,-1.7203,11.7985,-1.2593,68.81,4t4d,0.286,0.0,0.0
4439,1069.431,-1.7037,11.842,-1.2609,68.651,4t4d,0.261,0.0,0.0
4440,1069.642,-1.6824,11.8998,-1.2611,68.764,4t4d,0.297,0.0,0.0
4441,1069.854,-1.6547,11.972,-1.2615,68.362,4t4d,0.261,0.0,0.0
4442,1070.069,-1.632,12.0331,-1.2623,68.298,4t4d,0.298,0.0,0.0
4443,1070.279,-1.6217,12.0591,-1.2627,68.228,4t4d,0.299,0.0,0.0
4444,1070.489,-1.6022,12.1101,-1.2645,68.121,4t4d,0.311,0.0,0.0
4445,1070.712,-1.5693,12.1958,-1.2676,68.019,4t4d,0.284,0.0,0.0
4446,1070.923,-1.5394,12.2753,-1.2687,68.019,4t4d,0.298,0.0,0.0
4447,1071.132,-1.5196,12.3296,-1.2703,68.084,4t4d,0.338,0.0,0.0
4448,1071.35,-1.5004,12.3816,-1.2715,68.146,4t4d,0.255,0.0,0.0
4449,1071.562,-1.48,12.4346,-1.2714,68.259,4t4d,0.312,0.0,0.0
4450,1071.774,-1.4685,12.4655,-1.2714,68.214,4t4d,0.314,0.0,0.0
4451,1071.981,-1.4386,12.5434,-1.2704,67.893,4t4d,0.273,0.0,0.0
4452,1072.192,-1.4065,12.6262,-1.2708,67.737,4t4d,0.278,0.0,0.0
4453,1072.411,-1.388,12.673,-1.2727,67.599,4t4d,0.311,0.0,0.0
4454,1072.619,-1.368,12.7249,-1.2735,67.712,4t4d,0.31,0.0,0.0
4455,1072.824,-1.3448,12.7848,-1.2725,67.757,4t4d,0.254,0.0,0.0
4456,1073.037,-1.3257,12.835,-1.2722,67.806,4t4d,0.304,0.0,0.0
4457,1073.246,-1.3041,12.8919,-1.2722,67.787,4t4d,0.266,0.0,0.0
4458,1073.458,-1.2823,12.9482,-1.2729,67.64,4t4d,0.277,0.0,0.0
4459,1073.681,-1.2497,13.0294,-1.2758,67.499,4t4d,0.29,0.0,0.0
4460,1073.893,-1.2272,13.0852,-1.2766,67.429,4t4d,0.305,0.0,0.0
4461,1074.106,-1.2053,13.1388,-1.2768,67.3,4t4d,0.3,0.0,0.0
4462,1074.318,-1.186,13.1862,-1.2773,67.219,4t4d,0.307,0.0,0.0
4463,1074.525,-1.1543,13.266,-1.2777,67.176,4t4d,0.273,0.0,0.0
4464,1074.736,-1.1438,13.2917,-1.2778,67.23,4t4d,0.296,0.0,0.0
4465,1074.946,-1.1094,13.3768,-1.2787,67.236,4t4d,0.289,0.0,0.0
4466,1075.153,-1.0875,13.4314,-1.28,67.34,4t4d,0.262,0.0,0.0
4467,1075.359,-1.0648,13.4887,-1.28,67.272,4t4d,0.238,0.0,0.0
4468,1075.566,-1.0454,13.5367,-1.2809,67.187,4t4d,0.272,0.0,0.0
4469,1075.775,-1.0232,13.5931,-1.2809,67.302,4t4d,0.343,0.0,0.0
4470,1075.994,-1.0019,13.6472,-1.2817,67.396,4t4d,0.301,0.0,0.0
4471,1076.211,-0.9694,13.7297,-1.2836,67.497,4t4d,0.294,0.0,0.0
4472,1076.422,-0.9472,13.7847,-1.2866,67.449,4t4d,0.326,0.0,0.0
4473,1076.641,-0.9244,13.8417,-1.2898,67.492,4t4d,0.282,0.0,0.0
4474,1076.856,-0.9019,13.8981,-1.2904,67.491,4t4d,0.288,0.0,0.0
4475,1077.067,-0.8697,13.9777,-1.2898,67.448,4t4d,0.296,0.0,0.0
4476,1077.294,-0.8492,14.0317,-1.2888,67.387,4t4d,0.29,0.0,0.0
4477,1077.509,-0.8279,14.0872,-1.2886,67.399,4t4d,0.289,0.0,0.0
4478,1077.732,-0.7916,14.1785,-1.2902,67.395,4t4d,0.308,0.0,0.0
4479,1077.94,-0.7691,14.2345,-1.2905,67.404,4t4d,0.307,0.0,0.0
4480,1078.15,-0.7498,14.2792,-1.2908,67.43,4t4d,0.288,0.0,0.0
4481,1078.361,-0.7246,14.3438,-1.2904,67.724,4t4d,0.294,0.0,0.0
4482,1078.571,-0.7024,14.3998,-1.2902,67.662,4t4d,0.324,0.0,0.0
4483,1078.783,-0.6809,14.455,-1.2889,67.672,4t4d,0.317,0.0,0.0
4484,1078.996,-0.6491,14.5352,-1.2902,67.193,4t4d,0.312,0.0,0.0
4485,1079.206,-0.6245,14.5976,-1.2916,67.092,4t4d,0.295,0.0,0.0
4486,1079.421,-0.604,14.6479,-1.2921,66.977,4t4d,0.321,0.0,0.0
4487,1079.633,-0.5815,14.7035,-1.2935,66.919,4t4d,0.308,0.0,0.0
4488,1079.844,-0.5602,14.7572,-1.2942,66.851,4t4d,0.326,0.0,0.0
4489,1080.054,-0.5493,14.7846,-1.2939,66.819,4t4d,0.32,0.0,0.0
4490,1080.262,-0.516,14.8649,-1.2949,66.738,4t4d,0.284,0.0,0.0
4491,1080.47,-0.4935,14.9187,-1.2958,66.747,4t4d,0.276,0.0,0.0
4492,1080.679,-0.4698,14.975,-1.2948,66.751,4t4d,0.292,0.0,0.0
4493,1080.889,-0.4335,15.0563,-1.2941,66.716,4t4d,0.294,0.0,0.0
4494,1081.1,-0.4107,15.1129,-1.2951,66.643,4t4d,0.269,0.0,0.0
4495,1081.314,-0.3872,15.17,-1.2945,66.487,4t4d,0.293,0.0,0.0
4496,1081.525,-0.3661,15.2201,-1.295,66.342,4t4d,0.263,0.0,0.0
4497,1081.735,-0.3409,15.2815,-1.2968,66.221,4t4d,0.315,0.0,0.0
4498,1081.942,-0.3176,15.3383,-1.2989,66.343,4t4d,0.3,0.0,0.0
4499,1082.158,-0.2929,15.3946,-1.2989,66.233,4t4d,0.327,0.0,0.0
4500,1082.366,-0.2609,15.4726,-1.2992,66.215,4t4d,0.291,0.0,0.0
4501,1082.579,-0.2393,15.5265,-1.2985,66.737,4t4d,0.284,0.0,0.0
4502,1082.79,-0.2138,15.5897,-1.2982,67.047,4t4d,0.315,0.0,0.0
4503,1082.999,-0.1927,15.6411,-1.2983,67.046,4t4d,0.29,0.0,0.0
4504,1083.217,-0.1587,15.7311,-1.2987,68.071,4t4d,0.312,0.0,0.0
4505,1083.451,-0.1489,15.757,-1.2998,68.051,4t4d,0.31,0.0,0.0
4506,1083.664,-0.1157,15.8432,-1.2998,68.043,4t4d,0.296,0.0,0.0
4507,1083.874,-0.0848,15.9269,-1.302,68.698,4t4d,0.325,0.0,0.0
4508,1084.096,-0.0635,15.9882,-1.3025,69.271,4t4d,0.287,0.0,0.0
4509,1084.311,-0.0451,16.0377,-1.3036,69.219,4t4d,0.306,0.0,5.8
4510,1084.533,-0.0257,16.0915,-1.3046,69.161,4t4d,0.326,0.0,0.0
4511,1084.745,-0.0057,16.1473,-1.3054,69.311,4t4d,0.306,0.0,0.0
4512,1084.957,0.0136,16.201,-1.3068,69.302,4t4d,0.301,0.0,0.0
4513,1085.169,0.0465,16.2927,-1.3087,69.387,4t4d,0.303,0.0,5.55
4514,1085.379,0.0545,16.3142,-1.3096,69.363,4t4d,0.267,0.0,0.0
4515,1085.589,0.0857,16.3986,-1.3104,69.375,4t4d,0.258,0.0,0.0
4516,1085.801,0.1051,16.4517,-1.3116,69.366,4t4d,0.288,0.0,0.0
4517,1086.012,0.125,16.5062,-1.3124,68.798,4t4d,0.317,0.0,0.0
4518,1086.232,0.156,16.5833,-1.3153,67.483,4t4d,0.295,0.0,0.0
4519,1086.442,0.1779,16.6388,-1.3163,67.307,4t4d,0.288,0.0,0.0
4520,1086.666,0.2003,16.6967,-1.3173,67.337,4t4d,0.283,0.0,0.0
4521,1086.881,0.2093,16.7178,-1.3175,67.318,4t4d,0.29,0.0,0.0
4522,1087.092,0.2534,16.8267,-1.3179,67.275,4t4d,0.304,0.0,0.0
4523,1087.301,0.2631,16.8508,-1.3182,67.252,4t4d,0.308,0.0,0.0
4524,1087.511,0.2969,16.9358,-1.32,67.307,4t4d,0.3,0.0,0.0
4525,1087.724,0.3177,16.9897,-1.3218,67.297,4t4d,0.287,0.0,0.0
4526,1087.934,0.3391,17.0445,-1.3235,67.059,4t4d,0.3,0.0,0.0
4527,1088.156,0.3608,17.1019,-1.3213,67.011,4t4d,0.303,0.0,0.0
4528,1088.364,0.3919,17.1787,-1.3208,66.413,4t4d,0.266,0.0,0.0
4529,1088.575,0.4149,17.2338,-1.3213,66.324,4t4d,0.308,0.0,0.0
4530,1088.785,0.4383,17.2897,-1.3198,66.248,4t4d,0.298,0.0,0.0
4531,1088.997,0.4634,17.3464,-1.3198,66.24,4t4d,0.307,0.0,0.0
4532,1089.207,0.4858,17.3975,-1.3188,66.317,4t4d,0.259,0.0,0.0
4533,1089.419,0.5104,17.4572,-1.3196,66.548,4t4d,0.303,0.0,0.0
4534,1089.631,0.5433,17.5343,-1.3214,66.497,4t4d,0.295,0.0,0.0
4535,1089.845,0.5645,17.5854,-1.3216,66.362,4t4d,0.308,0.0,0.0
4536,1090.058,0.5882,17.6425,-1.3218,66.286,4t4d,0.303,0.0,0.0
4537,1090.267,0.6104,17.6962,-1.3211,66.411,4t4d,0.295,0.0,0.0
4538,1090.479,0.6341,17.7529,-1.3211,66.433,4t4d,0.312,0.0,0.0
4539,1090.688,0.6567,17.808,-1.3225,66.803,4t4d,0.299,0.0,0.0
4540,1090.898,0.69,17.8926,-1.3225,67.06,4t4d,0.306,0.0,0.0
4541,1091.109,0.7011,17.9221,-1.3231,67.454,4t4d,0.31,0.0,0.0
4542,1091.321,0.7325,18.0046,-1.3241,67.579,4t4d,0.297,0.0,0.0
4543,1091.535,0.7523,18.061,-1.3249,67.729,4t4d,0.302,0.0,0.0
4544,1091.746,0.7714,18.1124,-1.3259,67.776,4t4d,0.27,0.0,0.0
4545,1091.957,0.7909,18.1637,-1.3278,67.749,4t4d,0.3,0.0,0.0
4546,1092.184,0.8236,18.2527,-1.3284,67.867,4t4d,0.301,0.0,4.31
4547,1092.394,0.8449,18.3077,-1.3283,67.886,4t4d,0.299,0.0,0.0
4548,1092.606,0.8671,18.3652,-1.3292,67.843,4t4d,0.275,0.0,0.0
4549,1092.818,0.8877,18.4189,-1.3286,67.855,4t4d,0.298,0.0,0.0
4550,1093.035,0.8993,18.4494,-1.3291,67.869,4t4d,0.316,0.0,0.0
4551,1093.272,0.9401,18.5543,-1.3308,67.701,4t4d,0.315,0.0,0.0
4552,1093.483,0.9591,18.6028,-1.3318,67.556,4t4d,0.309,0.0,0.0
4553,1093.697,0.9663,18.6221,-1.3315,67.529,4t4d,0.296,0.0,0.0
4554,1093.908,0.9682,18.6267,-1.3316,67.512,4t4d,0.296,0.0,0.0
4555,1094.118,0.9688,18.6282,-1.3317,67.512,4t4d,0.308,0.0,0.0
4556,1094.337,0.9691,18.6291,-1.332,67.51,4t4d,0.313,0.0,0.0
4557,1094.553,0.9698,18.6306,-1.3322,67.513,4t4d,0.287,0.0,0.0
4558,1094.772,0.9668,18.623,-1.3323,67.52,4t4d,0.159,0.0,0.0
4559,1094.982,0.9492,18.5785,-1.3319,67.599,4t4d,0.034,0.0,0.0
4560,1095.191,0.94,18.5554,-1.331,67.619,4t4d,0.005,0.0,0.0
4561,1095.401,0.9234,18.5122,-1.3305,67.51,4t4d,0.014,0.0,0.0
4562,1095.62,0.8992,18.4495,-1.3284,67.413,4t4d,0.003,0.0,0.0
4563,1095.83,0.8932,18.4335,-1.3282,67.198,4t4d,-0.049,0.0,0.0
4564,1096.042,0.8717,18.3787,-1.3273,66.971,4t4d,-0.147,0.0,0.0
4565,1096.272,0.8414,18.3048,-1.3275,66.858,4t4d,-0.226,0.0,0.0
4566,1096.482,0.8223,18.2566,-1.3274,66.608,4t4d,-0.241,0.0,0.0
4567,1096.692,0.801,18.2051,-1.3277,66.553,4t4d,-0.226,0.0,0.0
4568,1096.929,0.7896,18.1773,-1.3275,66.604,4t4d,-0.218,0.0,0.0
4569,1097.139,0.7588,18.1032,-1.3248,66.774,4t4d,-0.194,0.0,0.0
4570,1097.354,0.7172,18.0018,-1.3236,66.614,4t4d,-0.26,0.0,0.0
4571,1097.566,0.7043,17.9688,-1.3239,66.391,4t4d,-0.302,0.0,0.0
4572,1097.784,0.6684,17.8827,-1.3224,66.476,4t4d,-0.253,0.0,0.0
4573,1097.998,0.6461,17.8293,-1.322,66.458,4t4d,-0.293,0.0,0.0
4574,1098.218,0.6152,17.7552,-1.321,66.29,4t4d,-0.322,0.0,0.0
4575,1098.43,0.6048,17.7289,-1.3209,66.315,4t4d,-0.375,0.0,0.0
4576,1098.64,0.5738,17.6549,-1.3214,66.395,4t4d,-0.341,0.0,0.0
4577,1098.855,0.565,17.6341,-1.3214,66.377,4t4d,-0.335,0.0,0.0
4578,1099.071,0.534,17.5575,-1.3209,66.343,4t4d,-0.287,0.0,0.0
4579,1099.286,0.5152,17.5136,-1.3191,66.327,4t4d,-0.292,0.0,0.0
4580,1099.502,0.4862,17.4433,-1.3173,66.415,4t4d,-0.247,0.0,0.0
4581,1099.714,0.4656,17.3943,-1.3175,66.597,4t4d,-0.243,0.0,0.0
4582,1099.928,0.4451,17.3452,-1.3176,66.515,4t4d,-0.258,0.0,0.0
4583,1100.141,0.4244,17.2967,-1.3172,66.588,4t4d,-0.26,0.0,0.0
4584,1100.353,0.4041,17.2479,-1.3179,66.658,4t4d,-0.255,0.0,0.0
4585,1100.579,0.3751,17.1769,-1.3176,66.769,4t4d,-0.279,0.0,0.0
4586,1100.809,0.3564,17.1331,-1.3172,67.372,4t4d,-0.26,0.0,0.0
4587,1101.02,0.3387,17.0899,-1.3172,68.282,4t4d,-0.273,0.0,0.0
4588,1101.23,0.3124,17.0195,-1.3175,68.453,4t4d,-0.28,0.0,0.0
4589,1101.442,0.2949,16.9739,-1.3166,68.352,4t4d,-0.27,0.0,0.0
4590,1101.657,0.2769,16.9264,-1.3155,68.081,4t4d,-0.248,0.0,0.0
4591,1101.869,0.2602,16.8823,-1.315,68.032,4t4d,-0.248,0.0,3.96
4592,1102.087,0.2446,16.8415,-1.315,67.936,4t4d,-0.262,0.0,5.16
4593,1102.298,0.2292,16.8023,-1.3144,67.918,4t4d,-0.232,0.0,0.0
4594,1102.51,0.208,16.7459,-1.3139,67.426,4t4d,-0.237,0.0,0.0
4595,1102.729,0.1941,16.7097,-1.3137,67.353,4t4d,-0.252,0.0,0.0
4596,1102.939,0.181,16.6756,-1.3128,67.313,4t4d,-0.245,0.0,0.0
4597,1103.153,0.1749,16.6598,-1.3127,67.329,4t4d,-0.226,0.0,0.0
4598,1103.362,0.1472,16.5882,-1.3124,67.29,4t4d,-0.214,0.0,0.0
4599,1103.572,0.1406,16.5709,-1.3121,67.308,4t4d,-0.21,0.0,0.0
4600,1103.783,0.1188,16.515,-1.3117,67.341,4t4d,-0.198,0.0,0.0
4601,1103.996,0.1111,16.4962,-1.3108,67.385,4t4d,-0.187,0.0,0.0
4602,1104.205,0.0885,16.4381,-1.3098,67.397,4t4d,-0.183,0.0,0.0
4603,1104.423,0.0726,16.398,-1.3092,67.39,4t4d,-0.201,0.0,0.0
4604,1104.633,0.0567,16.3568,-1.3087,67.348,4t4d,-0.194,0.0,0.0
4605,1104.845,0.0337,16.2988,-1.3078,67.314,4t4d,-0.184,0.0,0.0
4606,1105.055,0.0181,16.2598,-1.307,67.28,4t4d,-0.212,0.0,0.0
4607,1105.268,-0.0003,16.2137,-1.3058,67.288,4t4d,-0.199,0.0,0.0
4608,1105.487,-0.0089,16.1927,-1.3052,67.266,4t4d,-0.233,0.0,0.0
4609,1105.718,-0.0367,16.1225,-1.3037,67.207,4t4d,-0.212,0.0,0.0
4610,1105.935,-0.056,16.074,-1.3026,67.151,4t4d,-0.178,0.0,0.0
4611,1106.149,-0.0836,16.0059,-1.3006,67.185,4t4d,-0.204,0.0,0.0
4612,1106.372,-0.1017,15.9609,-1.2999,67.192,4t4d,-0.25,0.0,0.0
4613,1106.592,-0.1206,15.9144,-1.2982,67.166,4t4d,-0.233,0.0,0.0
4614,1106.806,-0.1486,15.8451,-1.2969,67.151,4t4d,-0.221,0.0,0.0
4615,1107.018,-0.1666,15.7997,-1.2973,67.169,4t4d,-0.275,0.0,0.0
4616,1107.229,-0.1866,15.7497,-1.2978,67.156,4t4d,-0.243,0.0,0.0
4617,1107.441,-0.2025,15.7104,-1.2973,67.179,4t4d,-0.254,0.0,0.0
4618,1107.652,-0.2316,15.6357,-1.2958,67.151,4t4d,-0.266,0.0,0.0
4619,1107.869,-0.2404,15.6136,-1.2954,67.097,4t4d,-0.242,0.0,0.0
4620,1108.08,-0.2664,15.549,-1.2951,67.057,4t4d,-0.265,0.0,0.0
4621,1108.291,-0.276,15.5252,-1.2949,66.97,4t4d,-0.26,0.0,0.0
4622,1108.502,-0.2916,15.4861,-1.294,66.966,4t4d,-0.281,0.0,0.0
4623,1108.724,-0.3165,15.4239,-1.2938,66.971,4t4d,-0.238,0.0,0.0
4624,1108.932,-0.3326,15.384,-1.2941,66.909,4t4d,-0.233,0.0,0.0
4625,1109.151,-0.3477,15.3446,-1.2935,66.849,4t4d,-0.248,0.0,0.0
4626,1109.361,-0.3639,15.3043,-1.2921,66.864,4t4d,-0.246,0.0,0.0
4627,1109.588,-0.3786,15.2679,-1.2909,66.823,4t4d,-0.238,0.0,0.0
4628,1109.802,-0.4017,15.2098,-1.2897,66.888,4t4d,-0.211,0.0,0.0
4629,1110.016,-0.4247,15.1515,-1.2889,66.934,4t4d,-0.224,0.0,0.0
4630,1110.232,-0.4332,15.1294,-1.2887,66.861,4t4d,-0.223,0.0,0.0
4631,1110.445,-0.4566,15.0725,-1.2883,66.835,4t4d,-0.201,0.0,0.0
4632,1110.665,-0.4789,15.0166,-1.2885,66.962,4t4d,-0.211,0.0,0.0
4633,1110.88,-0.4873,14.9958,-1.288,66.9,4t4d,-0.204,0.0,0.0
4634,1111.096,-0.5078,14.9456,-1.288,66.863,4t4d,-0.204,0.0,0.0
4635,1111.308,-0.5221,14.9102,-1.2874,66.846,4t4d,-0.239,0.0,0.0
4636,1111.527,-0.5284,14.8947,-1.287,66.842,4t4d,-0.241,0.0,0.0
4637,1111.738,-0.5479,14.8455,-1.2858,66.832,4t4d,-0.225,0.0,0.0
4638,1111.948,-0.5708,14.7883,-1.2852,66.824,4t4d,-0.191,0.0,0.0
4639,1112.157,-0.5847,14.7537,-1.2861,66.801,4t4d,-0.207,0.0,0.0
4640,1112.375,-0.5998,14.7158,-1.286,66.795,4t4d,-0.216,0.0,0.0
4641,1112.586,-0.6061,14.7001,-1.286,66.807,4t4d,-0.157,0.0,0.0
4642,1112.799,-0.6284,14.6433,-1.2861,66.88,4t4d,-0.166,0.0,0.0
4643,1113.017,-0.6425,14.6081,-1.2853,66.914,4t4d,-0.189,0.0,0.0
4644,1113.23,-0.6573,14.572,-1.2848,66.855,4t4d,-0.22,0.0,0.0
4645,1113.44,-0.6767,14.5242,-1.2839,66.857,4t4d,-0.226,0.0,0.0
4646,1113.651,-0.6893,14.4917,-1.2832,66.852,4t4d,-0.177,0.0,0.0
4647,1113.863,-0.7021,14.4591,-1.2829,66.906,4t4d,-0.194,0.0,0.0
4648,1114.072,-0.7222,14.4098,-1.2829,66.871,4t4d,-0.191,0.0,0.0
4649,1114.281,-0.7289,14.3935,-1.2825,66.896,4t4d,-0.197,0.0,0.0
4650,1114.494,-0.7412,14.3629,-1.2819,66.869,4t4d,-0.195,0.0,0.0
4651,1114.706,-0.7594,14.3172,-1.2815,66.84,4t4d,-0.182,0.0,0.0
4652,1114.941,-0.7712,14.2876,-1.281,66.808,4t4d,-0.176,0.0,0.0
4653,1115.15,-0.7842,14.2566,-1.2802,66.813,4t4d,-0.161,0.0,0.0
4654,1115.359,-0.7979,14.2233,-1.2798,66.79,4t4d,-0.194,0.0,0.0
4655,1115.57,-0.8126,14.1865,-1.2784,66.766,4t4d,-0.202,0.0,0.0
4656,1115.781,-0.8274,14.1498,-1.2772,66.792,4t4d,-0.158,0.0,0.0
4657,1115.989,-0.8482,14.0988,-1.2761,66.775,4t4d,-0.183,0.0,0.0
4658,1116.197,-0.863,14.0612,-1.2766,66.74,4t4d,-0.195,0.0,0.0
4659,1116.407,-0.8743,14.0329,-1.2761,66.802,4t4d,-0.181,0.0,0.0
4660,1116.633,-0.886,14.0025,-1.2759,66.71,4t4d,-0.185,0.0,0.0
4661,1116.843,-0.8981,13.9728,-1.2755,66.764,4t4d,-0.21,0.0,0.0
4662,1117.053,-0.915,13.9296,-1.2753,66.745,4t4d,-0.208,0.0,0.0
4663,1117.262,-0.9208,13.9149,-1.2755,66.731,4t4d,-0.195,0.0,0.0
4664,1117.478,-0.9391,13.8702,-1.2755,66.714,4t4d,-0.185,0.0,0.0
4665,1117.693,-0.9497,13.8422,-1.2746,66.722,4t4d,-0.14,0.0,0.0
4666,1117.903,-0.962,13.8119,-1.2736,66.695,4t4d,-0.17,0.0,0.0
4667,1118.118,-0.9806,13.7676,-1.2721,66.693,4t4d,-0.166,0.0,0.0
4668,1118.329,-0.9865,13.7536,-1.2716,66.683,4t4d,-0.148,0.0,0.0
4669,1118.54,-1.0057,13.7071,-1.2711,66.663,4t4d,-0.159,0.0,0.0
4670,1118.755,-1.0167,13.6781,-1.2701,66.683,4t4d,-0.172,0.0,0.0
4671,1118.974,-1.0277,13.651,-1.2693,66.609,4t4d,-0.165,0.0,0.0
4672,1119.185,-1.0409,13.6191,-1.2684,66.555,4t4d,-0.151,0.0,0.0
4673,1119.4,-1.0583,13.5766,-1.2675,66.587,4t4d,-0.148,0.0,0.0
4674,1119.618,-1.069,13.5502,-1.2673,66.596,4t4d,-0.172,0.0,0.0
4675,1119.831,-1.0809,13.5207,-1.2673,66.569,4t4d,-0.149,0.0,0.0
4676,1120.041,-1.0916,13.4947,-1.2662,66.524,4t4d,-0.145,0.0,0.0
4677,1120.251,-1.1033,13.4663,-1.2656,66.602,4t4d,-0.175,0.0,0.0
4678,1120.461,-1.1208,13.4234,-1.2649,66.495,4t4d,-0.156,0.0,0.0
4679,1120.67,-1.1319,13.3963,-1.2643,66.54,4t4d,-0.146,0.0,0.0
4680,1120.88,-1.1429,13.3681,-1.2635,66.546,4t4d,-0.169,0.0,0.0
4681,1121.102,-1.1549,13.338,-1.2632,66.633,4t4d,-0.136,0.0,0.0
4682,1121.311,-1.1613,13.3227,-1.2632,66.621,4t4d,-0.148,0.0,0.0
4683,1121.516,-1.1877,13.2604,-1.2624,66.612,4t4d,-0.138,0.0,0.0
4684,1121.738,-1.1946,13.2433,-1.2624,66.587,4t4d,-0.162,0.0,0.0
4685,1121.947,-1.2133,13.1979,-1.2617,66.579,4t4d,-0.152,0.0,0.0
4686,1122.165,-1.2259,13.1659,-1.2618,66.589,4t4d,-0.164,0.0,0.0
4687,1122.378,-1.2384,13.1352,-1.2614,66.574,4t4d,-0.158,0.0,0.0
4688,1122.596,-1.2525,13.1024,-1.2614,66.572,4t4d,-0.172,0.0,0.0
4689,1122.805,-1.2728,13.0542,-1.2602,66.561,4t4d,-0.185,0.0,0.0
4690,1123.025,-1.2791,13.0389,-1.2595,66.588,4t4d,-0.179,0.0,0.0
4691,1123.235,-1.2988,12.9913,-1.258,66.608,4t4d,-0.168,0.0,0.0
4692,1123.438,-1.3108,12.9621,-1.257,66.742,4t4d,-0.155,0.0,0.0
4693,1123.654,-1.3237,12.9305,-1.2562,66.705,4t4d,-0.171,0.0,0.0
4694,1123.863,-1.3428,12.884,-1.2559,66.751,4t4d,-0.169,0.0,0.0
4695,1124.075,-1.3561,12.8517,-1.2561,66.737,4t4d,-0.163,0.0,0.0
4696,1124.288,-1.3688,12.8204,-1.2561,66.753,4t4d,-0.167,0.0,0.0
4697,1124.503,-1.3812,12.7888,-1.2561,66.707,4t4d,-0.171,0.0,0.0
4698,1124.719,-1.3949,12.7552,-1.2566,66.757,4t4d,-0.166,0.0,0.0
4699,1124.941,-1.416,12.7035,-1.2566,66.698,4t4d,-0.18,0.0,0.0
4700,1125.154,-1.4306,12.6656,-1.2557,65.697,4t4d,-0.17,0.0,0.0
4701,1125.364,-1.4444,12.6294,-1.2545,64.043,4t4d,-0.182,0.0,0.0
4702,1125.576,-1.461,12.5933,-1.2537,63.834,4t4d,-0.184,0.0,0.0
4703,1125.787,-1.477,12.5602,-1.2529,64.315,4t4d,-0.179,0.0,0.0
4704,1125.996,-1.5022,12.5094,-1.251,68.236,4t4d,-0.188,0.0,0.0
4705,1126.207,-1.5182,12.4724,-1.2501,71.401,4t4d,-0.158,0.0,0.0
4706,1126.42,-1.5296,12.4373,-1.2502,73.834,4t4d,-0.175,0.0,-8.98
4707,1126.631,-1.5424,12.392,-1.2506,74.554,4t4d,-0.185,0.0,0.0
4708,1126.847,-1.5561,12.3312,-1.2487,71.723,4t4d,-0.168,0.0,2.42
4709,1127.056,-1.5727,12.2732,-1.2479,68.579,4t4d,-0.178,0.0,12.6
4710,1127.265,-1.6064,12.1822,-1.2461,65.626,4t4d,-0.211,0.0,15.88
4711,1127.475,-1.6235,12.1404,-1.2434,65.794,4t4d,-0.214,0.0,14.1
4712,1127.685,-1.6461,12.0865,-1.2419,65.921,4t4d,-0.237,0.0,5.7
4713,1127.899,-1.6691,12.0317,-1.2415,65.948,4t4d,-0.302,0.0,-13.9
4714,1128.11,-1.6923,11.9784,-1.2409,66.524,4t4d,-0.268,0.0,-15.09
4715,1128.323,-1.7123,11.9304,-1.24,66.712,4t4d,-0.29,0.0,-5.42
4716,1128.548,-1.7456,11.8491,-1.2387,66.795,4t4d,-0.262,0.0,0.0
4717,1128.759,-1.7659,11.7992,-1.2368,67.387,4t4d,-0.31,0.0,0.0
4718,1128.981,-1.7838,11.7557,-1.2362,68.136,4t4d,-0.302,0.0,0.0
4719,1129.195,-1.8021,11.7076,-1.2359,68.587,4t4d,-0.282,0.0,0.0
4720,1129.413,-1.8187,11.6618,-1.2369,68.683,4t4d,-0.278,0.0,0.0
4721,1129.618,-1.8416,11.5995,-1.237,68.824,4t4d,-0.3,0.0,0.0
4722,1129.826,-1.8516,11.571,-1.2367,68.763,4t4d,-0.252,0.0,0.0
4723,1130.036,-1.8754,11.5072,-1.2345,68.848,4t4d,-0.261,0.0,3.99
4724,1130.247,-1.8829,11.4862,-1.2334,68.862,4t4d,-0.257,0.0,0.0
4725,1130.459,-1.9072,11.4221,-1.2335,69.638,4t4d,-0.238,0.0,0.0
4726,1130.669,-1.9231,11.3772,-1.2335,70.253,4t4d,-0.22,0.0,0.0
4727,1130.879,-1.9464,11.3083,-1.2326,70.331,4t4d,-0.261,0.0,0.0
4728,1131.099,-1.9546,11.2837,-1.2321,70.337,4t4d,-0.251,0.0,0.0
4729,1131.319,-1.9774,11.2157,-1.2318,70.366,4t4d,-0.236,0.0,0.0
4730,1131.534,-1.9938,11.1684,-1.2307,70.368,4t4d,-0.223,0.0,4.08
4731,1131.74,-2.0101,11.1202,-1.2296,70.463,4t4d,-0.218,0.0,3.99
4732,1131.947,-2.0244,11.0777,-1.2286,70.544,4t4d,-0.247,0.0,0.0
4733,1132.157,-2.0443,11.018,-1.2281,70.607,4t4d,-0.247,0.0,0.0
4734,1132.369,-2.0591,10.9741,-1.2274,70.63,4t4d,-0.242,0.0,0.0
4735,1132.579,-2.0726,10.9332,-1.2265,70.7,4t4d,-0.255,0.0,0.0
4736,1132.806,-2.0795,10.912,-1.2261,70.733,4t4d,-0.254,0.0,0.0
4737,1133.025,-2.1062,10.8256,-1.2259,67.601,4t4d,-0.215,0.0,0.0
4738,1133.238,-2.121,10.7878,-1.2254,67.201,4t4d,-0.231,0.0,0.0
4739,1133.454,-2.1352,10.7518,-1.2244,67.186,4t4d,-0.239,0.0,0.0
4740,1133.668,-2.1492,10.7162,-1.224,67.165,4t4d,-0.216,0.0,0.0
4741,1133.877,-2.1626,10.6824,-1.2233,67.149,4t4d,-0.22,0.0,0.0
4742,1134.085,-2.1764,10.6478,-1.2224,67.083,4t4d,-0.203,0.0,-10.18
4743,1134.303,-2.1968,10.5965,-1.2216,67.089,4t4d,-0.19,0.0,-4.04
4744,1134.516,-2.2044,10.5773,-1.2212,67.085,4t4d,-0.185,0.0,0.0
4745,1134.727,-2.2293,10.516,-1.2213,66.979,4t4d,-0.194,0.0,0.0
4746,1134.937,-2.2458,10.4748,-1.2217,66.837,4t4d,-0.187,0.0,0.0
4747,1135.146,-2.264,10.4315,-1.2206,66.797,4t4d,-0.18,0.0,0.0
4748,1135.356,-2.2823,10.3869,-1.2201,66.831,4t4d,-0.181,0.0,0.0
4749,1135.566,-2.3087,10.3213,-1.219,66.821,4t4d,-0.205,0.0,0.0
4750,1135.776,-2.316,10.3036,-1.218,66.888,4t4d,-0.231,0.0,0.0
4751,1135.985,-2.3326,10.2611,-1.2173,66.851,4t4d,-0.191,0.0,0.0
4752,1136.199,-2.3495,10.2197,-1.2166,66.856,4t4d,-0.227,0.0,0.0
4753,1136.411,-2.3758,10.1541,-1.2156,66.919,4t4d,-0.244,0.0,0.0
4754,1136.621,-2.3926,10.1127,-1.2143,66.925,4t4d,-0.224,0.0,0.0
4755,1136.836,-2.4175,10.05,-1.2131,67.003,4t4d,-0.213,0.0,0.0
4756,1137.061,-2.426,10.0284,-1.2126,67.0,4t4d,-0.232,0.0,0.0
4757,1137.272,-2.4518,9.9654,-1.2119,66.988,4t4d,-0.234,0.0,0.0
4758,1137.481,-2.4681,9.9254,-1.2122,67.008,4t4d,-0.237,0.0,0.0
4759,1137.691,-2.4935,9.8604,-1.2114,66.948,4t4d,-0.211,0.0,0.0
4760,1137.902,-2.5018,9.8402,-1.2107,66.949,4t4d,-0.212,0.0,0.0
4761,1138.121,-2.5244,9.7839,-1.2092,66.936,4t4d,-0.224,0.0,0.0
4762,1138.336,-2.5406,9.7436,-1.2094,66.93,4t4d,-0.22,0.0,0.0
4763,1138.545,-2.5481,9.7245,-1.2096,66.91,4t4d,-0.234,0.0,0.0
4764,1138.757,-2.5725,9.6629,-1.2086,66.858,4t4d,-0.239,0.0,0.0
4765,1138.967,-2.6001,9.5951,-1.2076,66.925,4t4d,-0.238,0.0,0.0
4766,1139.179,-2.6203,9.5448,-1.2077,66.887,4t4d,-0.191,0.0,0.0
4767,1139.393,-2.6364,9.5051,-1.2071,66.989,4t4d,-0.245,0.0,0.0
4768,1139.609,-2.6477,9.4762,-1.2068,66.89,4t4d,-0.207,0.0,0.0
4769,1139.818,-2.6732,9.4135,-1.2057,66.92,4t4d,-0.214,0.0,0.0
4770,1140.03,-2.6977,9.3529,-1.2043,66.848,4t4d,-0.241,0.0,0.0
4771,1140.242,-2.713,9.3144,-1.2033,66.948,4t4d,-0.245,0.0,0.0
4772,1140.454,-2.73,9.2706,-1.2017,66.905,4t4d,-0.242,0.0,0.0
4773,1140.666,-2.7392,9.248,-1.2008,66.688,4t4d,-0.24,0.0,0.0
4774,1140.874,-2.7656,9.1831,-1.1998,66.383,4t4d,-0.21,0.0,0.0
4775,1141.093,-2.7896,9.1255,-1.1995,66.501,4t4d,-0.224,0.0,0.0
4776,1141.314,-2.7988,9.1031,-1.1994,66.459,4t4d,-0.224,0.0,0.0
4777,1141.525,-2.8144,9.0661,-1.1989,66.418,4t4d,-0.219,0.0,0.0
4778,1141.736,-2.8355,9.0145,-1.1993,66.388,4t4d,-0.233,0.0,0.0
4779,1141.947,-2.8482,8.9827,-1.1987,66.435,4t4d,-0.236,0.0,0.0
4780,1142.168,-2.8611,8.9502,-1.1984,66.386,4t4d,-0.223,0.0,0.0
4781,1142.382,-2.8806,8.903,-1.1985,66.378,4t4d,-0.214,0.0,0.0
4782,1142.593,-2.8876,8.8863,-1.198,66.366,4t4d,-0.197,0.0,0.0
4783,1142.807,-2.9072,8.8389,-1.1966,66.369,4t4d,-0.189,0.0,0.0
4784,1143.027,-2.9189,8.8103,-1.1947,66.364,4t4d,-0.158,0.0,0.0
4785,1143.236,-2.9307,8.7815,-1.1945,66.34,4t4d,-0.189,0.0,0.0
4786,1143.446,-2.9422,8.7537,-1.1944,66.344,4t4d,-0.186,0.0,0.0
4787,1143.653,-2.9528,8.7266,-1.1947,66.35,4t4d,-0.181,0.0,0.0
4788,1143.858,-2.9691,8.6834,-1.194,65.639,4t4d,-0.152,0.0,0.0
4789,1144.077,-2.9744,8.6687,-1.1933,65.208,4t4d,-0.15,0.0,0.0
4790,1144.302,-2.9899,8.6326,-1.1916,65.078,4t4d,-0.131,0.0,0.0
4791,1144.515,-3.0066,8.597,-1.1915,66.518,4t4d,-0.166,0.0,0.0
4792,1144.726,-3.0163,8.5772,-1.1909,68.136,4t4d,-0.163,0.0,0.0
4793,1144.938,-3.0266,8.5511,-1.19,69.217,4t4d,-0.145,0.0,-1.97
4794,1145.151,-3.0392,8.5164,-1.1894,69.415,4t4d,-0.147,0.0,-4.91
4795,1145.375,-3.0519,8.478,-1.1898,69.521,4t4d,-0.16,0.0,0.0
4796,1145.59,-3.0702,8.4265,-1.1883,69.55,4t4d,-0.141,0.0,3.89
4797,1145.809,-3.0759,8.4105,-1.1875,69.634,4t4d,-0.141,0.0,8.4
4798,1146.023,-3.0933,8.3611,-1.1865,69.52,4t4d,-0.146,0.0,3.7
4799,1146.237,-3.1044,8.3287,-1.1863,69.51,4t4d,-0.2,0.0,0.0
4800,1146.447,-3.1157,8.2961,-1.1854,69.434,4t4d,-0.196,0.0,0.0
4801,1146.659,-3.1271,8.2636,-1.1849,69.441,4t4d,-0.174,0.0,0.0
4802,1146.88,-3.1398,8.2277,-1.1837,69.272,4t4d,-0.17,0.0,0.0
4803,1147.089,-3.1495,8.2009,-1.1828,69.257,4t4d,-0.167,0.0,0.0
4804,1147.302,-3.1649,8.1585,-1.1816,69.064,4t4d,-0.18,0.0,0.0
4805,1147.514,-3.1689,8.1468,-1.1826,69.045,4t4d,-0.177,0.0,0.0
4806,1147.724,-3.1859,8.1003,-1.1826,68.969,4t4d,-0.171,0.0,0.0
4807,1147.936,-3.2028,8.053,-1.1827,68.891,4t4d,-0.178,0.0,0.0
4808,1148.147,-3.209,8.0359,-1.1822,68.839,4t4d,-0.156,0.0,0.0
4809,1148.368,-3.222,8.0004,-1.1814,68.823,4t4d,-0.146,0.0,0.0
4810,1148.59,-3.2405,7.949,-1.1805,68.813,4t4d,-0.149,0.0,0.0
4811,1148.799,-3.2523,7.9156,-1.181,68.795,4t4d,-0.17,0.0,0.0
4812,1149.015,-3.2654,7.8792,-1.181,68.752,4t4d,-0.169,0.0,0.0
4813,1149.229,-3.2836,7.8293,-1.1802,68.753,4t4d,-0.186,0.0,0.0
4814,1149.44,-3.2951,7.7968,-1.1795,68.792,4t4d,-0.205,0.0,0.0
4815,1149.654,-3.3013,7.7797,-1.1793,68.781,4t4d,-0.189,0.0,0.0
4816,1149.864,-3.3246,7.7154,-1.1789,68.778,4t4d,-0.182,0.0,0.0
4817,1150.073,-3.3304,7.6997,-1.1782,68.824,4t4d,-0.191,0.0,0.0
4818,1150.286,-3.3526,7.6398,-1.1773,68.752,4t4d,-0.173,0.0,0.0
4819,1150.499,-3.361,7.6164,-1.1771,68.733,4t4d,-0.176,0.0,0.0
4820,1150.718,-3.3813,7.5626,-1.1764,68.745,4t4d,-0.172,0.0,0.0
4821,1150.934,-3.3945,7.5265,-1.176,68.732,4t4d,-0.157,0.0,0.0
4822,1151.144,-3.4073,7.4917,-1.1757,68.763,4t4d,-0.17,0.0,0.0
4823,1151.366,-3.4202,7.4559,-1.1755,68.796,4t4d,-0.212,0.0,0.0
4824,1151.576,-3.4397,7.4025,-1.1751,68.788,4t4d,-0.19,0.0,0.0
4825,1151.788,-3.453,7.3659,-1.1747,68.802,4t4d,-0.203,0.0,0.0
4826,1151.997,-3.4647,7.331,-1.1736,68.863,4t4d,-0.191,0.0,0.0
4827,1152.206,-3.4782,7.2949,-1.1734,68.851,4t4d,-0.186,0.0,0.0
4828,1152.417,-3.4925,7.2562,-1.1732,68.796,4t4d,-0.175,0.0,0.0
4829,1152.628,-3.5055,7.2211,-1.1728,68.777,4t4d,-0.196,0.0,0.0
4830,1152.838,-3.5251,7.1664,-1.1722,68.801,4t4d,-0.193,0.0,0.0
4831,1153.045,-3.5374,7.1302,-1.1723,68.836,4t4d,-0.2,0.0,0.0
4832,1153.258,-3.5443,7.1111,-1.1725,68.794,4t4d,-0.217,0.0,0.0
4833,1153.468,-3.5642,7.0569,-1.1727,68.824,4t4d,-0.204,0.0,0.0
4834,1153.685,-3.5775,7.0206,-1.1723,68.784,4t4d,-0.177,0.0,0.0
4835,1153.91,-3.5914,6.9824,-1.1713,68.788,4t4d,-0.189,0.0,0.0
4836,1154.132,-3.6038,6.9485,-1.1698,68.82,4t4d,-0.195,0.0,0.0
4837,1154.345,-3.6245,6.8918,-1.1687,68.768,4t4d,-0.204,0.0,0.0
4838,1154.556,-3.6387,6.8526,-1.1684,68.743,4t4d,-0.216,0.0,0.0
4839,1154.773,-3.6586,6.7983,-1.1671,68.645,4t4d,-0.187,0.0,0.0
4840,1154.984,-3.6662,6.7769,-1.1673,68.333,4t4d,-0.207,0.0,0.0
4841,1155.199,-3.6838,6.7247,-1.1673,67.883,4t4d,-0.186,0.0,0.0
4842,1155.412,-3.6965,6.6906,-1.1665,67.884,4t4d,-0.194,0.0,0.0
4843,1155.625,-3.7113,6.6521,-1.1656,67.61,4t4d,-0.203,0.0,0.0
4844,1155.834,-3.7337,6.5955,-1.1644,66.904,4t4d,-0.195,0.0,0.0
4845,1156.044,-3.7472,6.5625,-1.1625,66.892,4t4d,-0.218,0.0,-4.13
4846,1156.254,-3.7619,6.5264,-1.1615,66.862,4t4d,-0.218,0.0,0.0
4847,1156.47,-3.7762,6.4926,-1.161,66.899,4t4d,-0.22,0.0,0.0
4848,1156.68,-3.791,6.4562,-1.1612,66.619,4t4d,-0.194,0.0,-3.64
4849,1156.892,-3.8049,6.4225,-1.1616,66.561,4t4d,-0.196,0.0,-3.36
4850,1157.105,-3.8308,6.3596,-1.1629,66.515,4t4d,-0.153,0.0,0.0
4851,1157.321,-3.8383,6.3428,-1.1623,66.538,4t4d,-0.181,0.0,0.0
4852,1157.543,-3.8541,6.3029,-1.1612,66.518,4t4d,-0.232,0.0,0.0
4853,1157.754,-3.8791,6.2425,-1.1593,66.514,4t4d,-0.19,0.0,0.0
4854,1157.963,-3.8945,6.2046,-1.1576,66.526,4t4d,-0.204,0.0,0.0
4855,1158.171,-3.9109,6.167,-1.1575,66.43,4t4d,-0.265,0.0,0.0
4856,1158.381,-3.9347,6.1093,-1.157,66.49,4t4d,-0.199,0.0,0.0
4857,1158.622,-3.9437,6.0872,-1.157,66.539,4t4d,-0.22,0.0,0.0
4858,1158.836,-3.9664,6.0307,-1.1564,66.519,4t4d,-0.204,0.0,0.0
4859,1159.045,-3.9813,5.9934,-1.1558,66.571,4t4d,-0.236,0.0,0.0
4860,1159.257,-4.0059,5.9333,-1.1546,66.498,4t4d,-0.206,0.0,0.0
4861,1159.467,-4.0138,5.9136,-1.1541,66.474,4t4d,-0.224,0.0,0.0
4862,1159.677,-4.0387,5.8538,-1.1538,66.463,4t4d,-0.225,0.0,0.0
4863,1159.889,-4.0469,5.8344,-1.1536,66.485,4t4d,-0.209,0.0,0.0
4864,1160.098,-4.0691,5.7823,-1.1543,66.482,4t4d,-0.223,0.0,0.0
4865,1160.325,-4.0847,5.7446,-1.1542,66.446,4t4d,-0.21,0.0,0.0
4866,1160.537,-4.1004,5.7068,-1.1536,66.464,4t4d,-0.194,0.0,0.0
4867,1160.75,-4.1231,5.6505,-1.1532,66.468,4t4d,-0.213,0.0,0.0
4868,1160.964,-4.1388,5.6129,-1.1525,66.448,4t4d,-0.215,0.0,0.0
4869,1161.172,-4.1561,5.57,-1.1525,66.323,4t4d,-0.225,0.0,0.0
4870,1161.381,-4.1788,5.5144,-1.1523,66.244,4t4d,-0.209,0.0,0.0
4871,1161.593,-4.1952,5.476,-1.1528,66.232,4t4d,-0.213,0.0,0.0
4872,1161.803,-4.2111,5.4369,-1.1519,66.112,4t4d,-0.215,0.0,0.0
4873,1162.017,-4.2275,5.3976,-1.1512,66.177,4t4d,-0.218,0.0,0.0
4874,1162.24,-4.2425,5.3605,-1.1501,66.17,4t4d,-0.214,0.0,0.0
4875,1162.45,-4.2581,5.324,-1.1492,66.153,4t4d,-0.213,0.0,0.0
4876,1162.66,-4.2729,5.2879,-1.1481,66.141,4t4d,-0.234,0.0,0.0
4877,1162.871,-4.2882,5.2504,-1.1479,66.236,4t4d,-0.212,0.0,0.0
4878,1163.083,-4.3047,5.2111,-1.1471,66.192,4t4d,-0.203,0.0,0.0
4879,1163.292,-4.3266,5.1544,-1.1461,66.191,4t4d,-0.207,0.0,0.0
4880,1163.496,-4.341,5.12,-1.1448,66.274,4t4d,-0.203,0.0,0.0
4881,1163.711,-4.357,5.0809,-1.1431,66.3,4t4d,-0.204,0.0,0.0
4882,1163.924,-4.3785,5.0299,-1.1414,66.375,4t4d,-0.209,0.0,0.0
4883,1164.135,-4.3927,4.9977,-1.1412,66.358,4t4d,-0.207,0.0,0.0
4884,1164.346,-4.4061,4.9619,-1.1411,66.355,4t4d,-0.202,0.0,0.0
4885,1164.556,-4.4204,4.9271,-1.1407,66.395,4t4d,-0.201,0.0,0.0
4886,1164.766,-4.4356,4.8902,-1.1402,66.336,4t4d,-0.194,0.0,0.0
4887,1164.974,-4.4567,4.8397,-1.1402,66.348,4t4d,-0.199,0.0,0.0
4888,1165.184,-4.4638,4.8212,-1.1399,66.348,4t4d,-0.196,0.0,0.0
4889,1165.394,-4.4787,4.7852,-1.1389,66.315,4t4d,-0.201,0.0,0.0
4890,1165.603,-4.502,4.7286,-1.1375,66.267,4t4d,-0.182,0.0,0.0
4891,1165.83,-4.5085,4.7128,-1.1369,66.292,4t4d,-0.21,0.0,0.0
4892,1166.042,-4.5311,4.6582,-1.1354,66.317,4t4d,-0.208,0.0,0.0
4893,1166.26,-4.5435,4.628,-1.1351,66.256,4t4d,-0.226,0.0,0.0
4894,1166.469,-4.5563,4.5978,-1.1353,66.253,4t4d,-0.203,0.0,0.0
4895,1166.686,-4.5698,4.5662,-1.1355,66.262,4t4d,-0.186,0.0,0.0
4896,1166.909,-4.5898,4.5176,-1.1358,66.318,4t4d,-0.205,0.0,0.0
4897,1167.123,-4.6041,4.4844,-1.1351,66.327,4t4d,-0.202,0.0,0.0
4898,1167.339,-4.6158,4.4556,-1.1345,66.281,4t4d,-0.152,0.0,0.0
4899,1167.551,-4.6352,4.4082,-1.1336,66.312,4t4d,-0.171,0.0,0.0
4900,1167.761,-4.6481,4.3754,-1.1325,66.399,4t4d,-0.179,0.0,0.0
4901,1167.971,-4.6618,4.341,-1.1315,66.354,4t4d,-0.154,0.0,0.0
4902,1168.182,-4.6755,4.3077,-1.1309,66.296,4t4d,-0.155,0.0,0.0
4903,1168.392,-4.6884,4.275,-1.1301,66.399,4t4d,-0.152,0.0,0.0
4904,1168.602,-4.701,4.2412,-1.1294,66.396,4t4d,-0.166,0.0,0.0
4905,1168.813,-4.7221,4.1894,-1.1293,66.404,4t4d,-0.185,0.0,0.0
4906,1169.028,-4.7294,4.1707,-1.1295,66.398,4t4d,-0.192,0.0,0.0
4907,1169.245,-4.7501,4.1207,-1.1283,66.354,4t4d,-0.18,0.0,0.0
4908,1169.456,-4.7637,4.0877,-1.1274,66.395,4t4d,-0.19,0.0,0.0
4909,1169.665,-4.7768,4.056,-1.1268,66.405,4t4d,-0.187,0.0,0.0
4910,1169.874,-4.7978,4.0044,-1.127,66.359,4t4d,-0.187,0.0,0.0
4911,1170.082,-4.811,3.9728,-1.1265,66.417,4t4d,-0.182,0.0,0.0
4912,1170.293,-4.8181,3.9554,-1.1268,66.422,4t4d,-0.2,0.0,0.0
4913,1170.504,-4.8373,3.9086,-1.126,66.416,4t4d,-0.199,0.0,0.0
4914,1170.716,-4.8503,3.8749,-1.1253,66.361,4t4d,-0.193,0.0,0.0
4915,1170.929,-4.8645,3.8406,-1.1244,66.349,4t4d,-0.173,0.0,0.0
4916,1171.144,-4.8784,3.8071,-1.1237,66.32,4t4d,-0.155,0.0,0.0
4917,1171.359,-4.8989,3.7581,-1.1226,66.276,4t4d,-0.189,0.0,0.0
4918,1171.582,-4.9056,3.7415,-1.1221,66.332,4t4d,-0.16,0.0,0.0
4919,1171.791,-4.9263,3.6911,-1.1208,66.361,4t4d,-0.2,0.0,0.0
4920,1172.008,-4.9406,3.6564,-1.1201,66.4,4t4d,-0.186,0.0,0.0
4921,1172.222,-4.9569,3.6169,-1.121,66.451,4t4d,-0.179,0.0,0.0
4922,1172.439,-4.9761,3.5702,-1.1194,66.435,4t4d,-0.158,0.0,0.0
4923,1172.655,-4.9914,3.5337,-1.1171,66.47,4t4d,-0.186,0.0,0.0
4924,1172.868,-5.0053,3.4996,-1.1143,66.541,4t4d,-0.182,0.0,0.0
4925,1173.081,-5.0268,3.4463,-1.1102,66.642,4t4d,-0.183,0.0,0.0
4926,1173.294,-5.0335,3.4292,-1.1093,66.718,4t4d,-0.201,0.0,0.0
4927,1173.501,-5.0548,3.3796,-1.1053,66.714,4t4d,-0.174,0.0,0.0
4928,1173.711,-5.0694,3.3453,-1.103,66.781,4t4d,-0.184,0.0,0.0
4929,1173.922,-5.077,3.3264,-1.1017,66.814,4t4d,-0.187,0.0,0.0
4930,1174.134,-5.0979,3.2748,-1.0978,66.8,4t4d,-0.175,0.0,0.0
4931,1174.349,-5.1171,3.2263,-1.0931,66.872,4t4d,-0.182,0.0,0.0
4932,1174.56,-5.122,3.2123,-1.0914,66.939,4t4d,-0.188,0.0,0.0
4933,1174.776,-5.1418,3.1635,-1.0851,66.819,4t4d,-0.2,0.0,0.0
4934,1174.989,-5.1554,3.1305,-1.0806,66.791,4t4d,-0.182,0.0,0.0
4935,1175.201,-5.1749,3.0822,-1.0736,66.74,4t4d,-0.178,0.0,0.0
4936,1175.412,-5.1824,3.0635,-1.0711,66.808,4t4d,-0.178,0.0,0.0
4937,1175.627,-5.1955,3.0308,-1.0664,66.797,4t4d,-0.181,0.0,0.0
4938,1175.837,-5.2162,2.9795,-1.0605,66.826,4t4d,-0.2,0.0,0.0
4939,1176.048,-5.2285,2.9494,-1.057,66.866,4t4d,-0.196,0.0,0.0
4940,1176.259,-5.242,2.9171,-1.0524,66.906,4t4d,-0.178,0.0,0.0
4941,1176.469,-5.2555,2.8829,-1.048,66.975,4t4d,-0.19,0.0,0.0
4942,1176.675,-5.2686,2.8511,-1.0448,66.847,4t4d,-0.201,0.0,0.0
4943,1176.894,-5.2812,2.8195,-1.0423,66.923,4t4d,-0.216,0.0,0.0
4944,1177.106,-5.2941,2.7865,-1.0395,66.911,4t4d,-0.201,0.0,0.0
4945,1177.317,-5.3141,2.7372,-1.0355,66.836,4t4d,-0.186,0.0,0.0
4946,1177.528,-5.3277,2.7036,-1.033,66.787,4t4d,-0.21,0.0,0.0
4947,1177.74,-5.3402,2.6717,-1.0306,66.922,4t4d,-0.204,0.0,0.0
4948,1177.948,-5.3594,2.6239,-1.0273,66.811,4t4d,-0.194,0.0,0.0
4949,1178.163,-5.3724,2.5931,-1.0241,66.95,4t4d,-0.202,0.0,0.0
4950,1178.377,-5.3861,2.5592,-1.0233,66.903,4t4d,-0.18,0.0,0.0
4951,1178.589,-5.3973,2.5286,-1.0231,66.928,4t4d,-0.203,0.0,0.0
4952,1178.803,-5.4112,2.4945,-1.0229,66.889,4t4d,-0.199,0.0,0.0
4953,1179.017,-5.4251,2.4599,-1.0225,66.869,4t4d,-0.186,0.0,0.0
4954,1179.235,-5.4468,2.4063,-1.022,66.808,4t4d,-0.177,0.0,0.0
4955,1179.454,-5.4539,2.3888,-1.022,66.805,4t4d,-0.179,0.0,0.0
4956,1179.674,-5.467,2.3565,-1.022,66.774,4t4d,-0.193,0.0,0.0
4957,1179.887,-5.4806,2.3227,-1.0218,66.721,4t4d,-0.187,0.0,0.0
4958,1180.099,-5.4879,2.3052,-1.0228,66.697,4t4d,-0.19,0.0,0.0
4959,1180.312,-5.5038,2.2662,-1.0227,66.687,4t4d,-0.189,0.0,0.0
4960,1180.525,-5.5098,2.2521,-1.0225,66.697,4t4d,-0.199,0.0,0.0
4961,1180.742,-5.5258,2.2141,-1.0224,66.731,4t4d,-0.154,0.0,0.0
4962,1180.949,-5.531,2.2023,-1.022,66.709,4t4d,-0.117,0.0,0.0
4963,1181.159,-5.5282,2.2094,-1.0223,66.7,4t4d,-0.118,0.0,0.0
4964,1181.369,-5.5282,2.2091,-1.0223,66.701,4t4d,-0.146,0.0,0.0
4965,1181.58,-5.5279,2.2094,-1.0222,66.701,4t4d,-0.154,0.0,0.0
4966,1181.792,-5.528,2.2096,-1.0222,66.701,4t4d,-0.134,0.0,0.0
4967,1182.005,-5.5281,2.2096,-1.0222,66.703,4t4d,-0.013,0.0,0.0
4968,1182.218,-5.5284,2.2091,-1.0223,66.7,4t4d,0.028,0.0,0.0
4969,1182.427,-5.5283,2.2096,-1.0225,66.7,4t4d,-0.01,0.0,0.0
4970,1182.635,-5.5282,2.2095,-1.0225,66.701,4t4d,-0.003,0.0,0.0
4971,1182.846,-5.5282,2.2093,-1.0226,66.7,4t4d,-0.001,0.0,0.0
4972,1183.055,-5.5282,2.2094,-1.0227,66.701,4t4d,-0.001,0.0,0.0
4973,1183.267,-5.528,2.2097,-1.0227,66.701,4t4d,0.0,0.0,0.0
4974,1183.48,-5.5283,2.2092,-1.0228,66.7,4t4d,0.0,0.0,0.0
4975,1183.69,-5.5283,2.2095,-1.0229,66.699,4t4d,0.0,0.0,0.0
4976,1183.899,-5.528,2.2101,-1.023,66.701,4t4d,0.0,0.0,0.0
4977,1184.119,-5.5281,2.21,-1.0231,66.699,4t4d,0.0,0.0,0.0
4978,1184.33,-5.5281,2.2101,-1.0231,66.701,4t4d,0.0,0.0,0.0
4979,1184.542,-5.5278,2.2104,-1.023,66.704,4t4d,0.0,0.0,0.0
4980,1184.754,-5.5278,2.2101,-1.0229,66.702,4t4d,0.0,0.0,0.0
4981,1184.965,-5.527,2.2111,-1.0233,66.701,4t4d,0.0,0.0,0.0
4982,1185.182,-5.527,2.2114,-1.0233,66.703,4t4d,0.0,0.0,0.0
4983,1185.393,-5.5271,2.2111,-1.0233,66.702,4t4d,0.0,0.0,0.0
4984,1185.606,-5.5271,2.2111,-1.0232,66.7,4t4d,0.0,0.0,0.0
4985,1185.824,-5.527,2.2111,-1.023,66.701,4t4d,0.0,0.0,0.0
4986,1186.035,-5.5271,2.2109,-1.0229,66.7,4t4d,0.0,0.0,0.0
4987,1186.247,-5.5271,2.211,-1.0229,66.699,4t4d,0.0,0.0,0.0
4988,1186.455,-5.5272,2.211,-1.023,66.696,4t4d,0.0,0.0,0.0
4989,1186.666,-5.5271,2.211,-1.0231,66.698,4t4d,0.0,0.0,0.0
4990,1186.887,-5.5271,2.211,-1.0232,66.7,4t4d,0.0,0.0,0.0
4991,1187.098,-5.5271,2.2111,-1.0234,66.702,4t4d,0.0,0.0,0.0
4992,1187.309,-5.527,2.2111,-1.0234,66.701,4t4d,0.0,0.0,0.0
4993,1187.521,-5.527,2.211,-1.0234,66.701,4t4d,0.0,0.0,0.0
4994,1187.728,-5.5291,2.2061,-1.0231,66.695,4t4d,0.0,0.0,0.0
4995,1187.939,-5.536,2.1894,-1.0233,66.707,4t4d,0.0,0.0,0.0
4996,1188.156,-5.5608,2.1276,-1.0228,66.742,4t4d,0.0,0.0,0.0
4997,1188.366,-5.5668,2.1123,-1.0225,66.757,4t4d,0.0,0.0,0.0
4998,1188.575,-5.5633,2.1215,-1.023,66.73,4t4d,0.0,0.0,0.0
4999,1188.799,-5.5625,2.1235,-1.0229,66.729,4t4d,-0.034,0.0,0.0
5000,1189.018,-5.5627,2.1232,-1.023,66.747,4t4d,-0.109,0.0,0.0
5001,1189.235,-5.5626,2.1239,-1.0227,66.757,4t4d,-0.267,0.0,0.0
5002,1189.447,-5.5626,2.1238,-1.0226,66.755,4t4d,-0.095,0.0,0.0
5003,1189.659,-5.5631,2.124,-1.0225,66.671,4t4d,0.046,0.0,0.0
5004,1189.873,-5.5636,2.1256,-1.0226,66.563,4t4d,-0.018,0.0,0.0
5005,1190.087,-5.5635,2.1254,-1.0226,66.435,disable,0.0,0.0,0.0
5006,1190.298,-5.5634,2.1256,-1.0229,66.414,disable,0.0,0.0,0.0
5007,1190.512,-5.5632,2.1253,-1.0229,66.419,crab,0.0,0.0,0.0
5008,1190.73,-5.5658,2.1257,-1.0231,66.435,crab,0.0,0.0558,0.165
5009,1190.947,-5.5757,2.1308,-1.0234,66.468,crab,0.0,0.1842,0.772
5010,1191.183,-5.6095,2.1454,-1.0243,66.623,crab,0.0,0.2885,-1.024
5011,1191.4,-5.6623,2.1688,-1.025,66.418,crab,0.0,0.498,0.521
5012,1191.629,-5.7537,2.2084,-1.0275,66.522,crab,0.0,0.3783,0.027
5013,1191.844,-5.8225,2.2399,-1.0289,66.528,crab,0.0,0.1995,0.038
5014,1192.056,-5.8597,2.2544,-1.0291,66.535,crab,0.0,0.6241,-0.935
5015,1192.264,-5.9746,2.3032,-1.0315,66.348,crab,0.0,0.6808,-1.618
5016,1192.477,-6.0993,2.3579,-1.035,66.025,crab,0.0,0.4638,-0.35
5017,1192.693,-6.1839,2.3958,-1.038,65.955,crab,0.0,0.4638,-0.541
5018,1192.913,-6.2698,2.4311,-1.0405,65.847,crab,0.0,0.4609,-0.336
5019,1193.141,-6.355,2.4664,-1.0439,65.779,crab,0.0,0.4132,-0.128
5020,1193.35,-6.4312,2.4983,-1.047,65.754,crab,0.0,0.591,-0.746
5021,1193.561,-6.5402,2.5442,-1.0517,65.604,crab,0.0,0.1782,0.25
5022,1193.771,-6.5729,2.5584,-1.053,65.654,crab,0.0,0.1121,-0.016
5023,1193.981,-6.5944,2.5653,-1.054,65.651,crab,0.002,0.46,0.0
5024,1194.196,-6.595,2.5666,-1.0541,65.637,crab,0.002,0.463,0.0
5025,1194.409,-6.5959,2.5665,-1.0542,65.727,crab,0.002,0.416,0.0
5026,1194.62,-6.5976,2.5679,-1.0544,65.846,crab,0.002,0.409,0.0
5027,1194.829,-6.5983,2.5663,-1.0543,66.01,crab,0.001,0.377,0.0
5028,1195.039,-6.5979,2.5664,-1.0544,66.025,crab,0.0,0.034,0.0
5029,1195.251,-6.5978,2.5666,-1.0544,66.026,crab,0.001,0.023,0.0
5030,1195.463,-6.5975,2.5668,-1.0546,66.028,crab,-0.001,-0.019,0.0
5031,1195.681,-6.5969,2.5673,-1.0547,66.026,crab,0.0,0.001,0.0
5032,1195.893,-6.594,2.5743,-1.0549,66.013,crab,-0.002,-0.001,0.0
5033,1196.121,-6.5759,2.6165,-1.0552,65.933,crab,0.0,0.0,0.0
5034,1196.338,-6.5617,2.6512,-1.0549,65.946,crab,0.0,0.0,0.0
5035,1196.547,-6.5377,2.7155,-1.0556,67.767,crab,0.0,0.0,0.0
5036,1196.756,-6.531,2.7366,-1.0562,68.59,4t4d,0.0,0.0,0.0
5037,1196.967,-6.5086,2.7997,-1.0575,69.038,4t4d,0.047,0.0,0.0
5038,1197.178,-6.4919,2.8468,-1.0581,69.038,4t4d,0.141,0.0,0.0
5039,1197.391,-6.4754,2.8946,-1.0588,69.053,4t4d,0.18,0.0,0.0
5040,1197.613,-6.4664,2.922,-1.0591,69.237,4t4d,0.224,0.0,3.23
5041,1197.823,-6.4394,2.9995,-1.0609,69.285,4t4d,0.208,0.0,9.45
5042,1198.034,-6.4222,3.0447,-1.0516,69.523,4t4d,0.222,0.0,0.0
5043,1198.244,-6.3936,3.1282,-1.0513,69.6,4t4d,0.263,0.0,0.0
5044,1198.453,-6.3849,3.1543,-1.0535,69.49,4t4d,0.254,0.0,0.0
5045,1198.667,-6.3618,3.218,-1.0615,69.259,4t4d,0.292,0.0,0.0
5046,1198.879,-6.344,3.2696,-1.0646,69.535,4t4d,0.283,0.0,0.0
5047,1199.088,-6.3279,3.3167,-1.0675,69.967,4t4d,0.235,0.0,0.0
5048,1199.303,-6.3099,3.3712,-1.0669,70.442,4t4d,0.315,0.0,0.0
5049,1199.516,-6.3004,3.4022,-1.0694,70.515,4t4d,0.3,0.0,0.0
5050,1199.726,-6.2859,3.4479,-1.0735,70.559,4t4d,0.247,0.0,0.0
5051,1199.939,-6.2585,3.5258,-1.0831,70.383,4t4d,0.291,0.0,0.0
5052,1200.145,-6.2415,3.573,-1.0895,70.022,4t4d,0.262,0.0,0.0
5053,1200.354,-6.2261,3.6181,-1.0947,69.937,4t4d,0.206,0.0,0.0
5054,1200.563,-6.2096,3.6648,-1.0999,69.843,4t4d,0.329,0.0,0.0
5055,1200.782,-6.1915,3.7142,-1.1054,69.279,4t4d,0.272,0.0,0.0
5056,1200.992,-6.165,3.7864,-1.1141,68.863,4t4d,0.275,0.0,0.0
5057,1201.204,-6.1548,3.8131,-1.1166,68.871,4t4d,0.296,0.0,0.0
5058,1201.415,-6.1371,3.8614,-1.1234,68.433,4t4d,0.27,0.0,0.0
5059,1201.622,-6.1029,3.9514,-1.1294,68.026,4t4d,0.244,0.0,0.0
5060,1201.832,-6.0817,4.004,-1.1321,67.925,4t4d,0.263,0.0,0.0
5061,1202.042,-6.0457,4.0965,-1.1338,67.921,4t4d,0.281,0.0,0.0
5062,1202.252,-6.0382,4.1141,-1.1347,68.039,4t4d,0.282,0.0,0.0
5063,1202.462,-6.0075,4.1978,-1.1385,68.552,4t4d,0.2,0.0,0.0
5064,1202.678,-5.9891,4.2486,-1.1408,68.625,4t4d,0.263,0.0,0.0
5065,1202.886,-5.969,4.306,-1.1411,68.726,4t4d,0.281,0.0,0.0
5066,1203.099,-5.9516,4.3518,-1.1424,68.712,4t4d,0.263,0.0,0.0
5067,1203.314,-5.9258,4.4248,-1.1441,68.594,4t4d,0.224,0.0,0.0
5068,1203.528,-5.915,4.4544,-1.1443,68.562,4t4d,0.25,0.0,0.0
5069,1203.738,-5.8958,4.5066,-1.1457,68.135,4t4d,0.269,0.0,0.0
5070,1203.953,-5.8757,4.5557,-1.1463,67.176,4t4d,0.286,0.0,0.0
5071,1204.163,-5.8316,4.6605,-1.1476,66.001,4t4d,0.274,0.0,0.0
5072,1204.373,-5.8219,4.6841,-1.1478,66.039,4t4d,0.282,0.0,0.0
5073,1204.598,-5.7892,4.7614,-1.1484,66.035,4t4d,0.286,0.0,0.0
5074,1204.819,-5.7637,4.821,-1.1496,65.92,4t4d,0.274,0.0,-4.77
5075,1205.036,-5.7425,4.8703,-1.1505,65.938,4t4d,0.288,0.0,0.0
5076,1205.246,-5.7096,4.9493,-1.1522,66.247,4t4d,0.307,0.0,0.0
5077,1205.457,-5.689,4.999,-1.1536,66.272,4t4d,0.29,0.0,0.0
5078,1205.669,-5.6778,5.0254,-1.154,66.225,4t4d,0.281,0.0,0.0
5079,1205.879,-5.6469,5.1037,-1.1542,67.535,4t4d,0.314,0.0,0.0
5080,1206.092,-5.6367,5.1315,-1.1541,68.363,4t4d,0.282,0.0,0.0
5081,1206.301,-5.6095,5.2067,-1.1566,68.657,4t4d,0.315,0.0,0.0
5082,1206.512,-5.5905,5.2594,-1.1572,68.678,4t4d,0.261,0.0,0.0
5083,1206.725,-5.5623,5.3332,-1.1584,68.187,4t4d,0.303,0.0,0.0
5084,1206.936,-5.543,5.3824,-1.1597,68.063,4t4d,0.274,0.0,3.71
5085,1207.147,-5.5228,5.4359,-1.1592,68.023,4t4d,0.276,0.0,6.91
5086,1207.364,-5.5027,5.4869,-1.1599,67.984,4t4d,0.26,0.0,0.0
5087,1207.576,-5.4821,5.5402,-1.1599,68.034,4t4d,0.271,0.0,0.0
5088,1207.785,-5.4604,5.5946,-1.16,68.062,4t4d,0.276,0.0,0.0
5089,1207.996,-5.4316,5.6702,-1.1606,67.991,4t4d,0.277,0.0,0.0
5090,1208.206,-5.4134,5.7163,-1.161,67.727,4t4d,0.285,0.0,0.0
5091,1208.421,-5.3938,5.7671,-1.1608,67.64,4t4d,0.277,0.0,0.0
5092,1208.647,-5.3717,5.8241,-1.1617,67.462,4t4d,0.294,0.0,0.0
5093,1208.857,-5.3504,5.8804,-1.1622,67.352,4t4d,0.293,0.0,0.0
5094,1209.068,-5.3212,5.9531,-1.164,67.149,4t4d,0.308,0.0,0.0
5095,1209.278,-5.2987,6.0111,-1.164,67.155,4t4d,0.263,0.0,0.0
5096,1209.489,-5.2792,6.0597,-1.1653,67.017,4t4d,0.28,0.0,0.0
5097,1209.707,-5.2587,6.1123,-1.1656,67.095,4t4d,0.284,0.0,0.0
5098,1209.923,-5.24,6.1572,-1.1657,67.026,4t4d,0.285,0.0,0.0
5099,1210.143,-5.2176,6.2112,-1.1668,67.022,4t4d,0.28,0.0,0.0
5100,1210.361,-5.1971,6.2612,-1.1684,66.987,4t4d,0.289,0.0,0.0
5101,1210.573,-5.1748,6.3168,-1.1699,67.036,4t4d,0.289,0.0,0.0
5102,1210.784,-5.1476,6.3845,-1.1697,66.94,4t4d,0.284,0.0,0.0
5103,1210.999,-5.1224,6.4475,-1.1706,66.843,4t4d,0.296,0.0,0.0
5104,1211.211,-5.1073,6.4851,-1.1706,66.849,4t4d,0.295,0.0,0.0
5105,1211.422,-5.0934,6.5194,-1.171,66.697,4t4d,0.277,0.0,0.0
5106,1211.627,-5.0757,6.5612,-1.1718,66.646,4t4d,0.263,0.0,0.0
5107,1211.848,-5.0693,6.5769,-1.1722,66.687,4t4d,0.222,0.0,0.0
5108,1212.058,-5.0354,6.659,-1.1743,66.407,4t4d,0.217,0.0,0.0
5109,1212.269,-5.0239,6.6871,-1.1749,66.583,4t4d,0.24,0.0,0.0
5110,1212.476,-4.998,6.7635,-1.1755,70.06,4t4d,0.222,0.0,0.0
5111,1212.682,-4.9816,6.8196,-1.1762,71.709,4t4d,0.238,0.0,0.0
5112,1212.893,-4.9663,6.8687,-1.1777,71.698,4t4d,0.198,0.0,0.0
5113,1213.107,-4.9474,6.9279,-1.1771,71.0,4t4d,0.213,0.0,0.0
5114,1213.319,-4.9177,7.0026,-1.1779,67.543,4t4d,0.253,0.0,0.0
5115,1213.531,-4.9047,7.0318,-1.1782,66.51,4t4d,0.239,0.0,12.68
5116,1213.743,-4.8746,7.1018,-1.1807,65.478,4t4d,0.294,0.0,11.47
5117,1213.952,-4.8525,7.1539,-1.1818,65.465,4t4d,0.32,0.0,0.0
5118,1214.161,-4.8293,7.2078,-1.1824,65.768,4t4d,0.305,0.0,0.0
5119,1214.373,-4.8078,7.2596,-1.183,65.912,4t4d,0.275,0.0,-9.98
5120,1214.592,-4.789,7.304,-1.1839,66.069,4t4d,0.284,0.0,-12.26
5121,1214.805,-4.7677,7.3541,-1.1832,66.161,4t4d,0.282,0.0,0.0
5122,1215.016,-4.7369,7.4277,-1.182,66.056,4t4d,0.277,0.0,0.0
5123,1215.232,-4.7194,7.4693,-1.1825,65.934,4t4d,0.27,0.0,0.0
5124,1215.444,-4.7095,7.494,-1.1832,66.033,4t4d,0.297,0.0,0.0
5125,1215.663,-4.6902,7.5386,-1.1844,66.286,4t4d,0.273,0.0,0.0
5126,1215.872,-4.6623,7.6093,-1.1851,66.923,4t4d,0.25,0.0,0.0
5127,1216.083,-4.6323,7.6832,-1.1873,67.211,4t4d,0.255,0.0,0.0
5128,1216.294,-4.6132,7.7317,-1.1877,67.649,4t4d,0.24,0.0,0.0
5129,1216.506,-4.6045,7.7541,-1.1875,67.919,4t4d,0.254,0.0,0.0
5130,1216.722,-4.5698,7.845,-1.1893,68.048,4t4d,0.257,0.0,0.0
5131,1216.931,-4.5588,7.873,-1.1899,68.016,4t4d,0.239,0.0,0.0
5132,1217.146,-4.5328,7.9422,-1.1911,68.002,4t4d,0.265,0.0,0.0
5133,1217.358,-4.5159,7.9869,-1.1922,67.98,4t4d,0.256,0.0,0.0
5134,1217.568,-4.5063,8.0118,-1.1934,67.89,4t4d,0.247,0.0,0.0
5135,1217.775,-4.4794,8.0813,-1.1946,67.886,4t4d,0.271,0.0,0.0
5136,1217.982,-4.4614,8.1289,-1.1952,67.835,4t4d,0.236,0.0,0.0
5137,1218.193,-4.4415,8.1815,-1.1962,67.931,4t4d,0.244,0.0,0.0
5138,1218.405,-4.4271,8.2202,-1.1961,67.859,4t4d,0.266,0.0,0.0
5139,1218.628,-4.3968,8.2978,-1.1964,67.87,4t4d,0.272,0.0,0.0
5140,1218.835,-4.3776,8.3465,-1.1969,67.877,4t4d,0.275,0.0,0.0
5141,1219.055,-4.3594,8.3931,-1.1966,67.809,4t4d,0.253,0.0,0.0
5142,1219.265,-4.3432,8.4326,-1.1976,67.74,4t4d,0.306,0.0,0.0
5143,1219.476,-4.3156,8.5051,-1.2001,67.717,4t4d,0.275,0.0,0.0
5144,1219.687,-4.2969,8.5525,-1.2018,67.769,4t4d,0.249,0.0,0.0
5145,1219.897,-4.2892,8.5728,-1.2021,67.835,4t4d,0.247,0.0,0.0
5146,1220.108,-4.2631,8.641,-1.2042,67.777,4t4d,0.215,0.0,0.0
5147,1220.345,-4.2446,8.6877,-1.2052,67.771,4t4d,0.256,0.0,0.0
5148,1220.555,-4.2167,8.7577,-1.2073,67.682,4t4d,0.247,0.0,0.0
5149,1220.766,-4.2063,8.7844,-1.2082,67.745,4t4d,0.243,0.0,0.0
5150,1220.977,-4.1807,8.8493,-1.2093,67.623,4t4d,0.214,0.0,0.0
5151,1221.187,-4.164,8.8922,-1.21,67.612,4t4d,0.258,0.0,0.0
5152,1221.397,-4.1563,8.9117,-1.2101,67.63,4t4d,0.257,0.0,0.0
5153,1221.61,-4.1294,8.9805,-1.2102,67.684,4t4d,0.258,0.0,0.0
5154,1221.82,-4.1051,9.0425,-1.2114,67.748,4t4d,0.256,0.0,0.0
5155,1222.036,-4.0929,9.0727,-1.2119,67.763,4t4d,0.254,0.0,0.0
5156,1222.272,-4.081,9.1011,-1.2126,67.719,4t4d,0.223,0.0,0.0
5157,1222.484,-4.0664,9.1384,-1.2135,67.751,4t4d,0.213,0.0,0.0
5158,1222.696,-4.0624,9.1483,-1.2142,67.714,4t4d,0.221,0.0,0.0
5159,1222.913,-4.047,9.188,-1.215,67.746,4t4d,0.247,0.0,0.0
5160,1223.127,-4.0361,9.2156,-1.2152,67.761,4t4d,0.167,0.0,0.0
5161,1223.338,-4.0248,9.2445,-1.2157,67.748,4t4d,0.137,0.0,0.0
5162,1223.548,-4.0136,9.273,-1.2156,67.763,4t4d,0.141,0.0,0.0
5163,1223.758,-4.0032,9.3008,-1.215,67.74,4t4d,0.129,0.0,0.0
5164,1223.969,-3.9878,9.3389,-1.2139,67.735,4t4d,0.14,0.0,0.0
5165,1224.178,-3.978,9.3633,-1.2138,67.734,4t4d,0.141,0.0,0.0
5166,1224.389,-3.9694,9.3846,-1.2142,67.736,4t4d,0.164,0.0,0.0
5167,1224.603,-3.9583,9.4117,-1.2142,67.749,4t4d,0.156,0.0,0.0
5168,1224.818,-3.9463,9.4412,-1.2138,67.756,4t4d,0.143,0.0,0.0
5169,1225.03,-3.9352,9.4693,-1.2141,67.726,4t4d,0.139,0.0,0.0
5170,1225.244,-3.9217,9.5032,-1.2142,67.723,4t4d,0.126,0.0,0.0
5171,1225.458,-3.9131,9.5253,-1.2139,67.743,4t4d,0.109,0.0,0.0
5172,1225.672,-3.9032,9.5509,-1.2142,67.733,4t4d,0.126,0.0,0.0
5173,1225.888,-3.8933,9.5766,-1.2145,67.734,4t4d,0.112,0.0,0.0
5174,1226.099,-3.8777,9.6172,-1.2153,67.746,4t4d,0.167,0.0,0.0
5175,1226.315,-3.872,9.6324,-1.2156,67.754,4t4d,0.088,0.0,0.0
5176,1226.527,-3.8553,9.6763,-1.2156,67.765,4t4d,0.095,0.0,0.0
5177,1226.739,-3.8441,9.7063,-1.2161,67.79,4t4d,0.144,0.0,0.0
5178,1226.952,-3.833,9.7349,-1.2166,67.765,4t4d,0.137,0.0,0.0
5179,1227.161,-3.8201,9.7679,-1.2175,67.765,4t4d,0.16,0.0,0.0
5180,1227.368,-3.801,9.8166,-1.219,67.783,4t4d,0.154,0.0,0.0
5181,1227.578,-3.7945,9.8336,-1.2191,67.794,4t4d,0.128,0.0,0.0
5182,1227.787,-3.7808,9.8704,-1.2194,67.806,4t4d,0.172,0.0,0.0
5183,1227.999,-3.7682,9.9019,-1.2194,67.796,4t4d,0.177,0.0,0.0
5184,1228.219,-3.753,9.9411,-1.2192,67.747,4t4d,0.186,0.0,0.0
5185,1228.43,-3.7309,9.9984,-1.2174,67.791,4t4d,0.2,0.0,0.0
5186,1228.64,-3.7074,10.0586,-1.2181,67.737,4t4d,0.171,0.0,0.0
5187,1228.851,-3.6912,10.104,-1.2177,68.171,4t4d,0.181,0.0,0.0
5188,1229.062,-3.6823,10.1275,-1.2186,68.165,4t4d,0.194,0.0,0.0
5189,1229.275,-3.6581,10.1926,-1.2203,68.13,4t4d,0.2,0.0,0.0
5190,1229.487,-3.6422,10.2332,-1.2214,68.196,4t4d,0.216,0.0,0.0
5191,1229.695,-3.6239,10.2801,-1.2216,68.129,4t4d,0.22,0.0,0.0
5192,1229.913,-3.6082,10.3234,-1.2224,68.208,4t4d,0.238,0.0,0.0
5193,1230.126,-3.5917,10.3668,-1.2232,68.242,4t4d,0.228,0.0,0.0
5194,1230.337,-3.5758,10.4092,-1.2235,68.219,4t4d,0.224,0.0,0.0
5195,1230.548,-3.5528,10.471,-1.2236,68.25,4t4d,0.241,0.0,0.0
5196,1230.756,-3.5381,10.5119,-1.2241,68.246,4t4d,0.248,0.0,0.0
5197,1230.962,-3.5221,10.5536,-1.225,68.251,4t4d,0.24,0.0,0.0
5198,1231.179,-3.4989,10.6152,-1.226,68.234,4t4d,0.22,0.0,0.0
5199,1231.389,-3.4898,10.6378,-1.226,68.316,4t4d,0.237,0.0,0.0
5200,1231.603,-3.4624,10.7077,-1.2264,68.391,4t4d,0.231,0.0,0.0
5201,1231.825,-3.4448,10.7545,-1.2272,68.408,4t4d,0.237,0.0,0.0
5202,1232.035,-3.4285,10.799,-1.2276,68.314,4t4d,0.236,0.0,0.0
5203,1232.244,-3.4031,10.867,-1.2279,68.332,4t4d,0.203,0.0,0.0
5204,1232.458,-3.3849,10.9138,-1.2281,68.099,4t4d,0.262,0.0,0.0
5205,1232.674,-3.3665,10.9589,-1.2288,67.398,4t4d,0.24,0.0,0.0
5206,1232.883,-3.3482,11.0039,-1.2279,66.774,4t4d,0.224,0.0,0.0
5207,1233.108,-3.3292,11.0488,-1.2276,66.261,4t4d,0.222,0.0,0.0
5208,1233.32,-3.3107,11.0933,-1.2277,66.131,4t4d,0.251,0.0,0.0
5209,1233.532,-3.2912,11.14,-1.2277,66.127,4t4d,0.239,0.0,0.0
5210,1233.745,-3.2629,11.2055,-1.2289,65.885,4t4d,0.24,0.0,0.0
5211,1233.958,-3.2527,11.2299,-1.2285,65.845,4t4d,0.218,0.0,0.0
5212,1234.168,-3.2212,11.3035,-1.228,65.798,4t4d,0.277,0.0,-4.04
5213,1234.383,-3.2019,11.348,-1.2274,65.849,4t4d,0.259,0.0,0.0
5214,1234.594,-3.1713,11.4187,-1.2293,65.73,4t4d,0.247,0.0,0.0
5215,1234.804,-3.1506,11.4665,-1.2295,65.75,4t4d,0.242,0.0,0.0
5216,1235.018,-3.1305,11.5159,-1.2296,66.369,4t4d,0.239,0.0,0.0
5217,1235.235,-3.122,11.5367,-1.2298,66.632,4t4d,0.268,0.0,0.0
5218,1235.446,-3.0917,11.6118,-1.2301,67.005,4t4d,0.27,0.0,0.0
5219,1235.656,-3.0716,11.6637,-1.2307,67.211,4t4d,0.275,0.0,0.0
5220,1235.868,-3.0436,11.7326,-1.2324,67.203,4t4d,0.236,0.0,0.0
5221,1236.084,-3.0315,11.7639,-1.2329,67.266,4t4d,0.258,0.0,4.39
5222,1236.32,-2.9923,11.8625,-1.2343,67.252,4t4d,0.239,0.0,0.0
5223,1236.535,-2.9742,11.9076,-1.2342,67.289,4t4d,0.283,0.0,0.0
5224,1236.745,-2.9509,11.9666,-1.235,67.489,4t4d,0.277,0.0,0.0
5225,1236.954,-2.9329,12.01,-1.2367,67.439,4t4d,0.278,0.0,0.0
5226,1237.166,-2.914,12.0584,-1.2366,67.458,4t4d,0.245,0.0,0.0
5227,1237.376,-2.9042,12.0827,-1.2371,67.468,4t4d,0.258,0.0,0.0
5228,1237.582,-2.8739,12.1588,-1.2363,67.525,4t4d,0.288,0.0,0.0
5229,1237.801,-2.8567,12.2059,-1.2362,68.136,4t4d,0.286,0.0,0.0
5230,1238.016,-2.8266,12.2867,-1.2377,68.223,4t4d,0.217,0.0,0.0
5231,1238.228,-2.81,12.331,-1.2384,68.155,4t4d,0.228,0.0,0.0
5232,1238.438,-2.7913,12.3798,-1.2389,68.049,4t4d,0.277,0.0,0.0
5233,1238.651,-2.7715,12.4305,-1.2397,68.042,4t4d,0.283,0.0,0.0
5234,1238.86,-2.7529,12.4805,-1.2415,68.152,4t4d,0.264,0.0,3.89
5235,1239.074,-2.726,12.5511,-1.2433,68.19,4t4d,0.28,0.0,0.0
5236,1239.291,-2.7071,12.6023,-1.2437,68.275,4t4d,0.228,0.0,0.0
5237,1239.507,-2.6896,12.6499,-1.2444,68.254,4t4d,0.289,0.0,0.0
5238,1239.72,-2.6778,12.6823,-1.2441,68.305,4t4d,0.259,0.0,0.0
5239,1239.933,-2.6692,12.7053,-1.2445,68.327,4t4d,0.281,0.0,0.0
5240,1240.143,-2.6585,12.7343,-1.2448,68.355,4t4d,0.243,0.0,0.0
5241,1240.355,-2.6402,12.7826,-1.2461,68.36,4t4d,0.296,0.0,0.0
5242,1240.562,-2.628,12.8143,-1.247,68.394,4t4d,0.259,0.0,0.0
5243,1240.772,-2.6162,12.8449,-1.248,68.395,4t4d,0.192,0.0,0.0
5244,1240.983,-2.6036,12.8782,-1.2485,68.414,4t4d,0.136,0.0,0.0
5245,1241.192,-2.5913,12.9083,-1.2498,68.441,4t4d,0.149,0.0,0.0
5246,1241.399,-2.5803,12.9373,-1.2501,68.479,4t4d,0.166,0.0,0.0
5247,1241.614,-2.5697,12.9649,-1.2498,68.466,4t4d,0.171,0.0,0.0
5248,1241.827,-2.5533,13.0078,-1.2496,68.473,4t4d,0.183,0.0,0.0
5249,1242.037,-2.5473,13.0235,-1.2495,68.473,4t4d,0.174,0.0,0.0
5250,1242.248,-2.5324,13.0654,-1.2485,68.355,4t4d,0.173,0.0,0.0
5251,1242.458,-2.5215,13.0936,-1.25,68.425,4t4d,0.165,0.0,0.0
5252,1242.674,-2.5069,13.1326,-1.2508,68.451,4t4d,0.17,0.0,0.0
5253,1242.884,-2.4978,13.1565,-1.2512,68.45,4t4d,0.148,0.0,0.0
5254,1243.094,-2.4894,13.1791,-1.2515,68.452,4t4d,0.163,0.0,0.0
5255,1243.31,-2.483,13.1962,-1.2518,68.459,4t4d,0.174,0.0,0.0
5256,1243.53,-2.4735,13.2195,-1.2523,68.579,4t4d,0.164,0.0,0.0
5257,1243.739,-2.4647,13.2425,-1.2521,68.627,4t4d,0.14,0.0,0.0
5258,1243.952,-2.4537,13.272,-1.2541,68.656,4t4d,0.122,0.0,0.0
5259,1244.161,-2.4499,13.2823,-1.2539,68.574,4t4d,0.127,0.0,0.0
5260,1244.37,-2.4412,13.3042,-1.2538,68.604,4t4d,0.097,0.0,0.0
5261,1244.606,-2.4291,13.3367,-1.2545,68.601,4t4d,0.132,0.0,0.0
5262,1244.822,-2.4171,13.3686,-1.2547,68.542,4t4d,0.112,0.0,0.0
5263,1245.033,-2.4135,13.3794,-1.255,68.463,4t4d,0.105,0.0,0.0
5264,1245.244,-2.4019,13.4113,-1.2551,68.219,4t4d,0.12,0.0,0.0
5265,1245.456,-2.3976,13.4228,-1.2546,68.079,4t4d,0.128,0.0,0.0
5266,1245.67,-2.3892,13.4463,-1.2551,67.945,4t4d,0.121,0.0,0.0
5267,1245.883,-2.3714,13.4925,-1.2554,67.745,4t4d,0.105,0.0,0.0
5268,1246.115,-2.3625,13.5146,-1.2559,67.453,4t4d,0.114,0.0,0.0
5269,1246.343,-2.3538,13.5364,-1.2562,67.386,4t4d,0.123,0.0,0.0
5270,1246.562,-2.3446,13.5598,-1.2564,67.299,4t4d,0.124,0.0,0.0
5271,1246.777,-2.3353,13.5832,-1.2566,67.245,4t4d,0.135,0.0,0.0
5272,1246.994,-2.32,13.6202,-1.258,67.205,4t4d,0.124,0.0,0.0
5273,1247.205,-2.3103,13.6437,-1.2586,67.16,4t4d,0.117,0.0,0.0
5274,1247.424,-2.2989,13.6712,-1.2586,67.138,4t4d,0.132,0.0,0.0
5275,1247.643,-2.288,13.6979,-1.2591,67.1,4t4d,0.128,0.0,0.0
5276,1247.855,-2.27,13.7424,-1.2599,67.051,4t4d,0.131,0.0,0.0
5277,1248.065,-2.2581,13.7714,-1.26,67.029,4t4d,0.134,0.0,0.0
5278,1248.276,-2.2452,13.8028,-1.2604,67.084,4t4d,0.147,0.0,0.0
5279,1248.501,-2.2327,13.8327,-1.2608,67.042,4t4d,0.152,0.0,0.0
5280,1248.715,-2.2132,13.8812,-1.2612,67.065,4t4d,0.153,0.0,0.0
5281,1248.928,-2.2008,13.9116,-1.2616,67.058,4t4d,0.165,0.0,0.0
5282,1249.14,-2.1881,13.9419,-1.2624,67.064,4t4d,0.154,0.0,0.0
5283,1249.352,-2.1753,13.9736,-1.2632,67.084,4t4d,0.169,0.0,0.0
5284,1249.563,-2.1629,14.0037,-1.2633,67.04,4t4d,0.184,0.0,0.0
5285,1249.777,-2.1504,14.0336,-1.265,67.033,4t4d,0.17,0.0,0.0
5286,1249.991,-2.1313,14.0784,-1.2658,67.115,4t4d,0.136,0.0,0.0
5287,1250.206,-2.1253,14.0925,-1.2661,67.125,4t4d,0.166,0.0,0.0
5288,1250.428,-2.106,14.1406,-1.2666,67.141,4t4d,0.179,0.0,0.0
5289,1250.644,-2.0995,14.1573,-1.2667,67.299,4t4d,0.163,0.0,0.0
5290,1250.854,-2.0815,14.2026,-1.2669,67.457,4t4d,0.188,0.0,0.0
5291,1251.064,-2.0603,14.2568,-1.267,67.816,4t4d,0.15,0.0,0.0
5292,1251.275,-2.0458,14.2934,-1.2676,67.968,4t4d,0.163,0.0,0.0
5293,1251.484,-2.0387,14.3112,-1.2679,67.978,4t4d,0.177,0.0,0.0
5294,1251.7,-2.0176,14.3643,-1.2699,68.238,4t4d,0.193,0.0,2.51
5295,1251.922,-2.0027,14.4034,-1.2692,68.321,4t4d,0.161,0.0,0.0
5296,1252.134,-1.9825,14.4561,-1.2691,68.292,4t4d,0.196,0.0,0.0
5297,1252.346,-1.9682,14.4945,-1.2693,68.294,4t4d,0.176,0.0,0.0
5298,1252.556,-1.9555,14.5298,-1.2695,68.292,4t4d,0.191,0.0,0.0
5299,1252.766,-1.9492,14.5466,-1.2691,68.251,4t4d,0.213,0.0,0.0
5300,1252.974,-1.9272,14.6044,-1.2694,68.156,4t4d,0.218,0.0,0.0
5301,1253.187,-1.9129,14.6408,-1.2694,68.064,4t4d,0.201,0.0,0.0
5302,1253.4,-1.8905,14.6965,-1.2706,67.99,4t4d,0.174,0.0,0.0
5303,1253.62,-1.8828,14.7162,-1.2709,67.959,4t4d,0.196,0.0,0.0
5304,1253.846,-1.8609,14.7721,-1.2702,67.881,4t4d,0.172,0.0,0.0
5305,1254.058,-1.8461,14.8102,-1.2696,67.926,4t4d,0.21,0.0,0.0
5306,1254.267,-1.8234,14.8678,-1.2696,67.912,4t4d,0.2,0.0,0.0
5307,1254.48,-1.8161,14.8863,-1.2698,67.91,4t4d,0.185,0.0,0.0
5308,1254.692,-1.794,14.9425,-1.2707,67.877,4t4d,0.214,0.0,0.0
5309,1254.903,-1.7801,14.9797,-1.2715,67.916,4t4d,0.216,0.0,0.0
5310,1255.121,-1.7662,15.0158,-1.2717,67.87,4t4d,0.218,0.0,0.0
5311,1255.333,-1.7526,15.0511,-1.2727,67.876,4t4d,0.184,0.0,0.0
5312,1255.553,-1.7386,15.0856,-1.273,67.673,4t4d,0.203,0.0,0.0
5313,1255.764,-1.7188,15.1373,-1.2735,67.382,4t4d,0.229,0.0,0.0
5314,1255.979,-1.713,15.1528,-1.274,67.345,4t4d,0.207,0.0,0.0
5315,1256.196,-1.6909,15.2088,-1.2749,67.263,4t4d,0.19,0.0,0.0
5316,1256.41,-1.6764,15.2452,-1.2761,67.219,4t4d,0.201,0.0,0.0
5317,1256.626,-1.6556,15.2966,-1.2769,67.128,4t4d,0.186,0.0,0.0
5318,1256.836,-1.6414,15.3316,-1.2781,67.032,4t4d,0.179,0.0,0.0
5319,1257.052,-1.6276,15.3655,-1.278,67.032,4t4d,0.188,0.0,0.0
5320,1257.26,-1.6132,15.4007,-1.2783,66.988,4t4d,0.219,0.0,0.0
5321,1257.471,-1.5987,15.4362,-1.2783,66.963,4t4d,0.197,0.0,0.0
5322,1257.681,-1.5839,15.4722,-1.2783,66.944,4t4d,0.189,0.0,0.0
5323,1257.893,-1.5692,15.5073,-1.2776,66.95,4t4d,0.204,0.0,0.0
5324,1258.103,-1.5461,15.5645,-1.278,66.922,4t4d,0.193,0.0,0.0
5325,1258.322,-1.5318,15.5993,-1.2785,66.897,4t4d,0.197,0.0,0.0
5326,1258.535,-1.517,15.6355,-1.2791,66.891,4t4d,0.191,0.0,0.0
5327,1258.744,-1.4946,15.6899,-1.2792,66.879,4t4d,0.2,0.0,0.0
5328,1258.954,-1.4803,15.7246,-1.2811,66.839,4t4d,0.195,0.0,0.0
5329,1259.166,-1.4639,15.7647,-1.2818,66.828,4t4d,0.185,0.0,0.0
5330,1259.384,-1.455,15.7853,-1.2821,66.798,4t4d,0.176,0.0,0.0
5331,1259.595,-1.432,15.8404,-1.2825,66.774,4t4d,0.216,0.0,0.0
5332,1259.807,-1.4163,15.8782,-1.2823,66.84,4t4d,0.208,0.0,0.0
5333,1260.018,-1.4024,15.9137,-1.2816,67.451,4t4d,0.206,0.0,0.0
5334,1260.227,-1.3859,15.9559,-1.2817,67.654,4t4d,0.217,0.0,0.0
5335,1260.449,-1.3633,16.0106,-1.2825,67.673,4t4d,0.195,0.0,0.0
5336,1260.66,-1.3481,16.048,-1.2837,67.698,4t4d,0.21,0.0,0.0
5337,1260.872,-1.3351,16.0822,-1.2839,67.73,4t4d,0.155,0.0,0.0
5338,1261.087,-1.3221,16.1183,-1.2825,67.731,4t4d,0.186,0.0,2.68
5339,1261.301,-1.3017,16.1731,-1.2836,67.566,4t4d,0.178,0.0,0.0
5340,1261.529,-1.2873,16.2083,-1.2851,67.484,4t4d,0.226,0.0,0.0
5341,1261.747,-1.2728,16.2458,-1.2856,67.441,4t4d,0.17,0.0,0.0
5342,1261.963,-1.2595,16.2787,-1.2867,67.39,4t4d,0.21,0.0,0.0
5343,1262.175,-1.2432,16.3192,-1.2866,67.328,4t4d,0.166,0.0,0.0
5344,1262.387,-1.2202,16.3751,-1.2864,67.108,4t4d,0.164,0.0,0.0
5345,1262.6,-1.2052,16.4116,-1.287,66.316,4t4d,0.2,0.0,0.0
5346,1262.825,-1.1911,16.4427,-1.2873,65.188,4t4d,0.191,0.0,0.0
5347,1263.04,-1.1673,16.4952,-1.2876,64.963,4t4d,0.207,0.0,0.0
5348,1263.251,-1.152,16.5324,-1.2889,65.781,4t4d,0.211,0.0,0.0
5349,1263.464,-1.1446,16.5512,-1.2894,66.268,4t4d,0.192,0.0,0.0
5350,1263.679,-1.1217,16.6078,-1.291,66.89,4t4d,0.207,0.0,-4.11
5351,1263.896,-1.1064,16.645,-1.291,66.988,4t4d,0.218,0.0,-4.68
5352,1264.113,-1.0919,16.6815,-1.2901,66.991,4t4d,0.185,0.0,0.0
5353,1264.323,-1.0751,16.7227,-1.2901,67.039,4t4d,0.218,0.0,0.0
5354,1264.533,-1.0525,16.7807,-1.2909,67.102,4t4d,0.181,0.0,4.9
5355,1264.743,-1.0374,16.8189,-1.2913,67.032,4t4d,0.199,0.0,0.0
5356,1264.959,-1.0253,16.8494,-1.2911,67.026,4t4d,0.199,0.0,0.0
5357,1265.17,-1.0096,16.8875,-1.2912,67.011,4t4d,0.202,0.0,0.0
5358,1265.383,-0.9955,16.9215,-1.2915,67.049,4t4d,0.211,0.0,0.0
5359,1265.593,-0.9723,16.9779,-1.2918,67.077,4t4d,0.204,0.0,0.0
5360,1265.809,-0.9661,16.9919,-1.2912,67.048,4t4d,0.219,0.0,0.0
5361,1266.018,-0.943,17.0489,-1.2914,66.954,4t4d,0.162,0.0,0.0
5362,1266.234,-0.9249,17.0933,-1.2919,66.841,4t4d,0.196,0.0,0.0
5363,1266.444,-0.9097,17.1313,-1.2926,66.812,4t4d,0.206,0.0,0.0
5364,1266.653,-0.8858,17.1905,-1.2955,66.999,4t4d,0.202,0.0,0.0
5365,1266.865,-0.8709,17.2271,-1.2962,67.107,4t4d,0.209,0.0,0.0
5366,1267.075,-0.8557,17.2654,-1.2961,67.184,4t4d,0.218,0.0,0.0
5367,1267.288,-0.841,17.3031,-1.296,67.263,4t4d,0.237,0.0,0.0
5368,1267.501,-0.8334,17.3221,-1.2961,67.291,4t4d,0.232,0.0,0.0
5369,1267.713,-0.8097,17.3814,-1.2973,67.29,4t4d,0.204,0.0,0.0
5370,1267.923,-0.7953,17.4168,-1.2991,67.322,4t4d,0.187,0.0,0.0
5371,1268.149,-0.7711,17.4773,-1.2999,67.344,4t4d,0.201,0.0,0.0
5372,1268.363,-0.7632,17.4975,-1.3001,67.407,4t4d,0.212,0.0,0.0
5373,1268.575,-0.7333,17.573,-1.3002,67.38,4t4d,0.218,0.0,0.0
5374,1268.785,-0.7205,17.6067,-1.3005,67.416,4t4d,0.185,0.0,0.0
5375,1268.994,-0.7128,17.6263,-1.3007,67.463,4t4d,0.208,0.0,0.0
5376,1269.215,-0.6916,17.6811,-1.301,67.816,4t4d,0.223,0.0,0.0
5377,1269.425,-0.6771,17.7179,-1.3011,67.868,4t4d,0.225,0.0,0.0
5378,1269.637,-0.663,17.7548,-1.301,68.0,4t4d,0.193,0.0,0.0
5379,1269.846,-0.6479,17.7937,-1.3008,68.408,4t4d,0.219,0.0,0.0
5380,1270.056,-0.6335,17.8345,-1.3011,69.416,4t4d,0.199,0.0,0.0
5381,1270.267,-0.6208,17.8743,-1.3014,70.581,4t4d,0.205,0.0,0.0
5382,1270.478,-0.6015,17.9322,-1.3021,71.062,4t4d,0.198,0.0,0.0
5383,1270.689,-0.5894,17.97,-1.3023,71.055,4t4d,0.191,0.0,0.0
5384,1270.899,-0.5778,18.0071,-1.3025,71.15,4t4d,0.193,0.0,4.39
5385,1271.109,-0.5654,18.0456,-1.3029,70.995,4t4d,0.204,0.0,5.78
5386,1271.32,-0.5533,18.0823,-1.3036,70.828,4t4d,0.197,0.0,6.0
5387,1271.531,-0.5356,18.1362,-1.3035,70.648,4t4d,0.2,0.0,0.0
5388,1271.742,-0.523,18.1741,-1.3042,70.509,4t4d,0.203,0.0,0.0
5389,1271.952,-0.517,18.1911,-1.3043,70.216,4t4d,0.202,0.0,0.0
5390,1272.164,-0.4971,18.2429,-1.3054,69.015,4t4d,0.197,0.0,0.0
5391,1272.376,-0.4835,18.2789,-1.306,68.633,4t4d,0.189,0.0,0.0
5392,1272.593,-0.4646,18.3298,-1.3069,68.45,4t4d,0.193,0.0,0.0
5393,1272.803,-0.4519,18.3627,-1.3067,68.424,4t4d,0.203,0.0,0.0
5394,1273.015,-0.4449,18.3813,-1.307,68.39,4t4d,0.2,0.0,-4.29
5395,1273.227,-0.425,18.4345,-1.3085,68.33,4t4d,0.187,0.0,-3.7
5396,1273.436,-0.4117,18.4694,-1.3092,68.242,4t4d,0.213,0.0,0.0
5397,1273.648,-0.3983,18.5044,-1.3103,68.204,4t4d,0.189,0.0,0.0
5398,1273.86,-0.3846,18.5402,-1.3112,68.136,4t4d,0.198,0.0,0.0
5399,1274.071,-0.3653,18.5924,-1.3122,68.131,4t4d,0.178,0.0,0.0
5400,1274.303,-0.3514,18.6294,-1.3123,68.139,4t4d,0.186,0.0,0.0
5401,1274.528,-0.3383,18.6636,-1.3125,68.106,4t4d,0.199,0.0,0.0
5402,1274.74,-0.3263,18.696,-1.3122,68.123,4t4d,0.199,0.0,0.0
5403,1274.963,-0.3065,18.7462,-1.3142,68.164,4t4d,0.194,0.0,0.0
5404,1275.174,-0.2931,18.7813,-1.3143,68.203,4t4d,0.184,0.0,0.0
5405,1275.39,-0.2805,18.8138,-1.3151,68.199,4t4d,0.178,0.0,0.0
5406,1275.613,-0.2753,18.8296,-1.3147,68.224,4t4d,0.186,0.0,0.0
5407,1275.824,-0.2777,18.8237,-1.3143,68.228,4t4d,0.193,0.0,0.0
5408,1276.037,-0.3025,18.7591,-1.3135,68.321,4t4d,0.184,0.0,0.0
5409,1276.253,-0.3105,18.7382,-1.3129,68.294,4t4d,0.181,0.0,0.0
5410,1276.473,-0.3343,18.679,-1.3111,68.458,4t4d,0.184,0.0,0.0
5411,1276.711,-0.3657,18.5938,-1.311,68.446,4t4d,0.137,0.0,0.0
5412,1276.924,-0.3844,18.5431,-1.3111,68.469,4t4d,-0.046,0.0,0.0
5413,1277.135,-0.403,18.4929,-1.3107,68.501,4t4d,-0.199,0.0,0.0
5414,1277.348,-0.4215,18.4433,-1.3098,68.591,4t4d,-0.218,0.0,0.0
5415,1277.56,-0.4413,18.3914,-1.3096,68.711,4t4d,-0.243,0.0,0.0
5416,1277.772,-0.4596,18.3429,-1.3098,68.85,4t4d,-0.289,0.0,0.0
5417,1277.986,-0.49,18.2595,-1.3086,68.913,4t4d,-0.289,0.0,0.0
5418,1278.197,-0.5099,18.2061,-1.3078,68.969,4t4d,-0.27,0.0,0.0
5419,1278.407,-0.5284,18.1563,-1.3071,69.064,4t4d,-0.273,0.0,0.0
5420,1278.618,-0.5461,18.1084,-1.3069,69.105,4t4d,-0.273,0.0,0.0
5421,1278.829,-0.5658,18.0552,-1.3063,69.103,4t4d,-0.298,0.0,0.0
5422,1279.039,-0.5931,17.9788,-1.3061,69.175,4t4d,-0.284,0.0,0.0
5423,1279.248,-0.6014,17.9557,-1.3056,69.218,4t4d,-0.294,0.0,0.0
5424,1279.458,-0.6181,17.9096,-1.3045,69.297,4t4d,-0.266,0.0,0.0
5425,1279.681,-0.6462,17.8302,-1.3039,69.278,4t4d,-0.271,0.0,0.0
5426,1279.902,-0.666,17.7749,-1.3046,69.229,4t4d,-0.272,0.0,0.0
5427,1280.114,-0.6833,17.7284,-1.3038,69.223,4t4d,-0.245,0.0,0.0
5428,1280.326,-0.7097,17.6561,-1.3035,69.281,4t4d,-0.27,0.0,0.0
5429,1280.54,-0.7272,17.6082,-1.3031,69.306,4t4d,-0.236,0.0,0.0
5430,1280.763,-0.743,17.5621,-1.3024,69.343,4t4d,-0.257,0.0,0.0
5431,1280.977,-0.7593,17.5157,-1.3019,69.42,4t4d,-0.268,0.0,0.0
5432,1281.188,-0.776,17.4704,-1.3011,69.392,4t4d,-0.265,0.0,0.0
5433,1281.4,-0.7922,17.4252,-1.3001,69.394,4t4d,-0.264,0.0,0.0
5434,1281.617,-0.8167,17.3583,-1.2987,69.472,4t4d,-0.255,0.0,0.0
5435,1281.831,-0.8342,17.3091,-1.2986,69.467,4t4d,-0.244,0.0,0.0
5436,1282.041,-0.8494,17.2676,-1.2988,69.454,4t4d,-0.275,0.0,0.0
5437,1282.251,-0.8646,17.2242,-1.2991,69.474,4t4d,-0.266,0.0,0.0
5438,1282.467,-0.8803,17.1801,-1.2986,69.541,4t4d,-0.237,0.0,0.0
5439,1282.694,-0.9058,17.1101,-1.2963,69.729,4t4d,-0.262,0.0,0.0
5440,1282.906,-0.9225,17.0635,-1.2953,69.717,4t4d,-0.242,0.0,0.0
5441,1283.115,-0.9375,17.0207,-1.294,69.671,4t4d,-0.233,0.0,0.0
5442,1283.325,-0.9667,16.936,-1.2941,69.394,4t4d,-0.226,0.0,0.0
5443,1283.541,-0.9866,16.8795,-1.294,69.123,4t4d,-0.246,0.0,0.0
5444,1283.746,-1.0043,16.8274,-1.293,67.402,4t4d,-0.233,0.0,0.0
5445,1283.962,-1.0252,16.7733,-1.292,67.282,4t4d,-0.247,0.0,0.0
5446,1284.171,-1.0481,16.7168,-1.2907,67.276,4t4d,-0.255,0.0,0.0
5447,1284.384,-1.0826,16.6278,-1.2907,65.372,4t4d,-0.29,0.0,0.0
5448,1284.612,-1.1046,16.5776,-1.2895,64.803,4t4d,-0.287,0.0,0.0
5449,1284.84,-1.1175,16.5489,-1.2884,64.695,4t4d,-0.293,0.0,-9.35
5450,1285.049,-1.1532,16.4696,-1.2859,64.701,4t4d,-0.327,0.0,0.0
5451,1285.257,-1.1768,16.416,-1.2859,64.68,4t4d,-0.303,0.0,0.0
5452,1285.467,-1.201,16.3624,-1.285,64.842,4t4d,-0.304,0.0,0.0
5453,1285.677,-1.2227,16.3142,-1.2854,64.873,4t4d,-0.284,0.0,0.0
5454,1285.894,-1.2447,16.2666,-1.2855,65.017,4t4d,-0.302,0.0,0.0
5455,1286.108,-1.2759,16.1967,-1.2843,65.117,4t4d,-0.299,0.0,0.0
5456,1286.327,-1.2982,16.1456,-1.2832,65.098,4t4d,-0.279,0.0,0.0
5457,1286.535,-1.3191,16.0982,-1.2824,65.164,4t4d,-0.262,0.0,0.0
5458,1286.743,-1.3518,16.0233,-1.2827,65.224,4t4d,-0.266,0.0,0.0
5459,1286.956,-1.3726,15.9781,-1.2817,65.297,4t4d,-0.258,0.0,0.0
5460,1287.167,-1.3946,15.9286,-1.2811,65.36,4t4d,-0.284,0.0,0.0
5461,1287.382,-1.4146,15.8838,-1.2816,65.396,4t4d,-0.297,0.0,0.0
5462,1287.597,-1.4376,15.8319,-1.2816,65.368,4t4d,-0.252,0.0,0.0
5463,1287.814,-1.4571,15.7882,-1.281,65.461,4t4d,-0.242,0.0,0.0
5464,1288.036,-1.4889,15.7168,-1.2789,65.625,4t4d,-0.259,0.0,0.0
5465,1288.253,-1.5004,15.6911,-1.2776,65.709,4t4d,-0.257,0.0,0.0
5466,1288.465,-1.5342,15.6144,-1.2764,65.846,4t4d,-0.267,0.0,0.0
5467,1288.677,-1.5547,15.5675,-1.2757,66.028,4t4d,-0.303,0.0,0.0
5468,1288.89,-1.5746,15.5207,-1.2752,66.389,4t4d,-0.236,0.0,0.0
5469,1289.124,-1.6074,15.4433,-1.2749,66.636,4t4d,-0.265,0.0,0.0
5470,1289.337,-1.6258,15.3983,-1.2745,67.644,4t4d,-0.278,0.0,0.0
5471,1289.547,-1.6395,15.3605,-1.2736,68.103,4t4d,-0.214,0.0,0.0
5472,1289.763,-1.6542,15.3199,-1.2729,68.189,4t4d,-0.249,0.0,0.0
5473,1289.973,-1.6757,15.2625,-1.2715,68.248,4t4d,-0.317,0.0,0.0
5474,1290.18,-1.6899,15.2233,-1.271,67.348,4t4d,-0.285,0.0,0.0
5475,1290.397,-1.6967,15.2045,-1.2706,66.887,4t4d,-0.242,0.0,4.85
5476,1290.608,-1.7189,15.1493,-1.2699,66.789,4t4d,-0.206,0.0,0.0
5477,1290.819,-1.7319,15.1183,-1.2695,66.834,4t4d,-0.195,0.0,0.0
5478,1291.026,-1.7429,15.0922,-1.2697,67.459,4t4d,-0.177,0.0,0.0
5479,1291.235,-1.7549,15.0615,-1.2697,67.948,4t4d,-0.21,0.0,-2.67
5480,1291.445,-1.7776,15.0015,-1.2691,67.994,4t4d,-0.193,0.0,-4.01
5481,1291.654,-1.7952,14.9565,-1.2688,67.892,4t4d,-0.196,0.0,0.0
5482,1291.866,-1.8167,14.9003,-1.2682,67.212,4t4d,-0.171,0.0,0.0
5483,1292.079,-1.8331,14.8601,-1.2683,67.272,4t4d,-0.151,0.0,3.33
5484,1292.29,-1.86,14.7926,-1.2683,67.251,4t4d,-0.153,0.0,0.0
5485,1292.505,-1.8757,14.7527,-1.2687,67.256,4t4d,-0.248,0.0,0.0
5486,1292.718,-1.8935,14.7066,-1.2682,67.259,4t4d,-0.234,0.0,0.0
5487,1292.945,-1.8999,14.6901,-1.2681,67.258,4t4d,-0.257,0.0,0.0
5488,1293.155,-1.9251,14.626,-1.2669,67.221,4t4d,-0.246,0.0,0.0
5489,1293.365,-1.9406,14.588,-1.2657,67.239,4t4d,-0.232,0.0,0.0
5490,1293.575,-1.9673,14.5199,-1.265,67.206,4t4d,-0.251,0.0,0.0
5491,1293.786,-1.9789,14.4898,-1.265,67.16,4t4d,-0.241,0.0,0.0
5492,1293.997,-2.0057,14.4224,-1.2646,67.161,4t4d,-0.19,0.0,0.0
5493,1294.209,-2.0245,14.3757,-1.2654,67.157,4t4d,-0.228,0.0,0.0
5494,1294.419,-2.0401,14.3387,-1.2635,67.221,4t4d,-0.211,0.0,0.0
5495,1294.627,-2.0613,14.2845,-1.2626,67.173,4t4d,-0.244,0.0,0.0
5496,1294.843,-2.0791,14.2381,-1.2621,67.151,4t4d,-0.245,0.0,0.0
5497,1295.059,-2.1067,14.1669,-1.2621,67.108,4t4d,-0.246,0.0,0.0
5498,1295.271,-2.1154,14.1442,-1.2618,67.113,4t4d,-0.263,0.0,0.0
5499,1295.483,-2.1304,14.1064,-1.2605,67.136,4t4d,-0.266,0.0,0.0
5500,1295.696,-2.1567,14.0399,-1.2585,67.141,4t4d,-0.264,0.0,0.0
5501,1295.918,-2.1823,13.9743,-1.2565,67.175,4t4d,-0.261,0.0,0.0
5502,1296.129,-2.1992,13.9323,-1.2555,67.129,4t4d,-0.25,0.0,0.0
5503,1296.344,-2.2086,13.9092,-1.2549,67.117,4t4d,-0.252,0.0,0.0
5504,1296.556,-2.2344,13.8461,-1.2541,67.101,4t4d,-0.229,0.0,0.0
5505,1296.771,-2.2509,13.8046,-1.254,67.065,4t4d,-0.23,0.0,0.0
5506,1296.98,-2.2662,13.7665,-1.2538,67.09,4t4d,-0.219,0.0,0.0
5507,1297.19,-2.2923,13.7021,-1.2525,67.038,4t4d,-0.218,0.0,0.0
5508,1297.403,-2.301,13.6812,-1.252,67.019,4t4d,-0.244,0.0,0.0
5509,1297.619,-2.3242,13.6237,-1.2509,67.036,4t4d,-0.233,0.0,0.0
5510,1297.831,-2.3406,13.5825,-1.2501,66.965,4t4d,-0.223,0.0,0.0
5511,1298.04,-2.3655,13.5203,-1.2495,67.05,4t4d,-0.234,0.0,0.0
5512,1298.253,-2.3814,13.4799,-1.2491,67.067,4t4d,-0.224,0.0,0.0
5513,1298.464,-2.3892,13.4594,-1.2495,67.133,4t4d,-0.219,0.0,0.0
5514,1298.678,-2.4129,13.4006,-1.2489,66.979,4t4d,-0.222,0.0,0.0
5515,1298.89,-2.4308,13.356,-1.2489,66.951,4t4d,-0.226,0.0,0.0
5516,1299.1,-2.4469,13.3159,-1.2487,66.875,4t4d,-0.238,0.0,0.0
5517,1299.313,-2.464,13.274,-1.2481,66.9,4t4d,-0.221,0.0,0.0
5518,1299.529,-2.4898,13.2098,-1.2464,66.788,4t4d,-0.216,0.0,0.0
5519,1299.739,-2.5069,13.168,-1.2458,66.855,4t4d,-0.252,0.0,0.0
5520,1299.96,-2.5224,13.1293,-1.2453,66.827,4t4d,-0.224,0.0,0.0
5521,1300.172,-2.5381,13.0896,-1.2449,66.841,4t4d,-0.196,0.0,0.0
5522,1300.392,-2.5538,13.0496,-1.2432,66.837,4t4d,-0.224,0.0,0.0
5523,1300.603,-2.5681,13.0144,-1.2431,66.85,4t4d,-0.239,0.0,0.0
5524,1300.816,-2.593,12.952,-1.2437,66.867,4t4d,-0.227,0.0,0.0
5525,1301.028,-2.6093,12.9115,-1.2433,66.846,4t4d,-0.205,0.0,0.0
5526,1301.253,-2.6249,12.8731,-1.2421,66.866,4t4d,-0.216,0.0,0.0
5527,1301.464,-2.6463,12.8204,-1.2411,66.957,4t4d,-0.241,0.0,0.0
5528,1301.674,-2.6608,12.7841,-1.2401,66.868,4t4d,-0.213,0.0,0.0
5529,1301.884,-2.6746,12.7485,-1.2387,66.66,4t4d,-0.217,0.0,0.0
5530,1302.099,-2.6823,12.7299,-1.2385,66.591,4t4d,-0.219,0.0,0.0
5531,1302.312,-2.7031,12.6791,-1.2376,66.505,4t4d,-0.199,0.0,0.0
5532,1302.523,-2.7178,12.6448,-1.2366,66.711,4t4d,-0.209,0.0,0.0
5533,1302.734,-2.731,12.6132,-1.236,67.473,4t4d,-0.174,0.0,0.0
5534,1302.948,-2.7494,12.5646,-1.2355,67.653,4t4d,-0.194,0.0,0.0
5535,1303.155,-2.7559,12.5474,-1.2354,67.661,4t4d,-0.185,0.0,0.0
5536,1303.366,-2.7756,12.4979,-1.2357,67.721,4t4d,-0.177,0.0,0.0
5537,1303.577,-2.789,12.4643,-1.2349,67.724,4t4d,-0.173,0.0,0.0
5538,1303.786,-2.8033,12.4283,-1.2339,67.756,4t4d,-0.176,0.0,3.7
5539,1304.0,-2.8251,12.373,-1.2334,67.84,4t4d,-0.167,0.0,0.0
5540,1304.213,-2.8332,12.3527,-1.2332,67.897,4t4d,-0.172,0.0,0.0
5541,1304.425,-2.8554,12.2979,-1.2314,67.882,4t4d,-0.193,0.0,0.0
5542,1304.641,-2.8695,12.2619,-1.2301,67.86,4t4d,-0.212,0.0,0.0
5543,1304.854,-2.8849,12.2218,-1.2291,68.106,4t4d,-0.206,0.0,0.0
5544,1305.069,-2.9056,12.1667,-1.2279,68.119,4t4d,-0.196,0.0,0.0
5545,1305.279,-2.921,12.1275,-1.2288,68.201,4t4d,-0.199,0.0,0.0
5546,1305.488,-2.9344,12.0928,-1.2284,68.216,4t4d,-0.2,0.0,0.0
5547,1305.701,-2.947,12.0609,-1.2272,68.203,4t4d,-0.188,0.0,0.0
5548,1305.913,-2.9608,12.0246,-1.2257,68.245,4t4d,-0.214,0.0,0.0
5549,1306.124,-2.9754,11.986,-1.2245,68.294,4t4d,-0.201,0.0,0.0
5550,1306.334,-2.9965,11.9308,-1.2238,68.308,4t4d,-0.186,0.0,0.0
5551,1306.545,-3.0035,11.9132,-1.2233,68.372,4t4d,-0.211,0.0,0.0
5552,1306.762,-3.0168,11.8784,-1.2235,68.353,4t4d,-0.183,0.0,0.0
5553,1306.973,-3.0368,11.8233,-1.224,68.442,4t4d,-0.193,0.0,0.0
5554,1307.182,-3.0509,11.7857,-1.2236,68.51,4t4d,-0.216,0.0,0.0
5555,1307.393,-3.064,11.751,-1.223,68.568,4t4d,-0.207,0.0,0.0
5556,1307.603,-3.0775,11.7145,-1.2221,68.604,4t4d,-0.222,0.0,0.0
5557,1307.815,-3.0989,11.6574,-1.2206,68.623,4t4d,-0.195,0.0,0.0
5558,1308.025,-3.1118,11.6225,-1.2203,68.626,4t4d,-0.201,0.0,0.0
5559,1308.236,-3.1238,11.5896,-1.22,68.652,4t4d,-0.19,0.0,0.0
5560,1308.451,-3.1308,11.5711,-1.2203,68.724,4t4d,-0.179,0.0,0.0
5561,1308.664,-3.1556,11.5045,-1.2201,68.676,4t4d,-0.22,0.0,0.0
5562,1308.878,-3.1686,11.469,-1.2199,68.739,4t4d,-0.221,0.0,0.0
5563,1309.088,-3.1744,11.4532,-1.2198,68.757,4t4d,-0.171,0.0,0.0
5564,1309.299,-3.1921,11.405,-1.2196,68.778,4t4d,-0.177,0.0,0.0
5565,1309.512,-3.203,11.3756,-1.2188,68.843,4t4d,-0.14,0.0,0.0
5566,1309.721,-3.2153,11.3416,-1.2181,68.847,4t4d,-0.204,0.0,0.0
5567,1309.931,-3.2331,11.2925,-1.2184,68.855,4t4d,-0.194,0.0,0.0
5568,1310.142,-3.2387,11.277,-1.2184,68.875,4t4d,-0.173,0.0,0.0
5569,1310.355,-3.2553,11.2309,-1.2181,68.91,4t4d,-0.186,0.0,0.0
5570,1310.574,-3.2666,11.2,-1.218,68.959,4t4d,-0.157,0.0,0.0
5571,1310.785,-3.2778,11.1688,-1.2175,69.012,4t4d,-0.192,0.0,0.0
5572,1311.0,-3.2954,11.1216,-1.2166,69.131,4t4d,-0.152,0.0,0.0
5573,1311.212,-3.3011,11.1046,-1.2156,69.115,4t4d,-0.183,0.0,0.0
5574,1311.425,-3.3192,11.0545,-1.2152,69.105,4t4d,-0.163,0.0,0.0
5575,1311.636,-3.331,11.0203,-1.215,68.74,4t4d,-0.156,0.0,0.0
5576,1311.857,-3.3432,10.987,-1.2152,68.543,4t4d,-0.157,0.0,0.0
5577,1312.067,-3.355,10.9557,-1.215,68.453,4t4d,-0.151,0.0,0.0
5578,1312.282,-3.3728,10.9074,-1.2154,68.276,4t4d,-0.177,0.0,0.0
5579,1312.493,-3.3844,10.876,-1.2154,68.206,4t4d,-0.171,0.0,0.0
5580,1312.704,-3.3973,10.8406,-1.2151,67.644,4t4d,-0.181,0.0,0.0
5581,1312.93,-3.4096,10.8093,-1.2146,67.43,4t4d,-0.184,0.0,0.0
5582,1313.141,-3.4225,10.7754,-1.2138,67.391,4t4d,-0.16,0.0,0.0
5583,1313.351,-3.4414,10.7274,-1.2125,67.419,4t4d,-0.183,0.0,0.0
5584,1313.562,-3.4484,10.7092,-1.212,67.439,4t4d,-0.191,0.0,0.0
5585,1313.787,-3.4608,10.6775,-1.2117,67.426,4t4d,-0.176,0.0,-2.51
5586,1313.997,-3.4787,10.6304,-1.2109,67.404,4t4d,-0.158,0.0,0.0
5587,1314.211,-3.4909,10.5988,-1.2112,67.414,4t4d,-0.168,0.0,0.0
5588,1314.426,-3.5088,10.5505,-1.2106,67.321,4t4d,-0.142,0.0,0.0
5589,1314.634,-3.519,10.5242,-1.2099,67.372,4t4d,-0.203,0.0,0.0
5590,1314.86,-3.5306,10.496,-1.2092,67.336,4t4d,-0.174,0.0,0.0
5591,1315.08,-3.5427,10.4651,-1.2087,67.303,4t4d,-0.155,0.0,0.0
5592,1315.29,-3.5529,10.4388,-1.2085,67.298,4t4d,-0.177,0.0,0.0
5593,1315.499,-3.567,10.4005,-1.2079,67.229,4t4d,-0.179,0.0,0.0
5594,1315.712,-3.5728,10.3865,-1.2077,67.096,4t4d,-0.14,0.0,0.0
5595,1315.925,-3.584,10.3571,-1.2071,67.21,4t4d,-0.165,0.0,0.0
5596,1316.137,-3.5936,10.3326,-1.2064,67.18,4t4d,-0.157,0.0,0.0
5597,1316.347,-3.6147,10.2795,-1.2051,67.187,4t4d,-0.157,0.0,0.0
5598,1316.56,-3.6201,10.2655,-1.2048,67.18,4t4d,-0.136,0.0,0.0
5599,1316.768,-3.6289,10.2428,-1.2051,67.163,4t4d,-0.144,0.0,0.0
5600,1316.978,-3.6392,10.2162,-1.2055,67.147,4t4d,-0.163,0.0,0.0
5601,1317.193,-3.6547,10.1768,-1.205,67.063,4t4d,-0.132,0.0,0.0
5602,1317.409,-3.6603,10.1631,-1.2047,67.071,4t4d,-0.125,0.0,0.0
5603,1317.624,-3.6785,10.1174,-1.2036,67.13,4t4d,-0.155,0.0,0.0
5604,1317.835,-3.6903,10.0878,-1.2028,67.149,4t4d,-0.131,0.0,0.0
5605,1318.046,-3.7017,10.0583,-1.2025,67.163,4t4d,-0.128,0.0,0.0
5606,1318.257,-3.7192,10.0131,-1.2034,67.208,4t4d,-0.154,0.0,0.0
5607,1318.47,-3.7313,9.9831,-1.2027,67.212,4t4d,-0.156,0.0,0.0
5608,1318.679,-3.7429,9.9539,-1.2023,67.217,4t4d,-0.157,0.0,0.0
5609,1318.887,-3.7536,9.9268,-1.2015,67.22,4t4d,-0.149,0.0,0.0
5610,1319.097,-3.7655,9.8967,-1.2009,67.193,4t4d,-0.168,0.0,0.0
5611,1319.308,-3.7813,9.8573,-1.2002,67.185,4t4d,-0.138,0.0,0.0
5612,1319.522,-3.7917,9.8324,-1.1999,67.225,4t4d,-0.161,0.0,0.0
5613,1319.745,-3.802,9.8065,-1.1992,67.208,4t4d,-0.145,0.0,0.0
5614,1319.959,-3.8121,9.7809,-1.1987,67.158,4t4d,-0.145,0.0,0.0
5615,1320.168,-3.8222,9.7553,-1.1979,67.151,4t4d,-0.147,0.0,0.0
5616,1320.419,-3.8323,9.7301,-1.1972,67.149,4t4d,-0.153,0.0,0.0
5617,1320.632,-3.8478,9.691,-1.1968,67.139,4t4d,-0.127,0.0,0.0
5618,1320.842,-3.86,9.6609,-1.1968,67.181,4t4d,-0.153,0.0,0.0
5619,1321.052,-3.8719,9.6309,-1.1961,67.142,4t4d,-0.156,0.0,0.0
5620,1321.264,-3.8928,9.5782,-1.1959,67.11,4t4d,-0.153,0.0,0.0
5621,1321.476,-3.901,9.5574,-1.1956,67.07,4t4d,-0.131,0.0,0.0
5622,1321.687,-3.9194,9.511,-1.1952,67.074,4t4d,-0.141,0.0,0.0
5623,1321.902,-3.9325,9.4778,-1.1953,66.932,4t4d,-0.155,0.0,0.0
5624,1322.122,-3.9454,9.4451,-1.1951,66.623,4t4d,-0.206,0.0,0.0
5625,1322.334,-3.9658,9.394,-1.1943,66.012,4t4d,-0.211,0.0,0.0
5626,1322.545,-3.9801,9.3601,-1.194,65.942,4t4d,-0.201,0.0,0.0
5627,1322.765,-3.9867,9.3452,-1.1942,66.159,4t4d,-0.196,0.0,0.0
5628,1322.978,-4.0075,9.2972,-1.1938,67.209,4t4d,-0.16,0.0,0.0
5629,1323.193,-4.0228,9.2595,-1.1942,67.32,4t4d,-0.164,0.0,0.0
5630,1323.422,-4.0367,9.2249,-1.1944,67.387,4t4d,-0.189,0.0,-3.36
5631,1323.641,-4.0576,9.1714,-1.1939,67.775,4t4d,-0.196,0.0,0.0
5632,1323.855,-4.0726,9.1335,-1.1931,67.864,4t4d,-0.187,0.0,2.72
5633,1324.074,-4.0938,9.0786,-1.192,67.849,4t4d,-0.185,0.0,0.0
5634,1324.285,-4.1065,9.0455,-1.1913,67.944,4t4d,-0.163,0.0,0.0
5635,1324.507,-4.1207,9.0084,-1.1904,67.922,4t4d,-0.217,0.0,0.0
5636,1324.72,-4.1333,8.9765,-1.1905,67.967,4t4d,-0.192,0.0,0.0
5637,1324.935,-4.1464,8.9432,-1.1899,67.98,4t4d,-0.199,0.0,0.0
5638,1325.145,-4.1586,8.9123,-1.1895,68.008,4t4d,-0.187,0.0,0.0
5639,1325.361,-4.1763,8.8653,-1.1896,68.042,4t4d,-0.182,0.0,0.0
5640,1325.571,-4.1888,8.8329,-1.1888,68.078,4t4d,-0.183,0.0,0.0
5641,1325.782,-4.2024,8.7975,-1.188,68.02,4t4d,-0.187,0.0,0.0
5642,1325.998,-4.2132,8.7691,-1.188,67.908,4t4d,-0.178,0.0,0.0
5643,1326.236,-4.2252,8.7381,-1.1876,67.887,4t4d,-0.162,0.0,0.0
5644,1326.445,-4.2363,8.7083,-1.187,67.794,4t4d,-0.136,0.0,0.0
5645,1326.655,-4.2547,8.6596,-1.1848,67.885,4t4d,-0.176,0.0,0.0
5646,1326.867,-4.2661,8.6297,-1.1837,67.8,4t4d,-0.187,0.0,0.0
5647,1327.077,-4.2778,8.5993,-1.1829,67.871,4t4d,-0.161,0.0,0.0
5648,1327.291,-4.2936,8.5575,-1.182,67.862,4t4d,-0.165,0.0,0.0
5649,1327.502,-4.3064,8.5241,-1.1816,67.881,4t4d,-0.166,0.0,0.0
5650,1327.725,-4.3109,8.5122,-1.1807,67.913,4t4d,-0.191,0.0,0.0
5651,1327.939,-4.3298,8.4636,-1.1791,67.94,4t4d,-0.131,0.0,0.0
5652,1328.153,-4.3435,8.4286,-1.1782,67.93,4t4d,-0.148,0.0,0.0
5653,1328.365,-4.3566,8.3956,-1.1779,67.951,4t4d,-0.171,0.0,0.0
5654,1328.575,-4.3756,8.3466,-1.1779,67.942,4t4d,-0.169,0.0,0.0
5655,1328.806,-4.381,8.3323,-1.1779,67.903,4t4d,-0.145,0.0,0.0
5656,1329.019,-4.397,8.2913,-1.1774,67.941,4t4d,-0.179,0.0,0.0
5657,1329.235,-4.4134,8.2499,-1.1762,68.066,4t4d,-0.176,0.0,0.0
5658,1329.449,-4.4174,8.239,-1.1758,67.968,4t4d,-0.158,0.0,0.0
5659,1329.682,-4.4283,8.2109,-1.1752,68.027,4t4d,-0.185,0.0,0.0
5660,1329.895,-4.4422,8.1743,-1.1749,67.999,4t4d,-0.152,0.0,0.0
5661,1330.102,-4.4499,8.1533,-1.1758,68.068,4t4d,-0.162,0.0,0.0
5662,1330.312,-4.4629,8.1197,-1.1748,68.082,4t4d,-0.121,0.0,0.0
5663,1330.54,-4.471,8.0987,-1.1742,68.142,4t4d,-0.132,0.0,0.0
5664,1330.752,-4.4811,8.0727,-1.173,68.037,4t4d,-0.118,0.0,0.0
5665,1330.968,-4.4883,8.0545,-1.1721,68.0,4t4d,-0.139,0.0,0.0
5666,1331.178,-4.4988,8.0268,-1.1718,68.049,4t4d,-0.135,0.0,0.0
5667,1331.388,-4.5124,7.9909,-1.1714,67.983,4t4d,-0.132,0.0,0.0
5668,1331.598,-4.5234,7.9625,-1.1715,68.033,4t4d,-0.121,0.0,0.0
5669,1331.833,-4.533,7.9385,-1.1706,67.989,4t4d,-0.108,0.0,0.0
5670,1332.047,-4.5436,7.9098,-1.1705,67.895,4t4d,-0.104,0.0,0.0
5671,1332.256,-4.5523,7.8867,-1.1696,67.968,4t4d,-0.123,0.0,0.0
5672,1332.469,-4.562,7.861,-1.1688,67.939,4t4d,-0.141,0.0,0.0
5673,1332.678,-4.5759,7.8235,-1.1679,67.955,4t4d,-0.148,0.0,0.0
5674,1332.894,-4.584,7.8008,-1.1674,67.962,4t4d,-0.131,0.0,0.0
5675,1333.116,-4.5939,7.7744,-1.1673,67.987,4t4d,-0.132,0.0,0.0
5676,1333.34,-4.6026,7.7519,-1.1668,68.042,4t4d,-0.127,0.0,0.0
5677,1333.553,-4.6167,7.7151,-1.1663,68.028,4t4d,-0.131,0.0,0.0
5678,1333.764,-4.6217,7.7019,-1.1658,67.993,4t4d,-0.136,0.0,0.0
5679,1333.977,-4.6306,7.6788,-1.1657,67.969,4t4d,-0.129,0.0,0.0
5680,1334.188,-4.6419,7.6489,-1.1651,67.975,4t4d,-0.134,0.0,0.0
5681,1334.399,-4.6504,7.627,-1.1648,67.976,4t4d,-0.133,0.0,0.0
5682,1334.622,-4.662,7.5967,-1.1646,67.987,4t4d,-0.134,0.0,0.0
5683,1334.853,-4.6664,7.5855,-1.165,68.0,4t4d,-0.15,0.0,0.0
5684,1335.06,-4.6785,7.5534,-1.1653,67.988,4t4d,-0.103,0.0,0.0
5685,1335.268,-4.6859,7.5339,-1.165,68.011,4t4d,-0.122,0.0,0.0
5686,1335.485,-4.6998,7.4984,-1.1638,67.864,4t4d,-0.106,0.0,0.0
5687,1335.694,-4.7059,7.4856,-1.1631,67.817,4t4d,-0.102,0.0,0.0
5688,1335.903,-4.7132,7.4665,-1.1626,67.792,4t4d,-0.114,0.0,0.0
5689,1336.136,-4.7216,7.4441,-1.1624,67.772,4t4d,-0.108,0.0,0.0
5690,1336.347,-4.7294,7.4243,-1.1618,67.767,4t4d,-0.09,0.0,0.0
5691,1336.556,-4.7408,7.3933,-1.1618,67.749,4t4d,-0.126,0.0,0.0
5692,1336.765,-4.7514,7.3657,-1.1618,67.806,4t4d,-0.104,0.0,0.0
5693,1336.972,-4.7565,7.3516,-1.1625,67.853,4t4d,-0.117,0.0,0.0
5694,1337.182,-4.7651,7.3302,-1.1625,67.907,4t4d,-0.104,0.0,0.0
5695,1337.394,-4.7753,7.3022,-1.1627,67.899,4t4d,-0.104,0.0,0.0
5696,1337.613,-4.7921,7.2585,-1.163,67.889,4t4d,-0.112,0.0,0.0
5697,1337.826,-4.8036,7.2285,-1.1631,67.89,4t4d,-0.165,0.0,0.0
5698,1338.061,-4.8225,7.1819,-1.1623,67.834,4t4d,-0.143,0.0,0.0
5699,1338.273,-4.8325,7.1593,-1.1619,67.899,4t4d,-0.159,0.0,0.0
5700,1338.482,-4.8448,7.1273,-1.1611,67.923,4t4d,-0.152,0.0,0.0
5701,1338.695,-4.8622,7.0814,-1.1605,67.825,4t4d,-0.138,0.0,0.0
5702,1338.905,-4.8741,7.0499,-1.1597,67.4,4t4d,-0.148,0.0,0.0
5703,1339.118,-4.8826,7.0297,-1.1586,67.371,4t4d,-0.152,0.0,0.0
5704,1339.323,-4.8955,6.9965,-1.1572,67.429,4t4d,-0.155,0.0,0.0
5705,1339.532,-4.9071,6.9665,-1.1565,67.424,4t4d,-0.169,0.0,0.0
5706,1339.745,-4.9203,6.9331,-1.1564,67.339,4t4d,-0.163,0.0,0.0
5707,1339.967,-4.9369,6.8926,-1.1564,67.344,4t4d,-0.158,0.0,0.0
5708,1340.177,-4.9429,6.8773,-1.1564,67.343,4t4d,-0.131,0.0,0.0
5709,1340.386,-4.9537,6.8493,-1.1565,67.329,4t4d,-0.228,0.0,0.0
5710,1340.594,-4.9705,6.8058,-1.1563,67.332,4t4d,-0.164,0.0,0.0
5711,1340.803,-4.9804,6.7811,-1.1547,67.275,4t4d,-0.177,0.0,0.0
5712,1341.016,-4.9929,6.7498,-1.1546,67.337,4t4d,-0.154,0.0,0.0
5713,1341.226,-5.0042,6.7211,-1.1539,67.268,4t4d,-0.164,0.0,0.0
5714,1341.439,-5.0197,6.681,-1.1536,67.303,4t4d,-0.178,0.0,0.0
5715,1341.648,-5.0255,6.6662,-1.1534,67.333,4t4d,-0.118,0.0,0.0
5716,1341.862,-5.0421,6.6249,-1.1525,67.281,4t4d,-0.146,0.0,0.0
5717,1342.072,-5.0526,6.6015,-1.1518,67.285,4t4d,-0.163,0.0,0.0
5718,1342.284,-5.0632,6.5734,-1.1519,67.283,4t4d,-0.155,0.0,0.0
5719,1342.498,-5.079,6.5327,-1.1512,67.311,4t4d,-0.141,0.0,0.0
5720,1342.714,-5.0844,6.5196,-1.1508,67.277,4t4d,-0.156,0.0,0.0
5721,1342.926,-5.0999,6.4803,-1.1504,67.265,4t4d,-0.15,0.0,0.0
5722,1343.151,-5.1054,6.4665,-1.1506,67.384,4t4d,-0.148,0.0,0.0
5723,1343.364,-5.1219,6.4243,-1.1498,67.335,4t4d,-0.149,0.0,0.0
5724,1343.582,-5.1316,6.399,-1.15,67.383,4t4d,-0.137,0.0,0.0
5725,1343.793,-5.1489,6.3548,-1.1497,67.412,4t4d,-0.138,0.0,0.0
5726,1344.002,-5.1544,6.3407,-1.1495,67.421,4t4d,-0.149,0.0,0.0
5727,1344.215,-5.1698,6.3022,-1.1493,67.413,4t4d,-0.15,0.0,0.0
5728,1344.426,-5.1796,6.2781,-1.1491,67.427,4t4d,-0.161,0.0,0.0
5729,1344.652,-5.1897,6.2528,-1.1478,67.406,4t4d,-0.14,0.0,0.0
5730,1344.864,-5.2023,6.2207,-1.1467,67.402,4t4d,-0.14,0.0,0.0
5731,1345.076,-5.2107,6.1995,-1.1458,67.415,4t4d,-0.138,0.0,0.0
5732,1345.294,-5.2189,6.1787,-1.1452,67.408,4t4d,-0.139,0.0,0.0
5733,1345.506,-5.2273,6.1574,-1.145,67.41,4t4d,-0.122,0.0,0.0
5734,1345.722,-5.2358,6.1358,-1.1447,67.437,4t4d,-0.16,0.0,0.0
5735,1345.94,-5.2444,6.1136,-1.1444,67.439,4t4d,-0.118,0.0,0.0
5736,1346.16,-5.2632,6.0656,-1.1446,67.456,4t4d,-0.11,0.0,0.0
5737,1346.378,-5.2755,6.0346,-1.1449,67.529,4t4d,-0.089,0.0,0.0
5738,1346.591,-5.2933,5.9901,-1.1435,67.467,4t4d,-0.108,0.0,0.0
5739,1346.808,-5.3208,5.9189,-1.1426,67.456,4t4d,-0.132,0.0,0.0
5740,1347.019,-5.3416,5.8649,-1.1415,67.407,4t4d,-0.157,0.0,0.0
5741,1347.234,-5.3605,5.8177,-1.1398,67.454,4t4d,-0.203,0.0,0.0
5742,1347.458,-5.3843,5.7562,-1.1399,67.478,4t4d,-0.216,0.0,0.0
5743,1347.68,-5.4045,5.7062,-1.1393,67.589,4t4d,-0.255,0.0,0.0
5744,1347.89,-5.4374,5.619,-1.1385,67.567,4t4d,-0.231,0.0,0.0
5745,1348.102,-5.4596,5.5619,-1.1373,67.573,4t4d,-0.236,0.0,0.0
5746,1348.316,-5.4839,5.5005,-1.1371,67.474,4t4d,-0.309,0.0,0.0
5747,1348.525,-5.5073,5.444,-1.1369,67.497,4t4d,-0.292,0.0,0.0
5748,1348.736,-5.5417,5.3571,-1.136,67.485,4t4d,-0.313,0.0,0.0
5749,1348.959,-5.5529,5.3294,-1.1367,67.502,4t4d,-0.276,0.0,0.0
5750,1349.185,-5.59,5.2341,-1.1355,67.481,4t4d,-0.296,0.0,0.0
5751,1349.396,-5.6251,5.144,-1.134,67.529,4t4d,-0.312,0.0,0.0
5752,1349.616,-5.6364,5.1156,-1.1334,67.604,4t4d,-0.338,0.0,0.0
5753,1349.834,-5.6638,5.0455,-1.1325,67.564,4t4d,-0.298,0.0,0.0
5754,1350.037,-5.6898,4.9778,-1.132,67.617,4t4d,-0.296,0.0,0.0
5755,1350.246,-5.732,4.8692,-1.1289,67.552,4t4d,-0.359,0.0,0.0
5756,1350.456,-5.7574,4.8049,-1.1266,67.686,4t4d,-0.349,0.0,0.0
5757,1350.667,-5.7807,4.7463,-1.1261,67.833,4t4d,-0.314,0.0,0.0
5758,1350.877,-5.8093,4.6732,-1.1249,67.707,4t4d,-0.375,0.0,0.0
5759,1351.096,-5.8353,4.6073,-1.124,67.641,4t4d,-0.38,0.0,0.0
5760,1351.328,-5.8727,4.5134,-1.1231,67.579,4t4d,-0.402,0.0,0.0
5761,1351.538,-5.8986,4.4475,-1.1221,67.612,4t4d,-0.364,0.0,0.0
5762,1351.751,-5.9258,4.3772,-1.121,67.618,4t4d,-0.352,0.0,0.0
5763,1351.966,-5.9609,4.2885,-1.1188,67.688,4t4d,-0.358,0.0,0.0
5764,1352.181,-5.9851,4.2246,-1.1184,67.633,4t4d,-0.347,0.0,0.0
5765,1352.398,-5.9956,4.1984,-1.1173,67.693,4t4d,-0.364,0.0,0.0
5766,1352.608,-6.0332,4.1022,-1.1138,67.743,4t4d,-0.377,0.0,0.0
5767,1352.814,-6.0588,4.0364,-1.1113,67.744,4t4d,-0.364,0.0,0.0
5768,1353.025,-6.0803,3.982,-1.111,68.021,4t4d,-0.352,0.0,0.0
5769,1353.234,-6.1215,3.8765,-1.1039,67.68,4t4d,-0.333,0.0,0.0
5770,1353.443,-6.1345,3.8432,-1.1016,67.645,4t4d,-0.327,0.0,0.0
5771,1353.666,-6.1597,3.7793,-1.0935,67.485,4t4d,-0.349,0.0,0.0
5772,1353.873,-6.2049,3.6647,-1.0802,67.522,4t4d,-0.324,0.0,0.0
5773,1354.083,-6.2154,3.6398,-1.0785,67.552,4t4d,-0.297,0.0,0.0
5774,1354.299,-6.2403,3.5726,-1.0724,67.709,4t4d,-0.314,0.0,0.0
5775,1354.516,-6.2732,3.486,-1.0632,68.219,4t4d,-0.341,0.0,0.0
5776,1354.724,-6.2825,3.4621,-1.0584,68.356,4t4d,-0.371,0.0,0.0
5777,1354.932,-6.3145,3.3718,-1.0489,68.4,4t4d,-0.367,0.0,0.0
5778,1355.148,-6.3356,3.3174,-1.0443,68.439,4t4d,-0.328,0.0,0.0
5779,1355.364,-6.3524,3.2649,-1.0458,68.611,4t4d,-0.323,0.0,0.0
5780,1355.585,-6.3733,3.2186,-1.0431,68.519,4t4d,-0.318,0.0,0.0
5781,1355.796,-6.4044,3.1355,-1.037,68.326,4t4d,-0.286,0.0,0.0
5782,1356.009,-6.4221,3.0905,-1.0307,68.152,4t4d,-0.339,0.0,0.0
5783,1356.219,-6.4416,3.0397,-1.0291,68.217,4t4d,-0.348,0.0,0.0
5784,1356.436,-6.4659,2.9798,-1.0406,68.537,4t4d,-0.345,0.0,0.0
5785,1356.646,-6.4825,2.9351,-1.0412,67.815,4t4d,-0.284,0.0,0.0
5786,1356.852,-6.4918,2.9129,-1.0404,68.055,4t4d,-0.345,0.0,0.0
5787,1357.088,-6.5085,2.8699,-1.0412,67.981,4t4d,-0.31,0.0,0.0
5788,1357.3,-6.5422,2.781,-1.0415,68.18,4t4d,-0.29,0.0,0.0
5789,1357.517,-6.5611,2.7312,-1.0409,68.239,4t4d,-0.29,0.0,0.0
5790,1357.724,-6.5801,2.6819,-1.0408,68.268,4t4d,-0.132,0.0,0.0
5791,1357.934,-6.5932,2.6482,-1.04,68.388,4t4d,-0.25,0.0,0.0
5792,1358.145,-6.5936,2.6472,-1.04,68.319,4t4d,-0.241,0.0,0.0
5793,1358.355,-6.5882,2.6618,-1.0402,68.283,4t4d,-0.278,0.0,0.0
5794,1358.573,-6.5884,2.6616,-1.0401,68.284,4t4d,-0.246,0.0,0.0
5795,1358.826,-6.5886,2.6614,-1.0398,68.286,4t4d,-0.263,0.0,0.0
5796,1359.035,-6.589,2.6614,-1.04,68.234,4t4d,-0.217,0.0,0.0
5797,1359.245,-6.5897,2.6622,-1.0403,68.074,4t4d,0.0,0.0,0.0
5798,1359.458,-6.5916,2.6643,-1.0406,67.805,4t4d,0.032,0.0,0.0
5799,1359.67,-6.5916,2.6643,-1.0406,67.795,crab,0.0059,-0.0997,0.805
5800,1359.903,-6.5727,2.6578,-1.0397,67.956,crab,0.0,-0.2462,0.343
5801,1360.121,-6.526,2.6418,-1.0379,68.024,crab,0.0,-0.6298,0.122
5802,1360.338,-6.4071,2.5998,-1.034,68.049,crab,0.0,-0.2548,-0.063
5803,1360.549,-6.3585,2.5843,-1.0329,68.036,crab,0.0,-0.7287,0.958
5804,1360.769,-6.2211,2.5353,-1.0284,68.228,crab,0.0,-0.5013,0.187
5805,1360.991,-6.1278,2.4985,-1.0256,68.265,crab,0.0,-0.4879,0.444
5806,1361.209,-6.0362,2.4648,-1.0228,68.354,crab,0.0,-0.7282,1.378
5807,1361.425,-5.8998,2.4136,-1.0184,68.63,crab,0.0,-0.5,1.222
5808,1361.637,-5.8057,2.3796,-1.0167,68.874,crab,0.0,-0.4907,0.564
5809,1361.847,-5.7136,2.3457,-1.0153,68.987,crab,0.0,-0.4858,-0.264
5810,1362.058,-5.6224,2.3123,-1.0133,68.934,crab,0.0,-0.498,1.267
5811,1362.268,-5.5283,2.2794,-1.012,69.187,crab,0.0,-0.7334,1.071
5812,1362.486,-5.3907,2.2287,-1.0096,69.402,crab,0.0,-0.4953,0.731
5813,1362.715,-5.2979,2.1941,-1.0089,69.548,crab,0.0,-0.2452,0.678
5814,1362.927,-5.2512,2.179,-1.0084,69.683,crab,0.0,-0.7533,0.978
5815,1363.143,-5.1087,2.1298,-1.0079,69.879,crab,0.0,-0.4833,0.419
5816,1363.352,-5.0169,2.0994,-1.009,69.963,crab,0.0,-0.7282,0.363
5817,1363.566,-4.8787,2.0532,-1.0095,70.035,crab,0.0,-0.4829,0.192
5818,1363.779,-4.7872,2.0222,-1.0094,70.074,crab,0.0,-0.4793,0.43
5819,1363.996,-4.6955,1.9938,-1.0092,70.16,crab,0.0,-0.4867,0.619
5820,1364.21,-4.6034,1.9623,-1.009,70.283,crab,0.0,-0.4865,0.299
5821,1364.423,-4.5114,1.9307,-1.0084,70.343,crab,0.0,-0.4768,0.711
5822,1364.632,-4.4199,1.9033,-1.0091,70.485,crab,0.0,-0.7357,0.76
5823,1364.844,-4.2803,1.8567,-1.0085,70.637,crab,0.0,-0.2466,0.265
5824,1365.065,-4.234,1.8398,-1.0084,70.69,crab,0.0,-0.7157,-0.195
5825,1365.277,-4.0973,1.7971,-1.0079,70.651,crab,0.0,-0.7325,0.28
5826,1365.487,-3.9578,1.7521,-1.0068,70.707,crab,0.0,-0.4843,0.744
5827,1365.708,-3.865,1.7242,-1.0063,70.856,crab,0.0,-0.2442,0.398
5828,1365.92,-3.8186,1.7087,-1.0065,70.936,crab,0.0,-0.7297,1.385
5829,1366.135,-3.6798,1.6636,-1.0054,71.213,crab,0.0,-0.2476,0.371
5830,1366.349,-3.6326,1.6487,-1.0057,71.287,crab,0.0,-0.7238,1.261
5831,1366.56,-3.494,1.6064,-1.0072,71.539,crab,0.0,-0.4951,0.664
5832,1366.773,-3.3996,1.5767,-1.008,71.672,crab,0.0,-0.7299,0.624
5833,1366.985,-3.26,1.5338,-1.0102,71.797,crab,0.0,-0.2463,0.23
5834,1367.213,-3.2127,1.52,-1.0108,71.843,crab,0.0,-0.7297,0.12
5835,1367.433,-3.0733,1.4768,-1.0113,71.867,crab,0.0,-0.4863,0.441
5836,1367.642,-2.9799,1.4494,-1.0109,71.955,crab,0.0,-0.736,0.511
5837,1367.853,-2.8384,1.4085,-1.0091,72.057,crab,0.0,-0.2419,0.003
5838,1368.064,-2.7927,1.3926,-1.0091,72.058,crab,0.0,-0.4824,0.15
5839,1368.287,-2.7003,1.3647,-1.0086,72.088,crab,0.0,-0.7356,0.939
5840,1368.499,-2.5594,1.3224,-1.0071,72.276,crab,0.0,-0.4922,0.75
5841,1368.717,-2.4652,1.2936,-1.0069,72.426,crab,0.0,-0.7236,1.228
5842,1368.931,-2.3262,1.2533,-1.0064,72.671,crab,0.0,-0.2406,0.237
5843,1369.143,-2.2801,1.2394,-1.0063,72.719,crab,0.0,-0.728,0.321
5844,1369.354,-2.1406,1.1977,-1.0062,72.783,crab,0.0,-0.4693,0.386
5845,1369.562,-2.0498,1.1737,-1.0061,72.86,crab,0.0,-0.4963,0.231
5846,1369.771,-1.9544,1.146,-1.0057,72.906,crab,0.0,-0.4795,0.205
5847,1369.98,-1.8623,1.1192,-1.0053,72.947,crab,0.0,-0.4799,0.494
5848,1370.193,-1.7699,1.0933,-1.0046,73.046,crab,0.0,-0.7077,1.586
5849,1370.418,-1.6332,1.0562,-1.0036,73.363,crab,0.0,-0.6918,1.127
5850,1370.642,-1.5003,1.018,-1.0028,73.589,crab,0.0,-0.2261,0.317
5851,1370.851,-1.4563,1.0071,-1.003,73.652,crab,0.0,-0.5263,-0.94
5852,1371.064,-1.3589,0.9653,-1.002,73.464,crab,-0.002,-0.482,0.0
5853,1371.276,-1.3298,0.9233,-1.0011,73.322,crab,-0.002,-0.493,0.0
5854,1371.487,-1.3308,0.8713,-1.0006,73.323,crab,-0.002,-0.488,0.0
5855,1371.698,-1.3435,0.8215,-1.0009,73.324,crab,-0.002,-0.483,0.0
5856,1371.921,-1.3578,0.7693,-1.0004,73.32,crab,-0.002,-0.47,0.0
5857,1372.142,-1.3838,0.6737,-1.0,73.3,crab,-0.035,-0.374,0.0
5858,1372.354,-1.4037,0.6042,-0.9992,73.26,crab,-0.134,-0.218,0.0
5859,1372.565,-1.4213,0.5418,-0.9984,73.248,crab,-0.268,-0.082,0.0
5860,1372.778,-1.4348,0.4918,-0.9981,73.24,crab,-0.269,-0.001,0.0
5861,1372.995,-1.4316,0.4526,-0.9977,73.151,crab,0.0,-0.3084,0.313
5862,1373.206,-1.3802,0.4095,-0.9963,73.214,crab,0.0,-0.1246,0.199
5863,1373.428,-1.3563,0.4023,-0.9961,73.254,crab,0.0,-0.4455,0.556
5864,1373.635,-1.2706,0.378,-0.9965,73.365,crab,0.0,-0.4218,0.145
5865,1373.846,-1.1895,0.3548,-0.9959,73.394,crab,0.0,-0.4815,0.398
5866,1374.056,-1.097,0.328,-0.9949,73.473,crab,0.0,-0.4728,0.372
5867,1374.269,-1.0062,0.3015,-0.9952,73.548,crab,0.0,-0.7279,0.523
5868,1374.483,-0.8661,0.2619,-0.9944,73.652,crab,0.0,-0.4871,0.05
5869,1374.691,-0.7724,0.2352,-0.9937,73.662,crab,0.0,-0.4832,0.575
5870,1374.901,-0.679,0.2103,-0.9928,73.777,crab,0.0,-0.2405,0.163
5871,1375.113,-0.6326,0.1977,-0.9929,73.81,crab,0.0,-0.9786,0.862
5872,1375.335,-0.4435,0.147,-0.9924,73.982,crab,0.0,-0.4673,0.234
5873,1375.545,-0.3532,0.1227,-0.9915,74.029,crab,0.0,-0.484,0.455
5874,1375.753,-0.2591,0.0998,-0.9902,74.12,crab,0.0,-0.2396,-0.156
5875,1375.966,-0.214,0.0834,-0.9897,74.089,crab,0.0,-0.456,0.771
5876,1376.182,-0.1251,0.0624,-0.9893,74.243,crab,0.0,-0.6816,0.317
5877,1376.395,0.0057,0.0242,-0.9898,74.306,crab,0.0,-0.1591,2.164
5878,1376.62,0.0361,0.0146,-0.99,74.739,crab,-0.003,-0.495,0.0
5879,1376.837,0.0339,0.0193,-0.9902,74.565,crab,-0.002,-0.489,0.0
5880,1377.057,0.0344,0.019,-0.9899,74.553,crab,-0.002,-0.487,0.0
5881,1377.269,0.0347,0.019,-0.9898,74.552,crab,-0.002,-0.478,0.0
5882,1377.477,0.0346,0.0189,-0.9898,74.554,crab,-0.004,-0.469,0.0
5883,1377.695,0.0349,0.0184,-0.9902,74.555,crab,-0.05,-0.161,0.0
5884,1377.906,0.035,0.0185,-0.9902,74.554,disable,0.0,0.0,0.0
5885,1378.13,0.0348,0.0184,-0.99,74.554,disable,0.0,0.0,0.0
5886,1378.341,0.0352,0.0181,-0.9899,74.554,disable,0.0,0.0,0.0
5887,1378.55,0.0352,0.0183,-0.9899,74.552,disable,0.0,0.0,0.0
5888,1378.76,0.0352,0.0183,-0.9902,74.552,disable,0.0,0.0,0.0
5889,1378.969,0.0353,0.0183,-0.9901,74.551,disable,0.0,0.0,0.0
5890,1379.185,0.0352,0.0182,-0.9901,74.552,disable,0.0,0.0,0.0
5891,1379.397,0.0352,0.0183,-0.9901,74.553,disable,0.0,0.0,0.0
5892,1379.618,0.0353,0.0182,-0.99,74.551,disable,0.0,0.0,0.0
5893,1379.84,0.0354,0.0179,-0.9902,74.551,disable,0.0,0.0,0.0
5894,1380.052,0.0355,0.018,-0.9902,74.549,disable,0.0,0.0,0.0
5895,1380.266,0.0353,0.018,-0.9902,74.549,disable,0.0,0.0,0.0
5896,1380.477,0.0352,0.0181,-0.9901,74.549,disable,0.0,0.0,0.0
5897,1380.692,0.0352,0.0181,-0.9901,74.549,disable,0.0,0.0,0.0
5898,1380.907,0.0349,0.018,-0.9902,74.547,disable,0.0,0.0,0.0
5899,1381.121,0.035,0.0178,-0.9902,74.545,disable,0.0,0.0,0.0
5900,1381.334,0.0353,0.0177,-0.9903,74.547,disable,0.0,0.0,0.0
5901,1381.547,0.0351,0.0178,-0.9903,74.547,disable,0.0,0.0,0.0
5902,1381.755,0.0349,0.0179,-0.9904,74.545,disable,0.0,0.0,0.0
